/*
 Navicat Premium Data Transfer

 Source Server         : mysql-local
 Source Server Type    : MySQL
 Source Server Version : 100419
 Source Host           : localhost:3306
 Source Schema         : newspapers

 Target Server Type    : MySQL
 Target Server Version : 100419
 File Encoding         : 65001

 Date: 18/08/2021 12:24:53
*/

SET NAMES utf8mb4;
SET FOREIGN_KEY_CHECKS = 0;

-- ----------------------------
-- Table structure for abc
-- ----------------------------
DROP TABLE IF EXISTS `abc`;
CREATE TABLE `abc`  (
  `danhmuc` longtext CHARACTER SET utf8mb4 COLLATE utf8mb4_bin NULL,
  `id` int NOT NULL,
  PRIMARY KEY (`id`) USING BTREE
) ENGINE = InnoDB CHARACTER SET = utf8 COLLATE = utf8_general_ci ROW_FORMAT = DYNAMIC;

-- ----------------------------
-- Records of abc
-- ----------------------------

-- ----------------------------
-- Table structure for categories
-- ----------------------------
DROP TABLE IF EXISTS `categories`;
CREATE TABLE `categories`  (
  `CatID` int UNSIGNED NOT NULL AUTO_INCREMENT,
  `CatName` varchar(50) CHARACTER SET utf8 COLLATE utf8_unicode_ci NOT NULL,
  PRIMARY KEY (`CatID`) USING BTREE
) ENGINE = MyISAM AUTO_INCREMENT = 25 CHARACTER SET = utf8 COLLATE = utf8_unicode_ci ROW_FORMAT = DYNAMIC;

-- ----------------------------
-- Records of categories
-- ----------------------------
INSERT INTO `categories` VALUES (1, 'Sách');
INSERT INTO `categories` VALUES (2, 'Điện thoại');
INSERT INTO `categories` VALUES (3, 'Máy chụp hình');
INSERT INTO `categories` VALUES (4, 'Quần áo - Giày dép');
INSERT INTO `categories` VALUES (5, 'Máy tính');
INSERT INTO `categories` VALUES (6, 'Đồ trang sức');
INSERT INTO `categories` VALUES (7, 'Khác');
INSERT INTO `categories` VALUES (24, 'Ti vi');

-- ----------------------------
-- Table structure for categorieslv1
-- ----------------------------
DROP TABLE IF EXISTS `categorieslv1`;
CREATE TABLE `categorieslv1`  (
  `CatIDLv1` int NOT NULL,
  `CatNameLv1` varchar(255) CHARACTER SET utf8 COLLATE utf8_general_ci NULL DEFAULT NULL,
  PRIMARY KEY (`CatIDLv1`) USING BTREE
) ENGINE = InnoDB CHARACTER SET = utf8 COLLATE = utf8_general_ci ROW_FORMAT = DYNAMIC;

-- ----------------------------
-- Records of categorieslv1
-- ----------------------------
INSERT INTO `categorieslv1` VALUES (1, 'Thời sự');
INSERT INTO `categorieslv1` VALUES (2, 'Góc nhìn');
INSERT INTO `categorieslv1` VALUES (3, 'Thế giới');
INSERT INTO `categorieslv1` VALUES (4, 'Kinh doanh');
INSERT INTO `categorieslv1` VALUES (5, 'Khoa học');
INSERT INTO `categorieslv1` VALUES (6, 'Thể thao');
INSERT INTO `categorieslv1` VALUES (7, 'Giải trí');

-- ----------------------------
-- Table structure for categorieslv2
-- ----------------------------
DROP TABLE IF EXISTS `categorieslv2`;
CREATE TABLE `categorieslv2`  (
  `CatIDLv1` int NOT NULL,
  `CatIDLv2` varchar(255) CHARACTER SET utf8 COLLATE utf8_general_ci NOT NULL,
  `CatNameLv2` varchar(255) CHARACTER SET utf8 COLLATE utf8_general_ci NULL DEFAULT NULL,
  PRIMARY KEY (`CatIDLv1`, `CatIDLv2`) USING BTREE
) ENGINE = InnoDB CHARACTER SET = utf8 COLLATE = utf8_general_ci ROW_FORMAT = DYNAMIC;

-- ----------------------------
-- Records of categorieslv2
-- ----------------------------
INSERT INTO `categorieslv2` VALUES (1, '1', 'Chính trị');
INSERT INTO `categorieslv2` VALUES (1, '2', 'Giao thông');
INSERT INTO `categorieslv2` VALUES (1, '3', 'Dân sinh');
INSERT INTO `categorieslv2` VALUES (2, '1', 'Covid-19');
INSERT INTO `categorieslv2` VALUES (2, '2', 'Chính trị & chính sách');
INSERT INTO `categorieslv2` VALUES (2, '3', 'Y tế & sức khỏe');
INSERT INTO `categorieslv2` VALUES (2, '4', 'Kinh doanh & quản trị');
INSERT INTO `categorieslv2` VALUES (2, '5', 'Giáo dục & tri thức');
INSERT INTO `categorieslv2` VALUES (2, '6', 'Văn hóa & lối sống');
INSERT INTO `categorieslv2` VALUES (3, '1', 'Tư liệu');
INSERT INTO `categorieslv2` VALUES (3, '2', 'Phân tích');
INSERT INTO `categorieslv2` VALUES (3, '3', 'Quân sự');
INSERT INTO `categorieslv2` VALUES (3, '4', 'Cuộc sống đó đây');
INSERT INTO `categorieslv2` VALUES (4, '1', 'Quốc tế');
INSERT INTO `categorieslv2` VALUES (4, '2', 'Doanh nghiệp');
INSERT INTO `categorieslv2` VALUES (4, '3', 'Chứng khoán');
INSERT INTO `categorieslv2` VALUES (4, '4', 'Bất động sản');
INSERT INTO `categorieslv2` VALUES (4, '5', 'Vĩ mô');
INSERT INTO `categorieslv2` VALUES (5, '1', 'Tin tức');
INSERT INTO `categorieslv2` VALUES (5, '2', 'Phát minh');
INSERT INTO `categorieslv2` VALUES (5, '3', 'Ứng dụng');
INSERT INTO `categorieslv2` VALUES (6, '1', 'Bóng đá');
INSERT INTO `categorieslv2` VALUES (6, '2', 'Tenis');
INSERT INTO `categorieslv2` VALUES (6, '3', 'Bóng bàn');
INSERT INTO `categorieslv2` VALUES (7, '1', 'Giới sao');
INSERT INTO `categorieslv2` VALUES (7, '2', 'Phim');
INSERT INTO `categorieslv2` VALUES (7, '3', 'Showbiz');
INSERT INTO `categorieslv2` VALUES (7, '4', 'Gameshow');

-- ----------------------------
-- Table structure for categorietest
-- ----------------------------
DROP TABLE IF EXISTS `categorietest`;
CREATE TABLE `categorietest`  (
  `iddanhmuc` int NOT NULL,
  `idchuyenmuc` int NOT NULL,
  `tendanhmuc` varchar(255) CHARACTER SET utf8 COLLATE utf8_general_ci NULL DEFAULT NULL,
  `tenchuyenmuc` varchar(255) CHARACTER SET utf8 COLLATE utf8_general_ci NULL DEFAULT NULL,
  PRIMARY KEY (`iddanhmuc`, `idchuyenmuc`) USING BTREE
) ENGINE = InnoDB CHARACTER SET = utf8 COLLATE = utf8_general_ci ROW_FORMAT = DYNAMIC;

-- ----------------------------
-- Records of categorietest
-- ----------------------------
INSERT INTO `categorietest` VALUES (1, 1, 'Sach', 'sachcap1');
INSERT INTO `categorietest` VALUES (1, 2, 'sach', 'sachcap2');
INSERT INTO `categorietest` VALUES (2, 1, 'truyen', 'truyenthieunhi');
INSERT INTO `categorietest` VALUES (2, 2, 'truyen', 'truyentranh');
INSERT INTO `categorietest` VALUES (3, 1, 'aoquan', NULL);
INSERT INTO `categorietest` VALUES (4, 1, 'maytinh', NULL);

-- ----------------------------
-- Table structure for chuyenmuccap1
-- ----------------------------
DROP TABLE IF EXISTS `chuyenmuccap1`;
CREATE TABLE `chuyenmuccap1`  (
  `ID` int NOT NULL,
  `CatNameLv1` varchar(255) CHARACTER SET utf8 COLLATE utf8_general_ci NULL DEFAULT NULL,
  PRIMARY KEY (`ID`) USING BTREE
) ENGINE = InnoDB CHARACTER SET = utf8 COLLATE = utf8_general_ci ROW_FORMAT = DYNAMIC;

-- ----------------------------
-- Records of chuyenmuccap1
-- ----------------------------
INSERT INTO `chuyenmuccap1` VALUES (1, 'Thời sự');
INSERT INTO `chuyenmuccap1` VALUES (2, 'Góc nhìn');
INSERT INTO `chuyenmuccap1` VALUES (3, 'Thế giới');
INSERT INTO `chuyenmuccap1` VALUES (4, 'Kinh doanh');
INSERT INTO `chuyenmuccap1` VALUES (5, 'Khoa học');
INSERT INTO `chuyenmuccap1` VALUES (6, 'Thể thao');

-- ----------------------------
-- Table structure for chuyenmuccap2
-- ----------------------------
DROP TABLE IF EXISTS `chuyenmuccap2`;
CREATE TABLE `chuyenmuccap2`  (
  `ID1` int NOT NULL,
  `ID2` varchar(255) CHARACTER SET utf8 COLLATE utf8_general_ci NOT NULL,
  `CatNameLv2` varchar(255) CHARACTER SET utf8 COLLATE utf8_general_ci NULL DEFAULT NULL,
  PRIMARY KEY (`ID1`, `ID2`) USING BTREE
) ENGINE = InnoDB CHARACTER SET = utf8 COLLATE = utf8_general_ci ROW_FORMAT = DYNAMIC;

-- ----------------------------
-- Records of chuyenmuccap2
-- ----------------------------
INSERT INTO `chuyenmuccap2` VALUES (1, '1', 'Chính trị');
INSERT INTO `chuyenmuccap2` VALUES (1, '2', 'Giao thông');
INSERT INTO `chuyenmuccap2` VALUES (1, '3', 'Dân sinh');
INSERT INTO `chuyenmuccap2` VALUES (2, '1', 'Tư liệu');
INSERT INTO `chuyenmuccap2` VALUES (2, '2', 'Phân tích');
INSERT INTO `chuyenmuccap2` VALUES (2, '3', 'Quân sự');
INSERT INTO `chuyenmuccap2` VALUES (2, '4', 'Cuộc sống đó đây');
INSERT INTO `chuyenmuccap2` VALUES (3, '1', 'Quốc tế');
INSERT INTO `chuyenmuccap2` VALUES (3, '2', 'Doanh nghiệp');
INSERT INTO `chuyenmuccap2` VALUES (3, '3', 'Chứng khoán');
INSERT INTO `chuyenmuccap2` VALUES (3, '4', 'Bất động sản');
INSERT INTO `chuyenmuccap2` VALUES (3, '5', 'Vĩ mô');
INSERT INTO `chuyenmuccap2` VALUES (4, '1', 'Tin tức');
INSERT INTO `chuyenmuccap2` VALUES (4, '2', 'Phát minh');
INSERT INTO `chuyenmuccap2` VALUES (4, '3', 'Ứng dụng');
INSERT INTO `chuyenmuccap2` VALUES (5, '1', 'GIới sao');
INSERT INTO `chuyenmuccap2` VALUES (5, '2', 'Phim');
INSERT INTO `chuyenmuccap2` VALUES (6, '1', 'Bóng đá');
INSERT INTO `chuyenmuccap2` VALUES (6, '2', 'Tenis');
INSERT INTO `chuyenmuccap2` VALUES (6, '3', 'Bóng bàn');
INSERT INTO `chuyenmuccap2` VALUES (7, '1', 'Showbiz');
INSERT INTO `chuyenmuccap2` VALUES (7, '2', 'Gameshow');

-- ----------------------------
-- Table structure for comments
-- ----------------------------
DROP TABLE IF EXISTS `comments`;
CREATE TABLE `comments`  (
  `CmtID` int NOT NULL,
  `PostsID` int NULL DEFAULT NULL,
  `UserID` int NULL DEFAULT NULL,
  `Date` datetime(0) NULL DEFAULT NULL,
  `Content` varchar(255) CHARACTER SET utf8 COLLATE utf8_general_ci NULL DEFAULT NULL,
  PRIMARY KEY (`CmtID`) USING BTREE
) ENGINE = InnoDB CHARACTER SET = utf8 COLLATE = utf8_general_ci ROW_FORMAT = DYNAMIC;

-- ----------------------------
-- Records of comments
-- ----------------------------
INSERT INTO `comments` VALUES (1, 1, 2, '2021-07-01 15:19:26', 'bai viet hay lam');
INSERT INTO `comments` VALUES (2, 1, 4, '2021-07-01 15:19:48', 'tuyet voi');
INSERT INTO `comments` VALUES (3, 1, 1, '0000-00-00 00:00:00', 'abc');
INSERT INTO `comments` VALUES (4, 1, 1, '0000-00-00 00:00:00', 'man');
INSERT INTO `comments` VALUES (5, 1, 1, '0000-00-00 00:00:00', '');
INSERT INTO `comments` VALUES (6, 1, 1, '0000-00-00 00:00:00', '123');
INSERT INTO `comments` VALUES (7, 2, 1, '0000-00-00 00:00:00', 'bai viet qua hay');
INSERT INTO `comments` VALUES (8, 2, 1, '0000-00-00 00:00:00', 'abc');
INSERT INTO `comments` VALUES (9, 2, 1, '0000-00-00 00:00:00', 'asd');
INSERT INTO `comments` VALUES (10, 2, 1, '2021-07-01 00:00:00', 'dang cap\r\n');
INSERT INTO `comments` VALUES (11, 1, 1, '2021-07-01 00:00:00', 'dinh qua');
INSERT INTO `comments` VALUES (12, 11, 1, '2021-07-01 00:00:00', 'hay the nhi');
INSERT INTO `comments` VALUES (13, 7, 1, '2021-07-01 00:00:00', 'hay the nhi');
INSERT INTO `comments` VALUES (14, 7, 1, '2021-07-01 00:00:00', 'asd');
INSERT INTO `comments` VALUES (15, 7, 1, '2021-07-01 00:00:00', 'nasd');
INSERT INTO `comments` VALUES (16, 7, 1, '2021-07-01 00:00:00', '123');
INSERT INTO `comments` VALUES (17, 7, 1, '2021-07-01 00:00:00', 'sdfs');
INSERT INTO `comments` VALUES (18, 10, 1, '2021-07-01 00:00:00', 'wfwfhweofwffe');
INSERT INTO `comments` VALUES (19, 11, 1, '2021-07-01 00:00:00', 'huofwhfe');
INSERT INTO `comments` VALUES (20, 11, 1, '2021-07-01 00:00:00', '1');
INSERT INTO `comments` VALUES (21, 9, 1, '2021-07-01 00:00:00', 'qưdhiq');
INSERT INTO `comments` VALUES (22, 1, 3, '2021-07-01 00:00:00', '1');
INSERT INTO `comments` VALUES (23, 7, 1, '2021-07-05 00:00:00', 'abc');
INSERT INTO `comments` VALUES (24, 7, 1, '2021-07-05 00:00:00', 'ok');
INSERT INTO `comments` VALUES (25, 3, 1, '2021-08-12 00:00:00', 'test');

-- ----------------------------
-- Table structure for editors
-- ----------------------------
DROP TABLE IF EXISTS `editors`;
CREATE TABLE `editors`  (
  `userID` int NOT NULL,
  `CatIDLv1` varchar(255) CHARACTER SET utf8 COLLATE utf8_general_ci NOT NULL,
  `CatIDLv2` varchar(255) CHARACTER SET utf8 COLLATE utf8_general_ci NOT NULL,
  PRIMARY KEY (`userID`, `CatIDLv1`, `CatIDLv2`) USING BTREE
) ENGINE = InnoDB CHARACTER SET = utf8 COLLATE = utf8_general_ci ROW_FORMAT = DYNAMIC;

-- ----------------------------
-- Records of editors
-- ----------------------------
INSERT INTO `editors` VALUES (1, '1', '1');
INSERT INTO `editors` VALUES (6, '1', '1');
INSERT INTO `editors` VALUES (12, '6', '1');

-- ----------------------------
-- Table structure for linkedusers
-- ----------------------------
DROP TABLE IF EXISTS `linkedusers`;
CREATE TABLE `linkedusers`  (
  `uId` char(30) CHARACTER SET utf8mb4 COLLATE utf8mb4_general_ci NOT NULL,
  `userId` int NOT NULL,
  `provider` varchar(30) CHARACTER SET utf8mb4 COLLATE utf8mb4_general_ci NOT NULL,
  PRIMARY KEY (`uId`, `provider`) USING BTREE
) ENGINE = InnoDB CHARACTER SET = utf8mb4 COLLATE = utf8mb4_general_ci ROW_FORMAT = DYNAMIC;

-- ----------------------------
-- Records of linkedusers
-- ----------------------------
INSERT INTO `linkedusers` VALUES ('111967067003602709369', 5, 'google');
INSERT INTO `linkedusers` VALUES ('113633649691543279771', 4, 'google');
INSERT INTO `linkedusers` VALUES ('117662512301572403486', 2, 'google');
INSERT INTO `linkedusers` VALUES ('1441636862837274', 4, 'facebook');
INSERT INTO `linkedusers` VALUES ('2911418309080008', 2, 'facebook');

-- ----------------------------
-- Table structure for orderdetails
-- ----------------------------
DROP TABLE IF EXISTS `orderdetails`;
CREATE TABLE `orderdetails`  (
  `ID` int UNSIGNED NOT NULL AUTO_INCREMENT,
  `OrderID` int NOT NULL,
  `ProID` int NOT NULL,
  `Quantity` int NOT NULL,
  `Price` bigint NOT NULL,
  `Amount` int NOT NULL,
  PRIMARY KEY (`ID`) USING BTREE
) ENGINE = MyISAM AUTO_INCREMENT = 1 CHARACTER SET = utf8 COLLATE = utf8_unicode_ci ROW_FORMAT = FIXED;

-- ----------------------------
-- Records of orderdetails
-- ----------------------------

-- ----------------------------
-- Table structure for orders
-- ----------------------------
DROP TABLE IF EXISTS `orders`;
CREATE TABLE `orders`  (
  `OrderID` int UNSIGNED NOT NULL AUTO_INCREMENT,
  `OrderDate` datetime(0) NOT NULL,
  `UserID` int NOT NULL,
  `Total` bigint NOT NULL,
  PRIMARY KEY (`OrderID`) USING BTREE
) ENGINE = MyISAM AUTO_INCREMENT = 1 CHARACTER SET = utf8 COLLATE = utf8_unicode_ci ROW_FORMAT = FIXED;

-- ----------------------------
-- Records of orders
-- ----------------------------

-- ----------------------------
-- Table structure for posts
-- ----------------------------
DROP TABLE IF EXISTS `posts`;
CREATE TABLE `posts`  (
  `PostID` int NOT NULL AUTO_INCREMENT,
  `CatIDLv1` int NULL DEFAULT NULL,
  `CatIDLv2` int NULL DEFAULT NULL,
  `Author` int NULL DEFAULT NULL,
  `PostName` varchar(255) CHARACTER SET utf8 COLLATE utf8_general_ci NULL DEFAULT NULL,
  `Date` datetime(0) NULL DEFAULT NULL,
  `Avatar` varchar(255) CHARACTER SET utf8 COLLATE utf8_general_ci NULL DEFAULT NULL,
  `TinyContent` varchar(255) CHARACTER SET utf8 COLLATE utf8_general_ci NULL DEFAULT NULL,
  `FullContent` text CHARACTER SET utf8 COLLATE utf8_general_ci NULL,
  `Status` int NULL DEFAULT NULL,
  `Premium` int NULL DEFAULT NULL,
  `Notice` varchar(255) CHARACTER SET utf8 COLLATE utf8_general_ci NULL DEFAULT NULL,
  `Views` int NOT NULL DEFAULT 0,
  PRIMARY KEY (`PostID`) USING BTREE,
  FULLTEXT INDEX `PostName`(`PostName`, `TinyContent`, `FullContent`)
) ENGINE = InnoDB AUTO_INCREMENT = 35 CHARACTER SET = utf8 COLLATE = utf8_general_ci ROW_FORMAT = DYNAMIC;

-- ----------------------------
-- Records of posts
-- ----------------------------
INSERT INTO `posts` VALUES (1, 1, 1, 9, 'TP HCM dự kiến kéo dài giãn cách xã hội', '2021-08-18 11:48:55', NULL, 'TP HCM dự kiến vẫn áp dụng biện pháp giãn cách xã hội theo Chỉ thị 10 sau 0h ngày 29/6, khi số ca mắc Covid-19 đang tăng cao mỗi ngày.', '<p>TP HCM dự kiến vẫn &aacute;p dụng biện ph&aacute;p gi&atilde;n c&aacute;ch x&atilde; hội theo Chỉ thị 10 sau 0h ng&agrave;y 29/6, khi số ca mắc Covid-19 đang tăng cao mỗi ng&agrave;y.</p>\r\n<article class=\"fck_detail \">\r\n<p class=\"Normal\">Theo thống k&ecirc; của Bộ Y tế, h&ocirc;m 28/6, TP HCM ghi nhận 218 ca nhiễm Covid-19. Đ&acirc;y l&agrave; ng&agrave;y th&agrave;nh phố ghi nhận số ca nhiễm cao thứ hai, từ khi dịch bệnh xuất hiện c&aacute;ch đ&acirc;y một năm rưỡi. Số ca t&iacute;nh theo ng&agrave;y đạt kỷ lục l&agrave; 724 v&agrave;o 25/6. Từ khi đợt dịch thứ tư b&ugrave;ng ph&aacute;t cuối th&aacute;ng 4, TP HCM ghi nhận 3.463 ca, cao thứ hai ca nước, sau tỉnh Bắc Giang (5.663).</p>\r\n<p class=\"Normal\">Theo Trung t&acirc;m Kiểm so&aacute;t Bệnh tật TP HCM (HCDC), trong 218 trường hợp nhiễm mới c&oacute; 204 ca tiếp x&uacute;c với bệnh nh&acirc;n&nbsp;<a href=\"https://vnexpress.net/covid-19/tin-tuc\" rel=\"dofollow\">Covid-19</a>&nbsp;trước đ&oacute; n&ecirc;n được c&aacute;ch ly hoặc nằm trong khu vực phong tỏa; 11 trường hợp đang điều tra dịch tễ tại quận 4, 5, 10, T&acirc;n B&igrave;nh, B&igrave;nh Ch&aacute;nh, H&oacute;c M&ocirc;n; một trường hợp phơi nhiễm nghề nghiệp; hai ca trong thời gian theo d&otilde;i sau c&aacute;ch ly tập trung.</p>\r\n<p class=\"Normal\">Hơn nửa th&aacute;ng qua, mỗi ng&agrave;y th&agrave;nh phố đều ph&aacute;t hiện nhiều trường hợp nhiễm mới th&ocirc;ng qua s&agrave;ng lọc kh&ocirc;ng r&otilde; nguồn l&acirc;y. \"Điều n&agrave;y cho thấy mầm bệnh vẫn đang &acirc;m thầm l&acirc;y lan trong cộng đồng\", theo đại diện HCDC.</p>\r\n<figure class=\"tplCaption action_thumb_added\" data-size=\"true\">\r\n<div class=\"fig-picture\"><picture><source srcset=\"https://i1-vnexpress.vnecdn.net/2021/06/28/NVQ-7116-5247-1624895401.jpg?w=680&amp;h=0&amp;q=100&amp;dpr=1&amp;fit=crop&amp;s=vBj3fco0eay0AYTKVpK74Q 1x, https://i1-vnexpress.vnecdn.net/2021/06/28/NVQ-7116-5247-1624895401.jpg?w=1020&amp;h=0&amp;q=100&amp;dpr=1&amp;fit=crop&amp;s=bo54GnLTw_8VBxzzCEG5jw 1.5x, https://i1-vnexpress.vnecdn.net/2021/06/28/NVQ-7116-5247-1624895401.jpg?w=680&amp;h=0&amp;q=100&amp;dpr=2&amp;fit=crop&amp;s=F29Rdfs4mU5TXxHPohjPQA 2x\" data-srcset=\"https://i1-vnexpress.vnecdn.net/2021/06/28/NVQ-7116-5247-1624895401.jpg?w=680&amp;h=0&amp;q=100&amp;dpr=1&amp;fit=crop&amp;s=vBj3fco0eay0AYTKVpK74Q 1x, https://i1-vnexpress.vnecdn.net/2021/06/28/NVQ-7116-5247-1624895401.jpg?w=1020&amp;h=0&amp;q=100&amp;dpr=1&amp;fit=crop&amp;s=bo54GnLTw_8VBxzzCEG5jw 1.5x, https://i1-vnexpress.vnecdn.net/2021/06/28/NVQ-7116-5247-1624895401.jpg?w=680&amp;h=0&amp;q=100&amp;dpr=2&amp;fit=crop&amp;s=F29Rdfs4mU5TXxHPohjPQA 2x\" /><img class=\"lazy lazied\" src=\"https://i1-vnexpress.vnecdn.net/2021/06/28/NVQ-7116-5247-1624895401.jpg?w=680&amp;h=0&amp;q=100&amp;dpr=1&amp;fit=crop&amp;s=vBj3fco0eay0AYTKVpK74Q\" alt=\"Người d&acirc;n đi chợ bằng thẻ tại chợ B&igrave;nh Thới (quận 11) để chống dịch Covid-19, ng&agrave;y 26/6/2021. Ảnh: Quỳnh Trần\" width=\"100%\" height=\"auto\" loading=\"lazy\" data-src=\"https://i1-vnexpress.vnecdn.net/2021/06/28/NVQ-7116-5247-1624895401.jpg?w=680&amp;h=0&amp;q=100&amp;dpr=1&amp;fit=crop&amp;s=vBj3fco0eay0AYTKVpK74Q\" data-ll-status=\"loaded\" /></picture></div>\r\n<figcaption>\r\n<p class=\"Image\">Người d&acirc;n đi chợ bằng thẻ tại chợ B&igrave;nh Thới (quận 11) để chống Covid-19, ng&agrave;y 26/6/2021. Ảnh:&nbsp;<em>Quỳnh Trần</em></p>\r\n</figcaption>\r\n</figure>\r\n<p class=\"Normal\"><strong>Trước t&igrave;nh h&igrave;nh n&agrave;y, TP HCM dự kiến&nbsp;</strong><strong>vẫn &aacute;p dụng biện ph&aacute;p gi&atilde;n c&aacute;ch x&atilde; hội của Chỉ thị 10 sau 0h ng&agrave;y 29/6</strong>, theo Ph&oacute; chủ tịch UBND th&agrave;nh phố Dương Anh Đức.</p>\r\n<p class=\"Normal\">\"Chỉ thị 10 kh&ocirc;ng c&oacute; thời gian kết th&uacute;c n&ecirc;n th&agrave;nh phố vẫn &aacute;p dụng để siết chặt c&aacute;c biện ph&aacute;p ph&ograve;ng chống dịch\", &ocirc;ng Đức n&oacute;i.</p>\r\n<p class=\"Normal\">TP HCM gi&atilde;n c&aacute;ch x&atilde; hội theo chỉ thị 15 từ ng&agrave;y 31/5. Từ 20/6, th&agrave;nh phố gi&atilde;n c&aacute;ch x&atilde; hội theo&nbsp;<a href=\"https://vnexpress.net/tp-hcm-nang-cap-do-chong-dich-4296818.html\" rel=\"dofollow\">Chỉ thị 10</a>&nbsp;(của UBND th&agrave;nh phố), trong đ&oacute; c&oacute; một số biện ph&aacute;p ph&ograve;ng chống dịch tương tự nội dung&nbsp;<a href=\"https://vnexpress.net/tp-hcm-ha-noi-cach-ly-xa-hoi-den-22-4-4085194.html\" rel=\"dofollow\">Chỉ thị 16</a>.</p>\r\n<p class=\"Normal\">Cụ thể, c&aacute;c dịch vụ kinh doanh kh&ocirc;ng thiết yếu, c&aacute;c chợ tự ph&aacute;t phải dừng hoạt động. Người d&acirc;n kh&ocirc;ng tụ tập tr&ecirc;n 3 người tại nơi c&ocirc;ng cộng, ngo&agrave;i phạm vi c&ocirc;ng sở, trường học, bệnh viện v&agrave; tu&acirc;n thủ quy tắc 5K của Bộ Y tế.</p>\r\n<p class=\"Normal\">Ngo&agrave;i ra, TP HCM y&ecirc;u cầu mọi người giữ khoảng c&aacute;ch tối thiểu 1,5 m tại c&aacute;c địa điểm c&ocirc;ng cộng; tăng cường xử l&yacute; người vi phạm c&ocirc;ng t&aacute;c ph&ograve;ng, chống Covid-19.</p>\r\n<p class=\"Normal\">C&aacute;c cơ sở, đơn vị nh&agrave; nước đảm bảo đ&uacute;ng quy định về gi&atilde;n c&aacute;ch trong quy tr&igrave;nh l&agrave;m việc. Doanh nghiệp hạn chế tối đa l&agrave;m việc trực tiếp m&agrave; chuyển sang l&agrave;m trực tuyến, nh&acirc;n vi&ecirc;n chỉ đến trụ sở khi cần thiết.</p>\r\n<p class=\"Normal\">C&aacute;c đơn vị dừng c&aacute;c hội họp kh&ocirc;ng cần thiết, chỉ tổ chức cuộc họp thực sự quan trọng, tập trung kh&ocirc;ng qu&aacute; 10 người trong một ph&ograve;ng, được ch&iacute;nh quyền địa phương cho ph&eacute;p.</p>\r\n<p class=\"Normal\"><strong>TP HCM đ&atilde; chia c&aacute;c quận huyện th&agrave;nh 3 nh&oacute;m nguy cơ</strong>&nbsp;để đưa ra giải ph&aacute;p ph&ograve;ng dịch. Trong đ&oacute;, nh&oacute;m nguy cơ rất cao, gồm c&aacute;c quận: B&igrave;nh T&acirc;n, H&oacute;c M&ocirc;n, B&igrave;nh Ch&aacute;nh, quận 8, T&acirc;n Ph&uacute; v&agrave; một phần của TP Thủ Đức (quận Thủ Đức cũ). Đ&acirc;y l&agrave; những khu vực ghi nhận số ca nhiễm cao v&agrave; tăng nhanh, trong đ&oacute; xếp đầu l&agrave; quận B&igrave;nh T&acirc;n ph&aacute;t hiện 536 ca, quận 8 l&agrave; 245 ca, huyện H&oacute;c M&ocirc;n 236 ca... Những địa b&agrave;n cũng xuất hiện nhiều ổ dịch tốc độ l&acirc;y nhiễm cao, chưa r&otilde; nguồn.</p>\r\n<p class=\"Normal\">Nơi c&oacute; nguy cơ cao l&agrave; c&aacute;c quận G&ograve; Vấp, Củ Chi, quận 1, B&igrave;nh Thạnh, T&acirc;n B&igrave;nh, 5, 4, 12 v&agrave; một phần của TP Thủ Đức (quận 2 v&agrave; quận 9 cũ). Trong đ&oacute; quận G&ograve; Vấp ghi nhận 176 ca nhiễm, cũng l&agrave; nơi xuất hiện ổ dịch li&ecirc;n quan điểm nh&oacute;m&nbsp;<a href=\"https://vnexpress.net/6-nhanh-lay-nhiem-lon-tu-hoi-thanh-truyen-giao-phuc-hung-4287925.html\" rel=\"dofollow\">Hội th&aacute;nh</a>&nbsp;truyền gi&aacute;o Phục hưng ở phường 3.</p>\r\n<p class=\"Normal\">C&aacute;c quận huyện c&oacute; nguy cơ gồm quận 10, 11, 7, Ph&uacute; Nhuận v&agrave; huyện Cần Giờ. Đ&acirc;y l&agrave; địa b&agrave;n ghi nhận &iacute;t ca nhiễm, cao nhất quận 7 ph&aacute;t hiện 42 ca, thấp nhất huyện Cần Giờ mới 2 ca.</p>\r\n<p class=\"Normal\">Đ&aacute;nh gi&aacute; về t&igrave;nh h&igrave;nh dịch tr&ecirc;n địa b&agrave;n, &ocirc;ng Nguyễn Th&agrave;nh Phong, Chủ tịch UBND th&agrave;nh phố, n&oacute;i h&ocirc;m nay l&agrave; ng&agrave;y thứ 12 li&ecirc;n tiếp TP HCM ghi nhận số ca nhiễm l&ecirc;n đến 3 con số mỗi ng&agrave;y. Th&agrave;nh phố đ&atilde; triển khai nhiều c&aacute;c biện ph&aacute;p ph&ograve;ng chống dịch, thậm ch&iacute; &aacute;p dụng một số biện ph&aacute;p cao hơn Chỉ thị 16 của Thủ tướng.</p>\r\n<p class=\"Normal\">\"Tuy nhi&ecirc;n số ca nhiễm h&agrave;ng ng&agrave;y c&ograve;n cao, chưa c&oacute; dấu hiệu thuy&ecirc;n giảm\", &ocirc;ng Phong n&oacute;i v&agrave; y&ecirc;u cầu th&agrave;nh phố cần phải thực hiện nghi&ecirc;m&nbsp;<a href=\"https://vnexpress.net/tp-hcm-nang-cap-do-chong-dich-4296818.html\" rel=\"dofollow\">Chỉ thị 10</a>. Người d&acirc;n cần n&acirc;ng cao &yacute; thức chủ động ph&ograve;ng chống dịch hết sức nghi&ecirc;m t&uacute;c.</p>\r\n</article>\r\n<p>&gt;</p>', 1, 0, 'Bài viết cần đầu tư hơn!', 15);
INSERT INTO `posts` VALUES (2, 1, 1, 9, 'Việt Nam - Lào ký Thỏa thuận Chiến lược hợp tác 2021-2030', '2021-08-18 11:47:26', NULL, 'Thỏa thuận Chiến lược hợp tác Việt Nam - Lào 2021-2030 được ký kết với sự chứng kiến của Tổng bí thư Nguyễn Phú Trọng và Tổng bí thư, Chủ tịch nước Lào Thongloun Sisoulith. ', '<p>Thỏa thuận Chiến lược hợp t&aacute;c Việt Nam - L&agrave;o 2021-2030 được k&yacute; kết với sự chứng kiến của Tổng b&iacute; thư Nguyễn Ph&uacute; Trọng v&agrave; Tổng b&iacute; thư, Chủ tịch nước L&agrave;o Thongloun Sisoulith.</p>\r\n<article class=\"fck_detail \">\r\n<p class=\"Normal\">S&aacute;ng 28/6, Tổng b&iacute; thư, Chủ tịch nước L&agrave;o Thongloun Sisoulith v&agrave; phu nh&acirc;n đến H&agrave; Nội, bắt đầu chuyến thăm Việt Nam. Đ&acirc;y l&agrave; chuyến thăm nước ngo&agrave;i đầu ti&ecirc;n của &ocirc;ng Thongloun Sisoulith tr&ecirc;n cương vị Tổng b&iacute; thư, Chủ tịch nước L&agrave;o nhiệm kỳ 2021-2026.</p>\r\n<p class=\"Normal\">Chủ tịch nước Nguyễn Xu&acirc;n Ph&uacute;c v&agrave; phu nh&acirc;n chủ tr&igrave; lễ đ&oacute;n &ocirc;ng Thongloun Sisoulith tại Phủ chủ tịch, theo nghi thức cao nhất d&agrave;nh cho nguy&ecirc;n thủ quốc gia.</p>\r\n<p class=\"Normal\">Sau đ&oacute;, tại trụ sở Trung ương Đảng, Tổng B&iacute; thư Nguyễn Ph&uacute; Trọng đ&atilde; hội đ&agrave;m với &ocirc;ng Thongloun Sisoulith. Tổng b&iacute; thư Nguyễn Ph&uacute; Trọng khẳng định chuyến thăm lần n&agrave;y l&agrave; dấu mốc quan trọng, diễn ra ngay sau th&agrave;nh c&ocirc;ng của Đại hội mỗi Đảng v&agrave; cuộc bầu cử đại biểu Quốc hội của mỗi nước. Tổng b&iacute; thư nhấn mạnh, việc &ocirc;ng Thongloun Sisoulith chọn Việt Nam l&agrave; nước đầu ti&ecirc;n đi thăm, thể hiện sự coi trọng đặc biệt của L&agrave;o trong hợp t&aacute;c to&agrave;n diện với Việt Nam.</p>\r\n<figure class=\"tplCaption action_thumb_added\" data-size=\"true\">\r\n<div class=\"fig-picture\"><picture><source srcset=\"https://i1-vnexpress.vnecdn.net/2021/06/29/IMG-0388-6187-1624902199.jpg?w=680&amp;h=0&amp;q=100&amp;dpr=1&amp;fit=crop&amp;s=f8l0eT0XmW5zMOpgtdkxQA 1x, https://i1-vnexpress.vnecdn.net/2021/06/29/IMG-0388-6187-1624902199.jpg?w=1020&amp;h=0&amp;q=100&amp;dpr=1&amp;fit=crop&amp;s=n54gAlNqQq9A-fzFBSypNw 1.5x, https://i1-vnexpress.vnecdn.net/2021/06/29/IMG-0388-6187-1624902199.jpg?w=680&amp;h=0&amp;q=100&amp;dpr=2&amp;fit=crop&amp;s=7MPVRFtl679TqqEnrjWYKQ 2x\" data-srcset=\"https://i1-vnexpress.vnecdn.net/2021/06/29/IMG-0388-6187-1624902199.jpg?w=680&amp;h=0&amp;q=100&amp;dpr=1&amp;fit=crop&amp;s=f8l0eT0XmW5zMOpgtdkxQA 1x, https://i1-vnexpress.vnecdn.net/2021/06/29/IMG-0388-6187-1624902199.jpg?w=1020&amp;h=0&amp;q=100&amp;dpr=1&amp;fit=crop&amp;s=n54gAlNqQq9A-fzFBSypNw 1.5x, https://i1-vnexpress.vnecdn.net/2021/06/29/IMG-0388-6187-1624902199.jpg?w=680&amp;h=0&amp;q=100&amp;dpr=2&amp;fit=crop&amp;s=7MPVRFtl679TqqEnrjWYKQ 2x\" /><img class=\"lazy lazied\" src=\"https://i1-vnexpress.vnecdn.net/2021/06/29/IMG-0388-6187-1624902199.jpg?w=680&amp;h=0&amp;q=100&amp;dpr=1&amp;fit=crop&amp;s=f8l0eT0XmW5zMOpgtdkxQA\" alt=\"Tổng B&iacute; thư Nguyễn Ph&uacute; Trọng v&agrave; Tổng B&iacute; thư, Chủ tịch nước L&agrave;o Thongloun Sisoulith. Ảnh: Nhật Bắc\" width=\"100%\" height=\"auto\" loading=\"lazy\" data-src=\"https://i1-vnexpress.vnecdn.net/2021/06/29/IMG-0388-6187-1624902199.jpg?w=680&amp;h=0&amp;q=100&amp;dpr=1&amp;fit=crop&amp;s=f8l0eT0XmW5zMOpgtdkxQA\" data-ll-status=\"loaded\" /></picture></div>\r\n<figcaption>\r\n<p class=\"Image\">Tổng B&iacute; thư Nguyễn Ph&uacute; Trọng v&agrave; Tổng B&iacute; thư, Chủ tịch nước L&agrave;o Thongloun Sisoulith. Ảnh:&nbsp;<em>Nhật Bắc</em></p>\r\n</figcaption>\r\n</figure>\r\n<p class=\"Normal\">Tổng b&iacute; thư Nguyễn Ph&uacute; Trọng tin tưởng chuyến thăm sẽ th&agrave;nh c&ocirc;ng, g&oacute;p phần th&uacute;c đẩy mạnh mẽ hơn nữa quan hệ giữa hai Đảng, hai nước ph&aacute;t triển đi v&agrave;o chiều s&acirc;u, hiệu quả v&agrave; thiết thực, phục vụ cho c&ocirc;ng cuộc đổi mới, x&acirc;y dựng v&agrave; bảo vệ Tổ quốc ở mỗi nước.</p>\r\n<p class=\"Normal\">Tổng b&iacute; thư, Chủ tịch nước L&agrave;o Thongloun Sisoulith b&agrave;y tỏ vui mừng về những th&agrave;nh tựu Việt Nam đạt được sau 35 năm đổi mới. &Ocirc;ng tin tưởng, Việt Nam sẽ tiếp tục gi&agrave;nh được nhiều th&agrave;nh tựu mới, to lớn hơn nữa; ho&agrave;n th&agrave;nh mục ti&ecirc;u đến năm 2030 th&agrave;nh nước đang ph&aacute;t triển, c&oacute; c&ocirc;ng nghiệp hiện đại, thu nhập trung b&igrave;nh cao, đến giữa thế kỷ XXI trở th&agrave;nh nước ph&aacute;t triển, c&oacute; thu nhập cao.</p>\r\n<p class=\"Normal\">Tổng b&iacute; thư Nguyễn Ph&uacute; Trọng khẳng định Việt Nam ủng hộ mạnh mẽ v&agrave; to&agrave;n diện c&ocirc;ng cuộc đổi mới, bảo vệ v&agrave; x&acirc;y dựng L&agrave;o. &Ocirc;ng chia sẻ với những kh&oacute; khăn của L&agrave;o trong dịch bệnh Covid-19, tin tưởng L&agrave;o sẽ vượt qua, x&acirc;y dựng th&agrave;nh c&ocirc;ng đất nước h&ograve;a b&igrave;nh, độc lập, d&acirc;n chủ, thống nhất v&agrave; phồn vinh.</p>\r\n<p class=\"Normal\">Hai nh&agrave; l&atilde;nh đạo đ&aacute;nh gi&aacute; cao sự ủng hộ, gi&uacute;p đỡ lẫn nhau giữa hai nước trong sự nghiệp đấu tranh giải ph&oacute;ng d&acirc;n tộc, thống nhất đất nước trước đ&acirc;y v&agrave; c&ocirc;ng cuộc bảo vệ Tổ quốc ng&agrave;y nay, cũng như c&aacute;c đợt ph&ograve;ng chống Covid-19.</p>\r\n<p class=\"Normal\">Mối quan hệ Việt Nam - L&agrave;o, l&agrave; t&agrave;i sản chung v&ocirc; gi&aacute; của hai d&acirc;n tộc; trong bất kỳ ho&agrave;n cảnh n&agrave;o, hai nước cũng quyết t&acirc;m giữ g&igrave;n, vun đắp mỗi quan hệ ph&aacute;t triển s&acirc;u rộng tr&ecirc;n tất cả c&aacute;c lĩnh vực.</p>\r\n<p class=\"Normal\">Năm 2021 v&agrave; những năm tiếp theo, c&ocirc;ng cuộc đổi mới, x&acirc;y dựng v&agrave; bảo vệ Tổ quốc của hai nước sẽ c&ograve;n nhiều kh&oacute; khăn, th&aacute;ch thức, đặt ra nhiều vấn đề mới đ&ograve;i hỏi phối hợp chặt chẽ, hiệu quả. Theo đ&oacute;, hai b&ecirc;n nhất tr&iacute; tập trung th&aacute;o gỡ kh&oacute; khăn, vướng mắc cả về cơ chế v&agrave; thể chế nhằm th&uacute;c đẩy mạnh mẽ quan hệ hợp t&aacute;c to&agrave;n diện Việt Nam - L&agrave;o. Hai nước sẽ d&agrave;nh ưu ti&ecirc;n, ưu đ&atilde;i cho nhau, hỗ trợ v&agrave; tạo điều kiện thuận lợi cho nhau c&ugrave;ng ph&aacute;t triển.</p>\r\n<p class=\"Normal\">Hai b&ecirc;n nhấn mạnh cần hợp t&aacute;c chặt chẽ trong c&aacute;c vấn đề chiến lược li&ecirc;n quan đến an ninh v&agrave; ph&aacute;t triển của mỗi nước; duy tr&igrave; c&aacute;c chuyến thăm gặp gỡ giữa l&atilde;nh đạo cấp cao hai nước; tăng cường trao đổi th&ocirc;ng tin, chia sẻ kinh nghiệm; đẩy mạnh tuy&ecirc;n truyền, gi&aacute;o dục về truyền thống quan hệ đặc biệt Việt Nam - L&agrave;o. Hai b&ecirc;n nhất tr&iacute; nỗ lực th&uacute;c đẩy tạo bước đột ph&aacute;, n&acirc;ng cao hiệu quả hợp t&aacute;c về kinh tế, văn h&oacute;a, khoa học-kỹ thuật; tăng cường hợp t&aacute;c về quốc ph&ograve;ng, an ninh; phối hợp chặt chẽ trong ph&ograve;ng, chống Covid-19.</p>\r\n<p class=\"Normal\">Hai nước cũng tăng cường phối hợp với Campuchia thực hiện Thỏa thuận giữa ba Thủ tướng về khu vực Tam gi&aacute;c ph&aacute;t triển Campuchia-L&agrave;o-Việt Nam; triển khai t&iacute;ch cực Kế hoạch h&agrave;nh động kết nối ba nền kinh tế đến năm 2030. Hai b&ecirc;n tiếp tục tăng cường hợp t&aacute;c, phối hợp chặt chẽ với nhau v&agrave; với c&aacute;c nước, tổ chức quốc tế để sử dụng bền vững nguồn nước s&ocirc;ng Mekong; nhấn mạnh tầm quan trọng của việc duy tr&igrave; h&ograve;a b&igrave;nh, an ninh, ổn định, đảm bảo an ninh, an to&agrave;n, tự do h&agrave;ng hải v&agrave; h&agrave;ng kh&ocirc;ng tại Biển Đ&ocirc;ng; giải quyết c&aacute;c tranh chấp ở Biển Đ&ocirc;ng bằng c&aacute;c biện ph&aacute;p h&ograve;a b&igrave;nh tr&ecirc;n cơ sở luật ph&aacute;p quốc tế, trong đ&oacute; c&oacute; C&ocirc;ng ước Li&ecirc;n hợp quốc về Luật Biển năm 1982; c&ugrave;ng th&uacute;c đẩy thực hiện đầy đủ v&agrave; hiệu quả Tuy&ecirc;n bố về Ứng xử của c&aacute;c b&ecirc;n ở Biển Đ&ocirc;ng (DOC); x&acirc;y dựng Bộ Quy tắc Ứng xử ở Biển Đ&ocirc;ng (COC) hiệu quả, thực chất, ph&ugrave; hợp với luật ph&aacute;p quốc tế.</p>\r\n<p class=\"Normal\">Sau hội đ&agrave;m, Tổng b&iacute; thư Nguyễn Ph&uacute; Trọng v&agrave; Tổng b&iacute; thư, Chủ tịch nước Thongloun Sisoulith đ&atilde; chứng kiến lễ k&yacute; kết v&agrave; trao c&aacute;c văn kiện hợp t&aacute;c, trong đ&oacute; c&oacute;: Thỏa thuận Chiến lược hợp t&aacute;c Việt Nam - L&agrave;o giai đoạn 2021-2030; Hiệp định hợp t&aacute;c Việt Nam - L&agrave;o 2021-2025; Thỏa thuận hợp t&aacute;c giữa Văn ph&ograve;ng Trung ương của hai Đảng 2021-2025; Thỏa thuận hợp t&aacute;c giữa Ban D&acirc;n vận Trung ương v&agrave; Ủy ban Trung ương Mặt trận L&agrave;o x&acirc;y dựng đất nước 2021-2025; Thỏa thuận hợp t&aacute;c giữa hai Bộ Kế hoạch v&agrave; Đầu tư; Bản ghi nhớ về Kế hoạch hợp t&aacute;c văn h&oacute;a nghệ thuật v&agrave; du lịch 2021-2025; Bản ghi nhớ về Kế hoạch hợp t&aacute;c trong lĩnh vực th&ocirc;ng tin; một số hợp đồng kinh tế giữa doanh nghiệp Việt Nam v&agrave; L&agrave;o.</p>\r\n</article>\r\n<p>&gt;</p>', 1, 0, '', 6);
INSERT INTO `posts` VALUES (3, 1, 1, 9, 'Bộ Chính trị đồng ý chủ trương hỗ trợ người lao động', '2021-08-18 11:47:14', NULL, 'Bộ Chính trị đồng ý chủ trương tiếp tục ban hành chính sách hỗ trợ người lao động và người sử dụng lao động gặp khó khăn do ảnh hưởng Covid-19, tại cuộc họp chiều 25/6. ', '<p>Bộ Ch&iacute;nh trị đồng &yacute; chủ trương tiếp tục ban h&agrave;nh ch&iacute;nh s&aacute;ch hỗ trợ người lao động v&agrave; người sử dụng lao động gặp kh&oacute; khăn do ảnh hưởng Covid-19, tại cuộc họp chiều 25/6.</p>\r\n<article class=\"fck_detail \">\r\n<p class=\"Normal\">Tổng b&iacute; thư Nguyễn Ph&uacute; Trọng y&ecirc;u cầu ch&iacute;nh s&aacute;ch hỗ trợ phải được x&acirc;y dựng tr&ecirc;n cơ sở b&aacute;m s&aacute;t tinh thần chỉ đạo của Bộ Ch&iacute;nh trị tại kết luận số 07 ng&agrave;y 11/6 về một số nhiệm vụ trọng t&acirc;m tăng cường c&ocirc;ng t&aacute;c ph&ograve;ng, chống dịch Covid-19 v&agrave; ph&aacute;t triển kinh tế - x&atilde; hội.</p>\r\n<p class=\"Normal\">C&ugrave;ng với đ&oacute;, cơ quan cần r&uacute;t kinh nghiệm từ việc thực hiện nghị quyết số 42 của Ch&iacute;nh phủ v&agrave; c&aacute;c biện ph&aacute;p hỗ trợ của c&aacute;c nước để tập trung r&agrave; so&aacute;t, x&aacute;c định đ&uacute;ng nh&oacute;m cần hỗ trợ, x&acirc;y dựng định mức hỗ trợ ph&ugrave; hợp, bảo đảm chặt chẽ, c&ocirc;ng bằng, minh bạch, hiệu quả, thiết thực.</p>\r\n<p class=\"Normal\">Ch&iacute;nh phủ sớm ban h&agrave;nh nghị quyết về việc n&agrave;y, bảo đảm ngắn gọn, dễ hiểu, dễ nhớ, dễ l&agrave;m, tr&aacute;nh thủ tục phiền h&agrave;.</p>\r\n<p class=\"Normal\">\"Đối với người lao động v&agrave; người sử dụng lao động gặp kh&oacute; khăn do đợt dịch lần thứ 4 n&agrave;y, ch&uacute;ng ta c&oacute; chủ trương hỗ trợ với nhiều giải ph&aacute;p để bảo đảm sản xuất kinh doanh, tinh thần vừa phải chống dịch th&agrave;nh c&ocirc;ng, vừa ph&aacute;t triển kinh tế x&atilde; hội của đất nước\", Tổng b&iacute; thư n&oacute;i.</p>\r\n<figure class=\"tplCaption action_thumb_added\" data-size=\"true\">\r\n<div class=\"fig-picture\"><picture><source srcset=\"https://i1-vnexpress.vnecdn.net/2021/06/25/ttxvn-bo-chinh-tri-jpeg-4217-1624626440.jpg?w=680&amp;h=0&amp;q=100&amp;dpr=1&amp;fit=crop&amp;s=_DDAPJLEvIGUHSkfd6kXKA 1x, https://i1-vnexpress.vnecdn.net/2021/06/25/ttxvn-bo-chinh-tri-jpeg-4217-1624626440.jpg?w=1020&amp;h=0&amp;q=100&amp;dpr=1&amp;fit=crop&amp;s=yDKNYdYy_-3V1CrD1bwOLw 1.5x, https://i1-vnexpress.vnecdn.net/2021/06/25/ttxvn-bo-chinh-tri-jpeg-4217-1624626440.jpg?w=680&amp;h=0&amp;q=100&amp;dpr=2&amp;fit=crop&amp;s=J15snp4XYQj2r-OMDLBkxQ 2x\" data-srcset=\"https://i1-vnexpress.vnecdn.net/2021/06/25/ttxvn-bo-chinh-tri-jpeg-4217-1624626440.jpg?w=680&amp;h=0&amp;q=100&amp;dpr=1&amp;fit=crop&amp;s=_DDAPJLEvIGUHSkfd6kXKA 1x, https://i1-vnexpress.vnecdn.net/2021/06/25/ttxvn-bo-chinh-tri-jpeg-4217-1624626440.jpg?w=1020&amp;h=0&amp;q=100&amp;dpr=1&amp;fit=crop&amp;s=yDKNYdYy_-3V1CrD1bwOLw 1.5x, https://i1-vnexpress.vnecdn.net/2021/06/25/ttxvn-bo-chinh-tri-jpeg-4217-1624626440.jpg?w=680&amp;h=0&amp;q=100&amp;dpr=2&amp;fit=crop&amp;s=J15snp4XYQj2r-OMDLBkxQ 2x\" /><img class=\"lazy lazied\" src=\"https://i1-vnexpress.vnecdn.net/2021/06/25/ttxvn-bo-chinh-tri-jpeg-4217-1624626440.jpg?w=680&amp;h=0&amp;q=100&amp;dpr=1&amp;fit=crop&amp;s=_DDAPJLEvIGUHSkfd6kXKA\" alt=\"Tổng b&iacute; thư Nguyễn Ph&uacute; Trọng ph&aacute;t biểu tại cuộc họp của Bộ Ch&iacute;nh trị chiều 25/6. Ảnh: TTX\" width=\"100%\" height=\"auto\" loading=\"lazy\" data-src=\"https://i1-vnexpress.vnecdn.net/2021/06/25/ttxvn-bo-chinh-tri-jpeg-4217-1624626440.jpg?w=680&amp;h=0&amp;q=100&amp;dpr=1&amp;fit=crop&amp;s=_DDAPJLEvIGUHSkfd6kXKA\" data-ll-status=\"loaded\" /></picture></div>\r\n<figcaption>\r\n<p class=\"Image\">Tổng b&iacute; thư Nguyễn Ph&uacute; Trọng ph&aacute;t biểu tại cuộc họp của Bộ Ch&iacute;nh trị chiều 25/6. Ảnh:&nbsp;<em>TTX</em></p>\r\n</figcaption>\r\n</figure>\r\n<p class=\"Normal\">Th&aacute;ng 4/2020, Ch&iacute;nh phủ ban h&agrave;nh Nghị quyết 42 hỗ trợ trực tiếp cho người d&acirc;n gặp kh&oacute; khăn v&igrave; Covid-19, thường được gọi l&agrave; g&oacute;i 62.000 tỷ đồng.</p>\r\n<p class=\"Normal\">Đến th&aacute;ng 8/2020, Bộ Lao động Thương binh X&atilde; hội từng đề xuất th&ecirc;m một g&oacute;i 18.000 tỷ tập trung v&agrave;o lao động mất việc đang thu&ecirc; nh&agrave;, doanh nghiệp nhỏ, si&ecirc;u nhỏ, song chưa c&oacute; kết quả.</p>\r\n<p class=\"Normal\">Gần đ&acirc;y, g&oacute;i hỗ trợ lần hai được dự kiến tổng kinh ph&iacute; tr&ecirc;n 27.580 tỷ đồng, tuy nhi&ecirc;n, đang trong qu&aacute; tr&igrave;nh ho&agrave;n thiện n&ecirc;n th&ocirc;ng tin chi tiết chưa được c&ocirc;ng bố.</p>\r\n<p class=\"Normal\">Theo dự thảo ban đầu, c&aacute;c nh&oacute;m ch&iacute;nh s&aacute;ch sẽ hướng v&agrave;o giảm mức đ&oacute;ng Quỹ bảo hiểm tai nạn lao động, bệnh nghề nghiệp trong 12 th&aacute;ng để doanh nghiệp c&oacute; th&ecirc;m kinh ph&iacute; ph&ograve;ng chống dịch bệnh; tạm dừng đ&oacute;ng v&agrave;o quỹ hưu tr&iacute;, tử tuất; đ&agrave;o tạo n&acirc;ng cao tay nghề cho lao động; hỗ trợ lao động tạm ho&atilde;n hợp đồng, nghỉ việc kh&ocirc;ng lương; lao động bị chấm dứt hợp đồng kh&ocirc;ng đủ điều kiện hưởng trợ cấp thất nghiệp; hộ kinh doanh c&aacute; thể v&agrave; trẻ em bị ảnh hưởng bởi dịch...</p>\r\n</article>\r\n<p>&gt;</p>', 1, 0, 'abc', 3);
INSERT INTO `posts` VALUES (4, 1, 1, 9, 'Ông Trần Việt Trường tái đắc cử Chủ tịch TP Cần Thơ', '2021-08-18 11:47:00', NULL, 'Ông Trần Việt Trường, 50 tuổi, Phó bí thư Thành ủy, tiếp tục được bầu làm Chủ tịch UBND TP Cần Thơ nhiệm kỳ 2021-2026. ', '<p>&Ocirc;ng Trần Việt Trường, 50 tuổi, Ph&oacute; b&iacute; thư Th&agrave;nh ủy, tiếp tục được bầu l&agrave;m Chủ tịch UBND TP Cần Thơ nhiệm kỳ 2021-2026.</p>\r\n<article class=\"fck_detail \">\r\n<p class=\"Normal\">Ng&agrave;y 25/6, tại kỳ họp thứ nhất, HĐND TP Cần Thơ kh&oacute;a X đ&atilde; bầu &ocirc;ng Trường giữ chức Chủ tịch UBND TP với tỷ lệ phiếu t&aacute;n th&agrave;nh 98,15%.</p>\r\n<p class=\"Normal\">Bốn Ph&oacute; chủ tịch UBND TP Cần Thơ c&ugrave;ng t&aacute;i đắc cử gồm c&aacute;c &ocirc;ng: Dương Tấn Hiển, Nguyễn Văn Hồng, Nguyễn Ngọc H&egrave; v&agrave; Nguyễn Thực Hiện.</p>\r\n<p class=\"Normal\">Kỳ họp cũng bầu &ocirc;ng Phạm Văn Hiểu tiếp tục giữ chức Chủ tịch HĐND TP Cần Thơ nhiệm kỳ 2021-2026 với tỷ lệ phiếu t&aacute;n th&agrave;nh 100%. Hai Ph&oacute; chủ tịch HĐND l&agrave; &ocirc;ng Nguyễn Th&agrave;nh Đ&ocirc;ng v&agrave; &ocirc;ng Nguyễn Xu&acirc;n Hải cũng t&aacute;i đắc cử.</p>\r\n<figure class=\"tplCaption action_thumb_added\" data-size=\"true\">\r\n<div class=\"fig-picture\"><picture><source srcset=\"https://i1-vnexpress.vnecdn.net/2021/06/25/ONG-TRAN-VIET-TRUONG-2021-7267-1624600760.jpg?w=680&amp;h=0&amp;q=100&amp;dpr=1&amp;fit=crop&amp;s=0PEFYWEzAaZ0hOsjLJDY4g 1x, https://i1-vnexpress.vnecdn.net/2021/06/25/ONG-TRAN-VIET-TRUONG-2021-7267-1624600760.jpg?w=1020&amp;h=0&amp;q=100&amp;dpr=1&amp;fit=crop&amp;s=oGSVJQCd6Cyvf4_fhHBiJQ 1.5x, https://i1-vnexpress.vnecdn.net/2021/06/25/ONG-TRAN-VIET-TRUONG-2021-7267-1624600760.jpg?w=680&amp;h=0&amp;q=100&amp;dpr=2&amp;fit=crop&amp;s=QR55iCc07cPFfKTga6aAQw 2x\" data-srcset=\"https://i1-vnexpress.vnecdn.net/2021/06/25/ONG-TRAN-VIET-TRUONG-2021-7267-1624600760.jpg?w=680&amp;h=0&amp;q=100&amp;dpr=1&amp;fit=crop&amp;s=0PEFYWEzAaZ0hOsjLJDY4g 1x, https://i1-vnexpress.vnecdn.net/2021/06/25/ONG-TRAN-VIET-TRUONG-2021-7267-1624600760.jpg?w=1020&amp;h=0&amp;q=100&amp;dpr=1&amp;fit=crop&amp;s=oGSVJQCd6Cyvf4_fhHBiJQ 1.5x, https://i1-vnexpress.vnecdn.net/2021/06/25/ONG-TRAN-VIET-TRUONG-2021-7267-1624600760.jpg?w=680&amp;h=0&amp;q=100&amp;dpr=2&amp;fit=crop&amp;s=QR55iCc07cPFfKTga6aAQw 2x\" /><img class=\"lazy lazied\" src=\"https://i1-vnexpress.vnecdn.net/2021/06/25/ONG-TRAN-VIET-TRUONG-2021-7267-1624600760.jpg?w=680&amp;h=0&amp;q=100&amp;dpr=1&amp;fit=crop&amp;s=0PEFYWEzAaZ0hOsjLJDY4g\" alt=\"&Ocirc;ng Trần Việt Trường ph&aacute;t biểu tại kỳ họp HĐND TP Cần Thơ ng&agrave;y 25/6. Ảnh: Cửu Long\" width=\"100%\" height=\"auto\" loading=\"lazy\" data-src=\"https://i1-vnexpress.vnecdn.net/2021/06/25/ONG-TRAN-VIET-TRUONG-2021-7267-1624600760.jpg?w=680&amp;h=0&amp;q=100&amp;dpr=1&amp;fit=crop&amp;s=0PEFYWEzAaZ0hOsjLJDY4g\" data-ll-status=\"loaded\" /></picture></div>\r\n<figcaption>\r\n<p class=\"Image\">&Ocirc;ng Trần Việt Trường ph&aacute;t biểu tại kỳ họp HĐND TP Cần Thơ ng&agrave;y 25/6. Ảnh:&nbsp;<em>Cửu Long</em></p>\r\n</figcaption>\r\n</figure>\r\n<p class=\"Normal\">Ph&aacute;t biểu nhận nhiệm vụ, &ocirc;ng Trần Việt Trường cho biết sẽ tập trung huy động mọi nguồn lực thực hiện mục ti&ecirc;u k&eacute;p: vừa quyết liệt ph&ograve;ng chống Covid-19, kh&ocirc;ng để dịch l&acirc;y lan trong cộng đồng vừa ph&aacute;t triển kinh tế x&atilde; hội nhanh, bền vững.</p>\r\n<p class=\"Normal\">Đồng thời, Chủ tịch TP Cần Thơ cho biết quyết t&acirc;m thực hiện c&aacute;c chỉ ti&ecirc;u Đại hội Đảng bộ th&agrave;nh phố nhiệm kỳ 2020-2025 đề ra; phấn đấu x&acirc;y Cần Thơ trở th&agrave;nh đ&ocirc; thị sinh th&aacute;i, văn minh, hiện đại, hạt nh&acirc;n của v&ugrave;ng Đồng bằng s&ocirc;ng Cửu Long.</p>\r\n<p class=\"Normal\">&Ocirc;ng Trường qu&ecirc; huyện Phụng Hiệp, tỉnh Hậu Giang; tr&igrave;nh độ kỹ sư Điện - Điện tử, thạc sĩ Ch&iacute;nh trị học, tiến sĩ qu&acirc;n sự. &Ocirc;ng từng giữ c&aacute;c chức vụ như: B&iacute; thư Th&agrave;nh đo&agrave;n, B&iacute; thư quận Ninh Kiều, Trưởng Ban Tuy&ecirc;n gi&aacute;o Th&agrave;nh ủy Cần Thơ.</p>\r\n<p class=\"Normal\">Tại Đại hội Đảng bộ TP Cần Thơ kh&oacute;a XIV, nhiệm kỳ 2020-2025 cuối th&aacute;ng 9/2020, &ocirc;ng Trường được bầu giữ chức Ph&oacute; b&iacute; thư Th&agrave;nh ủy.</p>\r\n<p class=\"Normal\">Th&aacute;ng 10/2020, &ocirc;ng Trường được HĐND bầu l&agrave;m Chủ tịch UBND TP Cần Thơ nhiệm kỳ 2016-2021, thay &ocirc;ng L&ecirc; Quang Mạnh giữ chức B&iacute; thư Th&agrave;nh ủy.</p>\r\n<p class=\"Normal\">TP Cần Thơ c&oacute; ch&iacute;n quận, huyện với hơn 1,2 triệu d&acirc;n. Giai đoạn 2020-2025, địa phương phấn đấu sớm trở th&agrave;nh trung t&acirc;m động lực v&ugrave;ng Đồng bằng s&ocirc;ng Cửu Long; tăng trưởng kinh tế b&igrave;nh qu&acirc;n đạt 7,5-8% mỗi năm; thu nhập b&igrave;nh qu&acirc;n đầu người 6.200 - 6.800 USD; tỷ lệ hộ ngh&egrave;o đến năm 2025 giảm c&ograve;n dưới 0,5%.</p>\r\n</article>\r\n<p>&gt;</p>', 1, 0, '', 3);
INSERT INTO `posts` VALUES (5, 1, 2, 9, '5 tỷ đồng khắc phục hư hỏng hai dự án BOT', '2021-08-18 11:46:44', NULL, 'Hai dự án BOT quốc lộ 1K và cầu Đồng Nai xuống cấp, mất an toàn được Cục Quản lý đường bộ 4 khắc phục với tổng kinh phí gần 5 tỷ đồng. ', '<p>Hai dự &aacute;n BOT quốc lộ 1K v&agrave; cầu Đồng Nai xuống cấp, mất an to&agrave;n được Cục Quản l&yacute; đường bộ 4 khắc phục với tổng kinh ph&iacute; gần 5 tỷ đồng.</p>\r\n<article class=\"fck_detail \">\r\n<p class=\"Normal\">Chiều 29/6, &ocirc;ng Nguyễn Văn Th&agrave;nh, Cục trưởng Cục Quản l&yacute; đường bộ 4 (Tổng cục Đường bộ, Bộ Giao th&ocirc;ng Vận tải), cho biết đ&acirc;y l&agrave; hai dự &aacute;n BOT (x&acirc;y dựng - kinh doanh - chuyển giao), xuống cấp do nh&agrave; đầu tư ngừng duy tu sau khi dự &aacute;n dừng thu ph&iacute; từ năm 2020.</p>\r\n<figure class=\"tplCaption action_thumb_added\" data-size=\"true\">\r\n<div class=\"fig-picture\"><picture><source srcset=\"https://i1-vnexpress.vnecdn.net/2021/06/29/quoclo-1k-9199-1624952085.jpg?w=680&amp;h=0&amp;q=100&amp;dpr=1&amp;fit=crop&amp;s=28FXhbcDptYxd2MdCnLR9w 1x, https://i1-vnexpress.vnecdn.net/2021/06/29/quoclo-1k-9199-1624952085.jpg?w=1020&amp;h=0&amp;q=100&amp;dpr=1&amp;fit=crop&amp;s=vZX3YV7ek_A05d8UpKQegQ 1.5x, https://i1-vnexpress.vnecdn.net/2021/06/29/quoclo-1k-9199-1624952085.jpg?w=680&amp;h=0&amp;q=100&amp;dpr=2&amp;fit=crop&amp;s=2dubSK9dt63mExkSqslWCA 2x\" data-srcset=\"https://i1-vnexpress.vnecdn.net/2021/06/29/quoclo-1k-9199-1624952085.jpg?w=680&amp;h=0&amp;q=100&amp;dpr=1&amp;fit=crop&amp;s=28FXhbcDptYxd2MdCnLR9w 1x, https://i1-vnexpress.vnecdn.net/2021/06/29/quoclo-1k-9199-1624952085.jpg?w=1020&amp;h=0&amp;q=100&amp;dpr=1&amp;fit=crop&amp;s=vZX3YV7ek_A05d8UpKQegQ 1.5x, https://i1-vnexpress.vnecdn.net/2021/06/29/quoclo-1k-9199-1624952085.jpg?w=680&amp;h=0&amp;q=100&amp;dpr=2&amp;fit=crop&amp;s=2dubSK9dt63mExkSqslWCA 2x\" /><img class=\"lazy lazied\" src=\"https://i1-vnexpress.vnecdn.net/2021/06/29/quoclo-1k-9199-1624952085.jpg?w=680&amp;h=0&amp;q=100&amp;dpr=1&amp;fit=crop&amp;s=28FXhbcDptYxd2MdCnLR9w\" alt=\"Đơn vị thi c&ocirc;ng ph&acirc;n l&agrave;n, sửa mặt đường trồi l&uacute;n tr&ecirc;n quốc lộ 1K sau khi nh&agrave; đầu tư ngừng duy tu. Ảnh: Hạ Giang.\" width=\"100%\" height=\"auto\" loading=\"lazy\" data-src=\"https://i1-vnexpress.vnecdn.net/2021/06/29/quoclo-1k-9199-1624952085.jpg?w=680&amp;h=0&amp;q=100&amp;dpr=1&amp;fit=crop&amp;s=28FXhbcDptYxd2MdCnLR9w\" data-ll-status=\"loaded\" /></picture></div>\r\n<figcaption>\r\n<p class=\"Image\">Đơn vị thi c&ocirc;ng sửa mặt đường trồi l&uacute;n tr&ecirc;n quốc lộ 1K sau khi nh&agrave; đầu tư ngừng duy tu. Ảnh:&nbsp;<em>Hạ Giang.</em></p>\r\n</figcaption>\r\n</figure>\r\n<p class=\"Normal\">Dự &aacute;n cải tạo, n&acirc;ng cấp quốc lộ 1K qua TP HCM, Đồng Nai v&agrave; B&igrave;nh Dương&nbsp;<a href=\"https://vnexpress.net/dung-thu-phi-quoc-lo-1k-qua-dong-nai-4182194.html\" rel=\"dofollow\">tạm dừng</a>&nbsp;hoạt động gần 8 th&aacute;ng, sau 14 năm thu ph&iacute;. Do kh&ocirc;ng được duy tu, khu vực hai trạm BOT v&agrave; nhiều đoạn thuộc dự &aacute;n n&agrave;y hư hỏng, dễ g&acirc;y tai nạn. Cục quản l&yacute; đường bộ 4 đ&atilde; huy động nh&agrave; thầu dặm v&aacute;, trải nhựa, khắc phục c&aacute;c vị tr&iacute; hằn l&uacute;n, bong tr&oacute;c nặng... Ri&ecirc;ng hai trạm BOT v&agrave; một số n&uacute;t giao tr&ecirc;n tuyến được sửa hệ thống đ&egrave;n t&iacute;n hiệu giao th&ocirc;ng, đ&egrave;n chớp c&aacute;c l&agrave;n thu ph&iacute;; điều chỉnh c&aacute;c thanh giới hạn chiều cao... gi&uacute;p xe chạy an to&agrave;n hơn.</p>\r\n<p class=\"Normal\">\"Việc sửa chữa tại khu vực n&agrave;y hiện cơ bản ho&agrave;n th&agrave;nh, tổng kinh ph&iacute; gần 4 tỷ đồng\", &ocirc;ng Th&agrave;nh n&oacute;i v&agrave; cho biết đơn vị đang kiến nghị giao hệ thống chiếu s&aacute;ng tại dự &aacute;n cho địa phương nhằm chủ động quản l&yacute; v&agrave; bảo dưỡng.</p>\r\n<p class=\"Normal\">C&aacute;ch đ&oacute; hơn 5 km, trạm BOT cầu Đồng Nai tr&ecirc;n quốc lộ 1 (TP Bi&ecirc;n Ho&agrave;), sau khi dừng thu ph&iacute; hồi&nbsp;<a href=\"https://vnexpress.net/dung-thu-phi-cau-dong-nai-tu-ngay-24-8-4149918.html\" rel=\"dofollow\">th&aacute;ng 8&nbsp;</a>năm ngo&aacute;i, nh&agrave; đầu tư ngưng bảo tr&igrave; từ đầu th&aacute;ng 6 năm nay. Đ&acirc;y l&agrave; trạm thu ph&iacute; ho&agrave;n vốn cho dự &aacute;n x&acirc;y cầu Đồng Nai mới v&agrave; đường hai đầu cầu, hoạt động từ th&aacute;ng 4/2015, do Tổng c&ocirc;ng ty x&acirc;y dựng số 1 l&agrave;m nh&agrave; đầu tư. Hiện, Cục Quản l&yacute; đường bộ 4 huy động nh&agrave; thầu khắc phục c&aacute;c đoạn xuống cấp tại dự &aacute;n, kinh ph&iacute; khoảng một tỷ đồng.</p>\r\n<figure class=\"tplCaption action_thumb_added\" data-size=\"true\">\r\n<div class=\"fig-picture\"><picture><source srcset=\"https://i1-vnexpress.vnecdn.net/2021/06/29/tram-thu-phi-cau-dong-nai-2907-3291-2700-1624952085.jpg?w=680&amp;h=0&amp;q=100&amp;dpr=1&amp;fit=crop&amp;s=-xwyZENoiUAQpadUAAnc5Q 1x, https://i1-vnexpress.vnecdn.net/2021/06/29/tram-thu-phi-cau-dong-nai-2907-3291-2700-1624952085.jpg?w=1020&amp;h=0&amp;q=100&amp;dpr=1&amp;fit=crop&amp;s=HqOanqRXXz7SMUubTG6HJA 1.5x, https://i1-vnexpress.vnecdn.net/2021/06/29/tram-thu-phi-cau-dong-nai-2907-3291-2700-1624952085.jpg?w=680&amp;h=0&amp;q=100&amp;dpr=2&amp;fit=crop&amp;s=dhVjFgkW6Kqi_OqLMYe-5Q 2x\" data-srcset=\"https://i1-vnexpress.vnecdn.net/2021/06/29/tram-thu-phi-cau-dong-nai-2907-3291-2700-1624952085.jpg?w=680&amp;h=0&amp;q=100&amp;dpr=1&amp;fit=crop&amp;s=-xwyZENoiUAQpadUAAnc5Q 1x, https://i1-vnexpress.vnecdn.net/2021/06/29/tram-thu-phi-cau-dong-nai-2907-3291-2700-1624952085.jpg?w=1020&amp;h=0&amp;q=100&amp;dpr=1&amp;fit=crop&amp;s=HqOanqRXXz7SMUubTG6HJA 1.5x, https://i1-vnexpress.vnecdn.net/2021/06/29/tram-thu-phi-cau-dong-nai-2907-3291-2700-1624952085.jpg?w=680&amp;h=0&amp;q=100&amp;dpr=2&amp;fit=crop&amp;s=dhVjFgkW6Kqi_OqLMYe-5Q 2x\" /><img class=\"lazy lazied\" src=\"https://i1-vnexpress.vnecdn.net/2021/06/29/tram-thu-phi-cau-dong-nai-2907-3291-2700-1624952085.jpg?w=680&amp;h=0&amp;q=100&amp;dpr=1&amp;fit=crop&amp;s=-xwyZENoiUAQpadUAAnc5Q\" alt=\"Trạm thu ph&iacute; cầu Đồng Nai nằm tr&ecirc;n quốc lộ 1 qua TP Bi&ecirc;n H&ograve;a, khi đang hoạt động năm 2020. Ảnh: Phước Tuấn.\" width=\"100%\" height=\"auto\" loading=\"lazy\" data-src=\"https://i1-vnexpress.vnecdn.net/2021/06/29/tram-thu-phi-cau-dong-nai-2907-3291-2700-1624952085.jpg?w=680&amp;h=0&amp;q=100&amp;dpr=1&amp;fit=crop&amp;s=-xwyZENoiUAQpadUAAnc5Q\" data-ll-status=\"loaded\" /></picture></div>\r\n<figcaption>\r\n<p class=\"Image\">Trạm thu ph&iacute; cầu Đồng Nai tr&ecirc;n quốc lộ 1 qua TP Bi&ecirc;n H&ograve;a, khi hoạt động năm 2020. Ảnh:&nbsp;<em>Phước Tuấn.</em></p>\r\n</figcaption>\r\n</figure>\r\n<p class=\"Normal\">Hai dự &aacute;n BOT n&oacute;i tr&ecirc;n c&ugrave;ng một số dự &aacute;n kh&aacute;c trước đ&oacute; được Tổng cục Đường bộ y&ecirc;u cầu dừng thu ph&iacute; trong l&uacute;c chờ ho&agrave;n tất thủ tục, kiểm to&aacute;n, thanh l&yacute; hợp đồng... Điều n&agrave;y để tr&aacute;nh việc thu ph&iacute; vượt qu&aacute; gi&aacute; trị hợp đồng, đảm bảo quyền lợi cho người d&acirc;n. Tuy nhi&ecirc;n, do quy định li&ecirc;n quan quản l&yacute;, bảo tr&igrave; chưa cụ thể n&ecirc;n khi tạm dừng, nh&agrave; đầu tư cũng ngưng c&ocirc;ng t&aacute;c duy tu, bảo tr&igrave; dự &aacute;n. Kinh ph&iacute; duy tu được Cục Quản l&yacute; đường bộ 4 ứng trước để sửa chữa.</p>\r\n<p class=\"Normal\">Ngo&agrave;i những dự &aacute;n n&agrave;y, tr&ecirc;n địa b&agrave;n Cục Quản l&yacute; đường bộ 4 c&ograve;n dự &aacute;n BOT quốc lộ 20 (Đồng Nai),&nbsp;<a href=\"https://vnexpress.net/oto-duoc-chay-hai-chieu-tuyen-tranh-bot-cai-lay-4232109.html\" rel=\"dofollow\">Cai Lậy&nbsp;</a>(Tiền Giang) cũng đang tạm dừng v&agrave; nh&agrave; đầu tư ngưng c&ocirc;ng t&aacute;c duy tu, bảo tr&igrave;.</p>\r\n</article>\r\n<p>&gt;</p>', 1, 1, NULL, 2);
INSERT INTO `posts` VALUES (6, 1, 3, 9, 'Nhiều chợ ở Sài Gòn ngưng hoạt động', '2021-08-18 11:46:26', NULL, 'Chợ đầu mối Hóc Môn, chợ Sơn Kỳ (quận Tân Phú), chợ Kim Biên (quận 5), chợ Hoà Hưng (quận 10)… phải tạm ngưng hoạt động do phát hiện nhiều ca nhiễm nCoV.', '<p>Chợ đầu mối H&oacute;c M&ocirc;n, chợ Sơn Kỳ (quận T&acirc;n Ph&uacute;), chợ Kim Bi&ecirc;n (quận 5), chợ Ho&agrave; Hưng (quận 10)&hellip; phải tạm ngưng hoạt động do ph&aacute;t hiện nhiều ca nhiễm nCoV.</p>\r\n<article class=\"fck_detail \">\r\n<p class=\"Normal\"><strong>Chợ đầu mối H&oacute;c M&ocirc;n</strong><a href=\"https://vnexpress.net/cho-dau-moi-hoc-mon-ngung-kinh-doanh-tu-ngay-mai-4300707.html\" rel=\"dofollow\">&nbsp;ngưng hoạt động</a>&nbsp;tập kết h&agrave;ng trực tiếp từ 0h h&ocirc;m nay đến ng&agrave;y 4/7 để ph&ograve;ng chống dịch. C&aacute;c tiểu thương được y&ecirc;u cầu thay đổi h&igrave;nh thức vận chuyển, giao dịch trực tuyến v&agrave; đưa h&agrave;ng tận nơi cho kh&aacute;ch m&agrave; kh&ocirc;ng mua b&aacute;n trực tiếp tại chợ.</p>\r\n<figure class=\"tplCaption action_thumb_added\" data-size=\"true\">\r\n<div class=\"fig-picture\"><picture><source srcset=\"https://i1-vnexpress.vnecdn.net/2021/06/28/QUYN3279-2324-1624839051.jpg?w=680&amp;h=0&amp;q=100&amp;dpr=1&amp;fit=crop&amp;s=DqBxSCHcAcwCdWLMvpS2Fw 1x, https://i1-vnexpress.vnecdn.net/2021/06/28/QUYN3279-2324-1624839051.jpg?w=1020&amp;h=0&amp;q=100&amp;dpr=1&amp;fit=crop&amp;s=8gp9IhU1aMsIHRe_f6HB8g 1.5x, https://i1-vnexpress.vnecdn.net/2021/06/28/QUYN3279-2324-1624839051.jpg?w=680&amp;h=0&amp;q=100&amp;dpr=2&amp;fit=crop&amp;s=qhXdOiVCHI9pOT9VIisXvQ 2x\" data-srcset=\"https://i1-vnexpress.vnecdn.net/2021/06/28/QUYN3279-2324-1624839051.jpg?w=680&amp;h=0&amp;q=100&amp;dpr=1&amp;fit=crop&amp;s=DqBxSCHcAcwCdWLMvpS2Fw 1x, https://i1-vnexpress.vnecdn.net/2021/06/28/QUYN3279-2324-1624839051.jpg?w=1020&amp;h=0&amp;q=100&amp;dpr=1&amp;fit=crop&amp;s=8gp9IhU1aMsIHRe_f6HB8g 1.5x, https://i1-vnexpress.vnecdn.net/2021/06/28/QUYN3279-2324-1624839051.jpg?w=680&amp;h=0&amp;q=100&amp;dpr=2&amp;fit=crop&amp;s=qhXdOiVCHI9pOT9VIisXvQ 2x\" /><img class=\"lazy lazied\" src=\"https://i1-vnexpress.vnecdn.net/2021/06/28/QUYN3279-2324-1624839051.jpg?w=680&amp;h=0&amp;q=100&amp;dpr=1&amp;fit=crop&amp;s=DqBxSCHcAcwCdWLMvpS2Fw\" alt=\"Chợ đầu mối H&oacute;c M&ocirc;n trước thời điểm ngưng tập kết h&agrave;ng trực tiếp, tối 27/6. Ảnh: Quỳnh Trần.\" width=\"100%\" height=\"auto\" loading=\"lazy\" data-src=\"https://i1-vnexpress.vnecdn.net/2021/06/28/QUYN3279-2324-1624839051.jpg?w=680&amp;h=0&amp;q=100&amp;dpr=1&amp;fit=crop&amp;s=DqBxSCHcAcwCdWLMvpS2Fw\" data-ll-status=\"loaded\" /></picture></div>\r\n<figcaption>\r\n<p class=\"Image\">Chợ đầu mối H&oacute;c M&ocirc;n trước thời điểm ngưng tập kết h&agrave;ng trực tiếp, tối 27/6. Ảnh:&nbsp;<em>Quỳnh Trần.</em></p>\r\n</figcaption>\r\n</figure>\r\n<p class=\"Normal\">Động th&aacute;i ngưng tập kết h&agrave;ng tại chợ H&oacute;c M&ocirc;n do nơi đ&acirc;y xuất hiện 19 ca nhiễm v&agrave; nhiều ca bệnh li&ecirc;n quan c&aacute;c chợ kh&aacute;c. Chợ c&oacute; diện t&iacute;ch 100.000 m2 với 350 sạp, hơn 4.000 tiểu thương, nh&acirc;n vi&ecirc;n v&agrave; l&agrave; một trong 3 chợ đầu mối lớn nhất TP HCM. Ch&iacute;nh quyền th&agrave;nh phố đ&atilde; l&ecirc;n phương &aacute;n điều tiết, ph&acirc;n phối, hỗ trợ tiểu thương sau khi chợ H&oacute;c M&ocirc;n tạm ngưng để tr&aacute;nh đứt g&atilde;y nguồn cung h&agrave;ng h&oacute;a.</p>\r\n<p class=\"Normal\">Tại&nbsp;<strong>chợ Sơn Kỳ,&nbsp;</strong>ng&agrave;y 19/6&nbsp;<a href=\"https://vnexpress.net/chuoi-lay-nhiem-lien-quan-cac-cho-4299770.html\" rel=\"dofollow\">ba tiểu thương</a>&nbsp;ở đ&acirc;y đến chợ đầu mối H&oacute;c M&ocirc;n lấy h&agrave;ng, sau đ&oacute; x&eacute;t nghiệm kết quả nhiễm nCoV. Tiến h&agrave;nh truy vết những người li&ecirc;n quan, cơ quan y tế ph&aacute;t hiện 93 trường hợp dương t&iacute;nh, l&agrave; tiểu thương, người nh&agrave; v&agrave; người sống gần chợ. Chợ đ&atilde; bị phong tỏa v&agrave; hơn 22.000 cư d&acirc;n sống ở khu vực chợ được lấy mẫu x&eacute;t nghiệm.</p>\r\n<p class=\"Normal\">Chuỗi l&acirc;y nhiễm c&aacute;c tiểu thương&nbsp;<strong>chợ Kim Bi&ecirc;n&nbsp;</strong>ph&aacute;t hiện ng&agrave;y 16/6, từ một ca dương t&iacute;nh l&agrave; người nh&agrave; nh&acirc;n vi&ecirc;n cửa h&agrave;ng quẹt gas ở chợ. Sau đ&oacute; cơ quan y tế ghi nhận th&ecirc;m 8 ca nhiễm. Cơ quan chức năng phong tỏa một phần đường Vũ Ch&iacute; Hiếu v&agrave; khu vực chợ Kim Bi&ecirc;n, đường Vạn Tượng, đoạn từ n&uacute;t giao Trịnh Ho&agrave;i Đức đến V&otilde; Văn Kiệt.</p>\r\n<p class=\"Normal\"><strong>Chợ Ho&agrave; Hưng</strong>&nbsp;(quận 10),&nbsp;<strong>chợ Nguyễn Tri Phương</strong>&nbsp;(quận 10),&nbsp;<strong>chợ Ho&agrave;ng Hoa Th&aacute;m</strong>&nbsp;(quận T&acirc;n B&igrave;nh)... cũng bị ngưng hoạt động do li&ecirc;n quan c&aacute;c ca Covid-19.</p>\r\n<figure class=\"tplCaption action_thumb_added\" data-size=\"true\">\r\n<div class=\"fig-picture\"><picture><source srcset=\"https://i1-vnexpress.vnecdn.net/2021/06/27/Cho-Covid-2-JPG-2787-1624804416.jpg?w=680&amp;h=0&amp;q=100&amp;dpr=1&amp;fit=crop&amp;s=zZO-Y4pKSQU8EdQszq3UFA 1x, https://i1-vnexpress.vnecdn.net/2021/06/27/Cho-Covid-2-JPG-2787-1624804416.jpg?w=1020&amp;h=0&amp;q=100&amp;dpr=1&amp;fit=crop&amp;s=_dsCvfriOpv6rcDlMhjk0g 1.5x, https://i1-vnexpress.vnecdn.net/2021/06/27/Cho-Covid-2-JPG-2787-1624804416.jpg?w=680&amp;h=0&amp;q=100&amp;dpr=2&amp;fit=crop&amp;s=yFxAoJUcl434N6fxYVnYXA 2x\" data-srcset=\"https://i1-vnexpress.vnecdn.net/2021/06/27/Cho-Covid-2-JPG-2787-1624804416.jpg?w=680&amp;h=0&amp;q=100&amp;dpr=1&amp;fit=crop&amp;s=zZO-Y4pKSQU8EdQszq3UFA 1x, https://i1-vnexpress.vnecdn.net/2021/06/27/Cho-Covid-2-JPG-2787-1624804416.jpg?w=1020&amp;h=0&amp;q=100&amp;dpr=1&amp;fit=crop&amp;s=_dsCvfriOpv6rcDlMhjk0g 1.5x, https://i1-vnexpress.vnecdn.net/2021/06/27/Cho-Covid-2-JPG-2787-1624804416.jpg?w=680&amp;h=0&amp;q=100&amp;dpr=2&amp;fit=crop&amp;s=yFxAoJUcl434N6fxYVnYXA 2x\" /><img class=\"lazy lazied\" src=\"https://i1-vnexpress.vnecdn.net/2021/06/27/Cho-Covid-2-JPG-2787-1624804416.jpg?w=680&amp;h=0&amp;q=100&amp;dpr=1&amp;fit=crop&amp;s=zZO-Y4pKSQU8EdQszq3UFA\" alt=\"Chợ đầu mối B&igrave;nh Điền ngưng hoạt động tạm thời để qu&acirc;n đội phun khử khuẩn to&agrave;n khu vực chợ. Ảnh: Hữu Khoa.\" width=\"100%\" height=\"auto\" loading=\"lazy\" data-src=\"https://i1-vnexpress.vnecdn.net/2021/06/27/Cho-Covid-2-JPG-2787-1624804416.jpg?w=680&amp;h=0&amp;q=100&amp;dpr=1&amp;fit=crop&amp;s=zZO-Y4pKSQU8EdQszq3UFA\" data-ll-status=\"loaded\" /></picture></div>\r\n<figcaption>\r\n<p class=\"Image\">Qu&acirc;n đội phun khử khuẩn to&agrave;n khu vực chợ đầu mối B&igrave;nh Điền, ng&agrave;y 27/6. Ảnh:&nbsp;<em>Hữu Khoa</em>.</p>\r\n</figcaption>\r\n</figure>\r\n<p class=\"Normal\">H&ocirc;m qua, to&agrave;n bộ&nbsp;<strong>chợ đầu mối B&igrave;nh Điền&nbsp;</strong>&ndash; nơi cung cấp 70% h&agrave;ng h&oacute;a, thực phẩm cho TP HCM phải tạm ngưng<a href=\"https://vnexpress.net/phun-khu-khuan-cho-dau-moi-lon-nhat-tp-hcm-4300666.html\" rel=\"dofollow\">&nbsp;hoạt động</a>&nbsp;để qu&acirc;n đội phun khử khuẩn khu chợ. Hơn 10 ng&agrave;y trước, ng&agrave;nh y tế th&agrave;nh phố ph&aacute;t hiện một bốc xếp tại chợ n&agrave;y mắc Covid-19 v&agrave; đến nay ghi nhận 32 ca nhiễm li&ecirc;n quan. Hiện, chợ đ&atilde; hoạt động trở lại với sự gi&aacute;m s&aacute;t của ch&iacute;nh quyền v&agrave; cơ quan y tế.</p>\r\n<p class=\"Normal\">Tại cuộc họp Ban chỉ đạo chống Covid-19 th&agrave;nh phố chiều 25/6, Chủ tịch UBND TP HCM Nguyễn Th&agrave;nh Phong cho biết lo ngại nhất hiện nay l&agrave; c&aacute;c ca nhiễm ph&aacute;t hiện ở chợ truyền thống, chợ đầu mối v&igrave; những nơi n&agrave;y mật độ tiếp x&uacute;c lớn.</p>\r\n<p class=\"Normal\">Trước đ&oacute;, UBND th&agrave;nh phố đ&atilde; cấm c&aacute;c chợ tự ph&aacute;t hoạt động từ ng&agrave;y 20/6 sau khi đ&aacute;nh gi&aacute; đ&acirc;y l&agrave; những khu vực nguy cơ cao về l&acirc;y nhiễm dịch.</p>\r\n<p class=\"Normal\">&Ocirc;ng Phong giao Sở C&ocirc;ng thương thảo luận với c&aacute;c quận li&ecirc;n quan, y&ecirc;u cầu c&aacute;c hộ kinh doanh trong c&aacute;c chợ đầu mối cam kết thực hiện bộ ti&ecirc;u ch&iacute; an to&agrave;n ph&ograve;ng dịch. Ri&ecirc;ng chợ truyền thống cần được t&iacute;nh to&aacute;n v&agrave; nghi&ecirc;n cứu m&ocirc; h&igrave;nh m&agrave; quận 8 đ&atilde; l&agrave;m l&agrave; cho c&aacute;c tiểu thương lu&acirc;n phi&ecirc;n, b&aacute;n theo ng&agrave;y.</p>\r\n<p class=\"Normal\">Sau đ&oacute; Sở C&ocirc;ng thương c&oacute; văn bản y&ecirc;u cầu TP Thủ Đức v&agrave; c&aacute;c quận huyện c&oacute; biện ph&aacute;p tăng cường ph&ograve;ng dịch tại c&aacute;c chợ truyền thống. C&aacute;c chợ tạm ngưng kinh doanh h&agrave;ng h&oacute;a kh&ocirc;ng thiết yếu. Tiểu thương phải ghi ch&eacute;p nhật k&yacute; b&aacute;n h&agrave;ng, th&ocirc;ng tin kh&aacute;ch... để phục vụ c&aacute;ch ly, truy vết khi cần thiết.</p>\r\n<p class=\"Normal\">Đến tối 27/6, TP HCM xếp thứ hai về tổng số ca nhiễm trong đợt dịch thứ 4 với 3.218 trường hợp, chỉ sau tỉnh Bắc Giang ghi nhận 5.630 ca.</p>\r\n</article>\r\n<p>&gt;</p>', 1, 1, NULL, 14);
INSERT INTO `posts` VALUES (7, 2, 4, 9, 'Bình yên nơi bản làng biên giới xứ Thanh - Test', '2021-08-18 11:46:02', NULL, 'Bình yên nơi bản làng biên giới xứ Thanh - Update 2', '<p>(updated)</p>\r\n<p>Trong tiết trời oi ả, thật l&yacute; tưởng khi bạn rời xa nơi phố thị ồn &atilde; để đến với P&ugrave; Lu&ocirc;ng, một điểm dừng ch&acirc;n ở v&ugrave;ng cao xứ Thanh để t&igrave;m về những vẻ đẹp nguy&ecirc;n sơ v&agrave; b&igrave;nh y&ecirc;n nơi n&uacute;i rừng, bản l&agrave;ng...&nbsp;</p>\r\n<div class=\"__MASTERCMS_CONTENT __MB_CONTENT_FOR_PRINTER mb-10 fw lt clearfix\">\r\n<div class=\"thoidai-body\">\r\n<div id=\"divfirst\">\r\n<figure>\r\n<p><img title=\"Con đường nhỏ xinh dẫn v&agrave;o P&ugrave; Lu&ocirc;ng.\" src=\"https://thoidai.com.vn/stores/news_dataimages/doan.phan/062021/29/14/e1baa3nh20120s20210629140936.9471970.jpg\" alt=\"Con đường nhỏ xinh dẫn v&agrave;o P&ugrave; Lu&ocirc;ng.\" width=\"100%\" height=\"auto\" data-pagespeed-url-hash=\"2403907365\" /></p>\r\n<figcaption>\r\n<p><em>Con đường nhỏ dẫn v&agrave;o P&ugrave; Lu&ocirc;ng.</em></p>\r\n</figcaption>\r\n</figure>\r\n<p>P&ugrave; Lu&ocirc;ng l&agrave; địa danh nổi tiếng ở xứ Thanh, c&aacute;ch TP. Thanh H&oacute;a khoảng 130km về ph&iacute;a T&acirc;y Bắc. V&ugrave;ng đất n&agrave;y thuộc địa phận 2 huyện của Thanh H&oacute;a l&agrave; Quan H&oacute;a v&agrave; B&aacute; Thước. Xung quanh l&agrave; những địa danh du lịch nổi tiếng như Bản L&aacute;c (Mai Ch&acirc;u - H&ograve;a B&igrave;nh), suối c&aacute; thần Cẩm Lương, rừng C&uacute;c Phương...V&igrave; vậy, h&agrave;nh tr&igrave;nh đến với P&ugrave; Lu&ocirc;ng, du kh&aacute;ch sẽ c&oacute; cơ hội được chi&ecirc;m ngưỡng nhiều vẻ đẹp kh&aacute;c nhau tr&ecirc;n những cung đường đầy thi vị.</p>\r\n<figure>\r\n<p><img title=\"Vẻ đẹp nguy&ecirc;n sơ thơ mộng của v&ugrave;ng đất P&ugrave; Lu&ocirc;ng.\" src=\"https://thoidai.com.vn/stores/news_dataimages/doan.phan/062021/29/14/e1baa3nh20220se1bbada20210629140937.4576840.jpg\" alt=\"Vẻ đẹp nguy&ecirc;n sơ thơ mộng của v&ugrave;ng đất P&ugrave; Lu&ocirc;ng.\" width=\"100%\" height=\"auto\" data-pagespeed-url-hash=\"3338265940\" /></p>\r\n<figcaption>\r\n<p><em>Vẻ đẹp nguy&ecirc;n sơ thơ mộng của v&ugrave;ng đất P&ugrave; Lu&ocirc;ng.</em></p>\r\n</figcaption>\r\n</figure>\r\n<p>Qua những đoạn đường uốn lượn quanh triền n&uacute;i nhấp nh&ocirc;, P&ugrave; Lu&ocirc;ng hiện ra trước mắt du kh&aacute;ch như một bức tranh tuyệt đẹp về xứ sở b&igrave;nh y&ecirc;n v&agrave; thơ mộng. Vẻ đẹp của P&ugrave; Lu&ocirc;ng được tạo bởi những sắc m&agrave;u đặc trưng của miền đất. Đ&oacute; l&agrave; vẻ đẹp của thung lũng với những bản l&agrave;ng nh&agrave; s&agrave;n của người Mường n&eacute;p m&igrave;nh dưới những ch&acirc;n n&uacute;i tr&ugrave;ng điệp, ph&iacute;a trước l&agrave; c&aacute;nh đồng l&uacute;a b&aacute;t ng&aacute;t, những d&ograve;ng suối uốn lượn v&agrave; những thửa ruộng bậc thang tựa như những s&oacute;ng l&uacute;a tuyệt đẹp. Ph&iacute;a xa xa l&agrave; đỉnh P&ugrave; Lu&ocirc;ng với rừng đại ng&agrave;n v&agrave; những &aacute;ng m&acirc;y bồng bềnh đầy m&ecirc; hoặc. Tất cả đ&atilde; tạo n&ecirc;n một P&ugrave; Lu&ocirc;ng với vẻ đẹp nguy&ecirc;n sơ đầy quyến rũ, một P&ugrave; Lu&ocirc;ng b&igrave;nh y&ecirc;n đến nhẹ l&ograve;ng v&agrave; một kh&ocirc;ng gian sống đậm sắc m&agrave;u văn h&oacute;a.</p>\r\n<figure>\r\n<p><img title=\"Những triền ruộng bậc thang đẹp như một bức họa\" src=\"https://thoidai.com.vn/stores/news_dataimages/doan.phan/062021/29/14/e1baa3nh20320se1bbada20210629140938.0903190.jpg\" alt=\"Những triền ruộng bậc thang đẹp như một bức họa\" width=\"100%\" height=\"auto\" data-pagespeed-url-hash=\"1907609030\" /></p>\r\n<figcaption>\r\n<p><em>Những triền ruộng bậc thang đẹp như một bức tranh</em></p>\r\n</figcaption>\r\n</figure>\r\n<p>Khi đến P&ugrave; Lu&ocirc;ng, du kh&aacute;ch c&oacute; thể đứng tr&ecirc;n đỉnh n&uacute;i P&ugrave; Lu&ocirc;ng cao vời vợi để ngắm nh&igrave;n tổng thể vẻ đẹp ph&iacute;a trước với thung lũng l&uacute;a, nh&agrave; s&agrave;n đẹp đến nao l&ograve;ng. Tr&ecirc;n đỉnh n&uacute;i, c&acirc;y rừng, hoa rừng nở bốn m&ugrave;a. Chiều chiều, m&acirc;y n&uacute;i s&agrave; xuống như &ocirc;m trọn lấy những tr&aacute;i n&uacute;i cao ngất, len lỏi những sợi m&acirc;y trắng muốt v&agrave;o m&agrave;u xanh của rừng khiến cho kh&ocirc;ng gian huyền ảo đầy b&iacute; ẩn. Nh&igrave;n xa xa, những triền ruộng bậc thang như chạy tới ch&acirc;n trời v&agrave; cả những s&oacute;ng n&uacute;i nhấp nh&ocirc;, b&agrave;ng bạc bởi &aacute;nh mặt trời. V&agrave;o m&ugrave;a nước đổ, đứng tr&ecirc;n đỉnh n&uacute;i m&agrave; quan s&aacute;t th&igrave; kh&ocirc;ng nơi đ&acirc;u s&aacute;nh bằng. Ruộng bậc thang lấp lo&aacute;ng m&agrave;u n&acirc;u sẫm, &aacute;nh l&ecirc;n bởi mặt trời rọi chiếu.</p>\r\n<figure>\r\n<p><img title=\"Những ng&ocirc;i nh&agrave; s&agrave;n của đồng b&agrave;o Mường thấp tho&aacute;ng b&ecirc;n sườn n&uacute;i P&ugrave; Lu&ocirc;ng.\" src=\"https://thoidai.com.vn/stores/news_dataimages/doan.phan/062021/29/14/e1baa3nh20520se1bbada20210629140938.7261580.jpg\" alt=\"Những ng&ocirc;i nh&agrave; s&agrave;n của đồng b&agrave;o Mường thấp tho&aacute;ng b&ecirc;n sườn n&uacute;i P&ugrave; Lu&ocirc;ng.\" width=\"100%\" height=\"auo\" data-pagespeed-url-hash=\"2609912563\" /></p>\r\n<figcaption>\r\n<p><em>Những ng&ocirc;i nh&agrave; s&agrave;n của đồng b&agrave;o Mường thấp tho&aacute;ng b&ecirc;n sườn n&uacute;i P&ugrave; Lu&ocirc;ng.</em></p>\r\n</figcaption>\r\n</figure>\r\n</div>\r\n<div id=\"admbackground\" class=\"banner-inpage clearfix\"></div>\r\n<p>Ph&iacute;a dưới ch&acirc;n n&uacute;i P&ugrave; Lu&ocirc;ng l&agrave; d&ograve;ng suối Hiếu m&aacute;t l&agrave;nh, nước trong vắt. Nước đổ về từ những con th&aacute;c ph&iacute;a rừng đại ng&agrave;n, tạo n&ecirc;n những thanh &acirc;m đậm chất n&uacute;i rừng. Suối chảy qua những c&aacute;nh đồng, nơi c&oacute; những cọn nước đang đều đặn quay v&ograve;ng để m&uacute;c nước đổ v&agrave;o đồng ruộng. Những cọn nước đ&atilde; mang đến cho P&ugrave; Lu&ocirc;ng một vẻ đẹp hoang sơ, thu h&uacute;t du kh&aacute;ch đến chi&ecirc;m ngưỡng.</p>\r\n<figure>\r\n<p><img title=\"Cọn nước ở P&ugrave; Lu&ocirc;ng.\" src=\"https://thoidai.com.vn/stores/news_dataimages/doan.phan/062021/29/14/kham-pha-pu-luong-voi-2-trieu-dong-0420210629140939.3251020.jpg\" alt=\"Cọn nước ở P&ugrave; Lu&ocirc;ng.\" width=\"100%\" height=\"auto\" data-pagespeed-url-hash=\"3203689292\" /></p>\r\n<figcaption>\r\n<p><em>Cọn nước ở P&ugrave; Lu&ocirc;ng.</em></p>\r\n</figcaption>\r\n</figure>\r\n<p>Bản l&agrave;ng người Mường ở P&ugrave; Lu&ocirc;ng l&agrave; nơi du kh&aacute;ch t&igrave;m về những gi&acirc;y ph&uacute;t b&igrave;nh y&ecirc;n. Những t&ecirc;n bản gợi l&ecirc;n trong t&acirc;m hồn du kh&aacute;ch bao điều kh&aacute;m ph&aacute; như Bản Pốn, Th&agrave;nh C&ocirc;ng, Cao Hoong, Bản Kịt, Bản Ươi, Bản Quắn. Tại đ&acirc;y, du kh&aacute;ch c&oacute; thể thả bộ hoặc đi xe đạp tr&ecirc;n những con đường l&agrave;ng nhỏ, uốn lượn quanh những thửa ruộng để t&igrave;m cảm gi&aacute;c thư th&aacute;i. Vừa đi, vừa c&oacute; thể ngắm nh&igrave;n những c&aacute;nh đồng l&uacute;a, những bản l&agrave;ng v&agrave; dừng ch&acirc;n ở một Homestay n&agrave;o đ&oacute; để nh&acirc;m nhi cốc c&agrave; ph&ecirc;.</p>\r\n<figure>\r\n<p><img title=\"Một g&oacute;c P&ugrave; Lu&ocirc;ng\" src=\"https://thoidai.com.vn/stores/news_dataimages/doan.phan/062021/29/14/2pl-resize20210629140940.4994940.jpg\" alt=\"Một g&oacute;c P&ugrave; Lu&ocirc;ng\" width=\"100%\" height=\"auto\" data-pagespeed-url-hash=\"2128237840\" /></p>\r\n<figcaption>\r\n<p><em>Một g&oacute;c P&ugrave; Lu&ocirc;ng</em></p>\r\n</figcaption>\r\n</figure>\r\n<p>V&agrave;o dịp th&aacute;ng 6 v&agrave; th&aacute;ng 10 l&agrave; hai thời điểm P&ugrave; Lu&ocirc;ng đẹp nao l&ograve;ng bởi sắc v&agrave;ng của l&uacute;a. Thời điểm n&agrave;y, khắp kh&ocirc;ng gian triền n&uacute;i, thung lũng, P&ugrave; Lu&ocirc;ng tr&agrave;n ngập sắc v&agrave;ng của l&uacute;a. Nếu đứng tr&ecirc;n cao m&agrave; nh&igrave;n xuống th&igrave; P&ugrave; Lu&ocirc;ng kh&ocirc;ng kh&aacute;c g&igrave; một biển v&agrave;ng đang tr&agrave;o d&acirc;ng sức sống. C&ograve;n đi tr&ecirc;n những con đường l&agrave;ng th&igrave; con người như bị ch&igrave;m v&agrave;o biển v&agrave;ng của l&uacute;a. V&agrave;o m&ugrave;a n&agrave;y, người d&acirc;n địa phương sẽ dựng l&ecirc;n những ch&ograve;i, những điểm dừng ch&acirc;n để phục vụ du kh&aacute;ch ngắm nh&igrave;n v&agrave; nghỉ ch&acirc;n. Những triền n&uacute;i P&ugrave; Lu&ocirc;ng như được bao phủ những tấm thảm v&agrave;ng rực rỡ. Đứng tr&ecirc;n đỉnh n&uacute;i m&agrave; check-in th&igrave; quả l&agrave; l&yacute; tưởng biết bao.</p>\r\n<figure>\r\n<p><img title=\"M&acirc;m đặc sản P&ugrave; Lu&ocirc;ng tại một nh&agrave; h&agrave;ng trong khu nghỉ dưỡng. Ảnh: Puluong Retreat.\" src=\"https://thoidai.com.vn/stores/news_dataimages/doan.phan/062021/29/14/kham-pha-pu-luong-voi-2-trieu-dong-0520210629140941.3069590.jpg\" alt=\"M&acirc;m đặc sản P&ugrave; Lu&ocirc;ng tại một nh&agrave; h&agrave;ng trong khu nghỉ dưỡng. Ảnh: Puluong Retreat.\" width=\"100%\" height=\"auto\" data-pagespeed-url-hash=\"3661632405\" /></p>\r\n<figcaption>\r\n<p><em>M&acirc;m đặc sản P&ugrave; Lu&ocirc;ng tại một nh&agrave; h&agrave;ng trong khu nghỉ dưỡng. Ảnh: Puluong Retreat.</em></p>\r\n</figcaption>\r\n</figure>\r\n<p>Dừng ch&acirc;n ở P&ugrave; Lu&ocirc;ng, du kh&aacute;ch c&ograve;n được chi&ecirc;m ngưỡng những n&eacute;t văn h&oacute;a địa phương mang đậm bản sắc của đồng b&agrave;o d&acirc;n tộc Mường. Tại đ&acirc;y, c&aacute;c dịch vụ nghỉ ngơi, ăn uống tại c&aacute;c Homestay kh&aacute; thuận tiện cho du kh&aacute;ch. Người d&acirc;n địa phương chế biến c&aacute;c m&oacute;n ăn đậm đ&agrave; dư vị như g&agrave; nướng, lợn bản, x&ocirc;i ngũ sắc, c&aacute; suối, rau măng rừng, rượu cần... Người d&acirc;n cũng rất đ&ocirc;n hậu, mến kh&aacute;ch v&agrave; lu&ocirc;n sẵn l&ograve;ng giới thiệu vẻ đẹp P&ugrave; Lu&ocirc;ng như một lời ch&agrave;o đầy th&acirc;n thiện với những ai đặt ch&acirc;n đến miền đất n&agrave;y.</p>\r\n</div>\r\n</div>\r\n<p>&gt;</p>\r\n<p>&gt;</p>\r\n<p>&gt;</p>\r\n<p>&gt;</p>\r\n<p>&gt;</p>\r\n<p>&gt;</p>', 2, 1, NULL, 6);
INSERT INTO `posts` VALUES (8, 2, 4, 9, 'Giới trẻ Hàn bất bình vì bị phân biệt đối xử về học vấn', '2021-08-18 11:33:36', NULL, 'Giới trẻ Hàn bất bình vì bị phân biệt đối xử về học vấn', '<p>\"C&oacute; những thanh ni&ecirc;n chỉ cần học h&agrave;nh m&agrave; kh&ocirc;ng phải lo chuyện l&agrave;m th&ecirc;m kiếm tiền ti&ecirc;u x&agrave;i, c&oacute; những người th&igrave; kh&ocirc;ng may mắn như vậy\", ch&iacute;nh trị gia Kang Min-jin n&oacute;i.</p>\r\n<div class=\"the-article-body\">\r\n<p>Sau khi Bộ Gi&aacute;o dục H&agrave;n Quốc tr&igrave;nh &yacute; kiến về dự luật chống ph&acirc;n biệt đối xử l&ecirc;n Quốc hội v&agrave; Bộ Tư ph&aacute;p, dư luận xứ kim chi nổ ra tranh luận gay gắt về việc tr&igrave;nh độ học vấn c&oacute; được coi như yếu tố g&acirc;y ra t&igrave;nh trạng so b&igrave;, đối xử bất c&ocirc;ng hay kh&ocirc;ng, theo<em>&nbsp;Korea Times.</em></p>\r\n<p>Hạ nghị sĩ Đảng C&ocirc;ng l&yacute; Jang Hye-young cho biết Bộ Gi&aacute;o dục chưa nh&igrave;n nhận nền tảng học vấn như một trong c&aacute;c nguy&ecirc;n nh&acirc;n dẫn đến t&igrave;nh trạng ph&acirc;n biệt đối xử. Nhiều &yacute; kiến coi đ&acirc;y l&agrave; th&agrave;nh quả từ sự lựa chọn v&agrave; nỗ lực c&aacute; nh&acirc;n, kh&ocirc;ng mang yếu tố bẩm sinh như giới t&iacute;nh, xu hướng t&iacute;nh dục, quốc tịch...</p>\r\n<p>\"Khi n&oacute;i tới nền tảng học vấn, nỗ lực c&aacute; nh&acirc;n kh&ocirc;ng phải yếu tố duy nhất. Ngo&agrave;i ra, điều kiện sống, khả năng t&agrave;i ch&iacute;nh... cũng ảnh hưởng kh&ocirc;ng nhỏ\", Hạ nghị sĩ Jang n&oacute;i.</p>\r\n<div class=\"z-photoviewer-wrapper \" align=\"center\">\r\n<div class=\"z-img-popup\">\r\n<div class=\"z-img-popup-overlay\">&nbsp;</div>\r\n</div>\r\n<table class=\"picture\" align=\"center\">\r\n<tbody>\r\n<tr>\r\n<td class=\"pic\">\r\n<div class=\"zad-inimage-wrapper\"><img class=\"unveil\" title=\"ph&acirc;n biệt đối xử về học vấn ở h&agrave;n ảnh 1\" src=\"https://znews-photo.zadn.vn/w660/Uploaded/ayhunkt/2021_06_29/SKoreaedu_1200x746.jpg\" alt=\"phan biet doi xu ve hoc van o han anh 1\" width=\"100%\" height=\"auto\" /></div>\r\n</td>\r\n</tr>\r\n<tr>\r\n<td class=\"pCaption caption\">\r\n<p>Nhiều người trẻ cảm thấy bất b&igrave;nh khi c&aacute;c học sinh, sinh vi&ecirc;n gia đ&igrave;nh gi&agrave;u c&oacute; được trao nhiều cơ hội, đặc quyền hơn trong học tập. Ảnh:&nbsp;<em>Rowan Callick.</em></p>\r\n</td>\r\n</tr>\r\n</tbody>\r\n</table>\r\n</div>\r\n<p>C&aacute;c th&agrave;nh vi&ecirc;n kh&aacute;c thuộc Đảng C&ocirc;ng l&yacute; đồng t&igrave;nh rằng nhiều người trẻ H&agrave;n phải chấp nhận c&aacute;ch biệt về cơ hội học tập từ khi c&ograve;n trẻ v&agrave; một số c&aacute; nh&acirc;n được hưởng lợi &iacute;ch lớn hơn nhờ điều kiện t&agrave;i ch&iacute;nh gia đ&igrave;nh.</p>\r\n<p>\"Nhiều gia đ&igrave;nh c&oacute; điều kiện cho con em học trường mẫu gi&aacute;o song ngữ, học trường tư nh&acirc;n v&agrave; du học nước ngo&agrave;i. Ở kh&iacute;a cạnh gi&aacute;o dục, người trẻ sẽ c&oacute; nhiều cơ hội hơn nếu c&oacute; sự hỗ trợ tiền bạc từ cha mẹ\", Kang Min-jin, người đứng đầu chương tr&igrave;nh thanh ni&ecirc;n Đảng C&ocirc;ng l&yacute;, trả lời trước Quốc hội v&agrave;o cuộc họp b&aacute;o ng&agrave;y 25/6.</p>\r\n<p>V&agrave;i năm gần đ&acirc;y, nhiều người trẻ xứ kim chi l&ecirc;n tiếng chỉ tr&iacute;ch c&aacute;c ch&iacute;nh trị gia vướng v&agrave;o b&ecirc; bối lợi dụng sức ảnh hưởng gi&uacute;p con em c&oacute; cơ hội gi&aacute;o dục đặc c&aacute;ch, được nhận v&agrave;o c&aacute;c cơ sở gi&aacute;o dục đại học h&agrave;ng đầu.</p>\r\n<p>\"C&oacute; những thanh ni&ecirc;n chỉ cần học h&agrave;nh m&agrave; kh&ocirc;ng phải lo chuyện l&agrave;m th&ecirc;m kiếm tiền ti&ecirc;u x&agrave;i, c&oacute; những người th&igrave; kh&ocirc;ng may mắn như vậy. Nhiều &yacute; kiến n&oacute;i nền tảng học tập l&agrave; kết quả nỗ lực, nhưng thực tế ch&uacute;ng ta đang sống th&igrave; kh&ocirc;ng giống vậy\", Kang b&agrave;y tỏ.</p>\r\n<p>Vấn đề ph&acirc;n biệt đối xử dựa tr&ecirc;n nền tảng học vấn đang g&acirc;y ra nhiều tranh c&atilde;i tr&ecirc;n mạng x&atilde; hội H&agrave;n Quốc.</p>\r\n<p>C&oacute; một số d&acirc;n mạng e ngại dự luật ngăn t&igrave;nh trạng so b&igrave;, bắt nạt dựa v&agrave;o trường lớp, tr&igrave;nh độ m&agrave; người trẻ theo học c&oacute; thể dẫn đến h&igrave;nh thức ph&acirc;n biệt kh&aacute;c hướng đến c&aacute;c học sinh, sinh vi&ecirc;n nỗ lực học tập.</p>\r\n<p>Lại c&oacute; &yacute; kiến cho rằng nếu người trẻ vẫn được trao lợi &iacute;ch v&agrave; cơ hội học tập tốt hơn bằng khả năng t&agrave;i ch&iacute;nh, ảnh hưởng từ cha mẹ, t&igrave;nh trạng ph&acirc;n biệt đối xử sẽ tiếp diễn.</p>\r\n</div>\r\n<p>&gt;</p>', 1, 0, NULL, 3);
INSERT INTO `posts` VALUES (9, 2, 4, 9, 'Tình yêu bền chặt của Luka Modric và các tuyển thủ Croatia', '2021-08-18 11:33:20', NULL, 'Tình yêu bền chặt của Luka Modric và các tuyển thủ Croatia', '<p>C&aacute;c cầu thủ Croatia như Luka Modric, Mateo Kovacic, Duje Ćaleta-Car đều được ngưỡng mộ khi c&oacute; chuyện t&igrave;nh l&atilde;ng mạn k&eacute;o d&agrave;i nhiều năm.</p>\r\n<div class=\"the-article-body\">\r\n<div class=\"z-photoviewer-wrapper \" align=\"center\">\r\n<div class=\"z-photo-backdrop\">&nbsp;</div>\r\n<div class=\"z-img-popup\">\r\n<div class=\"z-img-popup-overlay\">\r\n<div class=\"z-photo-caption\"><span class=\"z-desc\">Ng&ocirc;i sao s&aacute;ng nhất đội tuyển Croatia Luka Modric gặp b&agrave; x&atilde; Vanja Bosnic v&agrave;o năm 2007 khi anh c&ograve;n thi đấu cho Dinamo Zagreb. L&uacute;c đ&oacute;, Modric cho biết anh ho&agrave;n to&agrave;n say m&ecirc; c&ocirc; g&aacute;i lớn hơn m&igrave;nh 3 tuổi. Ch&acirc;n s&uacute;t sinh năm 1985 đ&atilde; quyết t&acirc;m \"cưa đổ\" crush bằng những cuộc gọi k&eacute;o d&agrave;i h&agrave;ng tiếng đồng hồ. Năm 2010, cả hai ch&iacute;nh thức về chung một nh&agrave; v&agrave; lu&ocirc;n được xem l&agrave; một trong những cặp vợ chồng kiểu mẫu của l&agrave;ng t&uacute;c cầu thế giới. Ảnh: lukamodric10.</span></div>\r\n<div class=\"z-img-container\">\r\n<div class=\"z-img-container-inner\">\r\n<div class=\"z-img-sub-inner\">\r\n<div class=\"z-lazyimage-container\">\r\n<div class=\"z-img\"><img class=\"unveil\" src=\"https://znews-photo.zadn.vn/w1920/Uploaded/mdf_uswreo/2021_06_28/lukamodric10_1080w.jpg\" alt=\"vo cau thu croatia anh 1\" width=\"100%\" height=\"auto\" /></div>\r\n</div>\r\n</div>\r\n</div>\r\n</div>\r\n<button class=\"z-close-btn\"></button></div>\r\n</div>\r\n</div>\r\n<div class=\"z-photoviewer-wrapper \" align=\"center\">\r\n<div class=\"z-photo-backdrop\">&nbsp;</div>\r\n<div class=\"z-img-popup\">\r\n<div class=\"z-img-popup-overlay\">\r\n<div class=\"z-photo-caption\"><span class=\"z-desc\">Izabel Andrijanic l&agrave; vợ của tiền vệ Mateo Kovacic. C&ocirc; được mệnh danh l&agrave; n&agrave;ng WAGs quyến rũ nhất của tuyển Croatia khi c&oacute; ngoại h&igrave;nh đẹp như si&ecirc;u mẫu c&ugrave;ng gu thời trang sang chảnh, thời thượng. Ảnh: mateokovacic8.</span>\r\n<ul class=\"z-share-wrapper\">\r\n<li class=\"btnZalo blue zalo-share-button \" data-oaid=\"4564080408575020426\" data-layout=\"icon-text\" data-customize=\"true\" data-href=\"https://zingnews.vn/tinh-yeu-ben-chat-cua-luka-modric-va-cac-tuyen-thu-croatia-post1232318.html#zingweb_category_category104_newslatest_13?utm_source=zalo&amp;utm_medium=zalomsg&amp;utm_campaign=zingdesktop\"><iframe src=\"https://sp.zalo.me/plugins/share?dev=null&amp;color=null&amp;oaid=4564080408575020426&amp;href=https%3A%2F%2Fzingnews.vn%2Ftinh-yeu-ben-chat-cua-luka-modric-va-cac-tuyen-thu-croatia-post1232318.html%23zingweb_category_category104_newslatest_13%3Futm_source%3Dzalo%26utm_medium%3Dzalomsg%26utm_campaign%3Dzingdesktop&amp;layout=icon-text&amp;customize=true&amp;callback=null&amp;id=d3dad970-91dc-4d42-abc8-e79a26bfe2ff&amp;domain=zingnews.vn&amp;android=false&amp;ios=false\" width=\"0px\" height=\"0px\" frameborder=\"0\" scrolling=\"no\" allowfullscreen=\"allowfullscreen\" data-mce-fragment=\"1\"></iframe></li>\r\n<li>&nbsp;</li>\r\n</ul>\r\n</div>\r\n<div class=\"z-img-container\">\r\n<div class=\"z-img-container-inner\">\r\n<div class=\"z-img-sub-inner\">\r\n<div class=\"z-lazyimage-container\">\r\n<div class=\"z-img\"><img class=\"unveil\" src=\"https://znews-photo.zadn.vn/w1920/Uploaded/mdf_uswreo/2021_06_28/mateokovacic8_1080w_1_.jpg\" alt=\"vo cau thu croatia anh 2\" width=\"100%\" height=\"auto\" /></div>\r\n</div>\r\n</div>\r\n</div>\r\n</div>\r\n<button class=\"z-close-btn\"></button></div>\r\n</div>\r\n</div>\r\n<div class=\"z-photoviewer-wrapper \" align=\"center\">\r\n<div class=\"z-photo-backdrop\">&nbsp;</div>\r\n<div class=\"z-img-popup\">\r\n<div class=\"z-img-popup-overlay\">\r\n<div class=\"z-photo-caption\"><span class=\"z-desc\">Izabel v&agrave; Mateo n&ecirc;n duy&ecirc;n vợ chồng v&agrave;o th&aacute;ng 6/2017. Trước khi tiến tới h&ocirc;n nh&acirc;n, họ đ&atilde; c&oacute; qu&atilde;ng thời gian 6 năm hẹn h&ograve;. Izabel tốt nghiệp chuy&ecirc;n ng&agrave;nh kinh tế tại Đại học Zagreb (Croatia) v&agrave; hiện l&agrave;m việc trong lĩnh vực thời trang. Ảnh: izakova.</span></div>\r\n<div class=\"z-img-container\">\r\n<div class=\"z-img-container-inner\">\r\n<div class=\"z-img-sub-inner\">\r\n<div class=\"z-lazyimage-container\">\r\n<div class=\"z-img\"><img class=\"unveil\" src=\"https://znews-photo.zadn.vn/w1920/Uploaded/mdf_uswreo/2021_06_28/izakovaDa_xac_minhLondon_Black_Cab_1080w.jpg\" alt=\"vo cau thu croatia anh 4\" width=\"100%\" height=\"auto\" /></div>\r\n</div>\r\n</div>\r\n</div>\r\n</div>\r\n<button class=\"z-close-btn\"></button></div>\r\n</div>\r\n<div class=\"z-img-popup\">\r\n<div class=\"z-img-popup-overlay\">\r\n<div class=\"z-photo-caption\"><span class=\"z-desc\">Izabel v&agrave; Mateo n&ecirc;n duy&ecirc;n vợ chồng v&agrave;o th&aacute;ng 6/2017. Trước khi tiến tới h&ocirc;n nh&acirc;n, họ đ&atilde; c&oacute; qu&atilde;ng thời gian 6 năm hẹn h&ograve;. Izabel tốt nghiệp chuy&ecirc;n ng&agrave;nh kinh tế tại Đại học Zagreb (Croatia) v&agrave; hiện l&agrave;m việc trong lĩnh vực thời trang. Ảnh: izakova.</span>\r\n<ul class=\"z-share-wrapper\">\r\n<li class=\"btnZalo blue zalo-share-button \" data-oaid=\"4564080408575020426\" data-layout=\"icon-text\" data-customize=\"true\" data-href=\"https://zingnews.vn/tinh-yeu-ben-chat-cua-luka-modric-va-cac-tuyen-thu-croatia-post1232318.html#zingweb_category_category104_newslatest_13?utm_source=zalo&amp;utm_medium=zalomsg&amp;utm_campaign=zingdesktop\"><iframe src=\"https://sp.zalo.me/plugins/share?dev=null&amp;color=null&amp;oaid=4564080408575020426&amp;href=https%3A%2F%2Fzingnews.vn%2Ftinh-yeu-ben-chat-cua-luka-modric-va-cac-tuyen-thu-croatia-post1232318.html%23zingweb_category_category104_newslatest_13%3Futm_source%3Dzalo%26utm_medium%3Dzalomsg%26utm_campaign%3Dzingdesktop&amp;layout=icon-text&amp;customize=true&amp;callback=null&amp;id=e06bfe4a-27ff-407f-821e-15dae69b3046&amp;domain=zingnews.vn&amp;android=false&amp;ios=false\" width=\"0px\" height=\"0px\" frameborder=\"0\" scrolling=\"no\" allowfullscreen=\"allowfullscreen\" data-mce-fragment=\"1\"></iframe></li>\r\n<li>&nbsp;</li>\r\n</ul>\r\n</div>\r\n<div class=\"z-img-container\">\r\n<div class=\"z-img-container-inner\">\r\n<div class=\"z-img-sub-inner\">\r\n<div class=\"z-lazyimage-container\">\r\n<div class=\"z-img\"><img class=\"unveil loaded\" src=\"https://znews-photo.zadn.vn/w1920/Uploaded/mdf_uswreo/2021_06_28/izakovaDa_xac_minh_1080w.jpg\" alt=\"vo cau thu croatia anh 3\" width=\"100%\" height=\"auto\" /></div>\r\n</div>\r\n</div>\r\n</div>\r\n</div>\r\n<button class=\"z-close-btn\"></button></div>\r\n</div>\r\n</div>\r\n<div class=\"z-photoviewer-wrapper \" align=\"center\">\r\n<div class=\"z-photo-backdrop\">&nbsp;</div>\r\n</div>\r\n<div class=\"z-photoviewer-wrapper \" align=\"center\">\r\n<div class=\"z-photo-backdrop\">&nbsp;</div>\r\n<div class=\"z-img-popup\">\r\n<div class=\"z-img-popup-overlay\">\r\n<div class=\"z-photo-caption\"><span class=\"z-desc\">Trước khi c&ocirc;ng khai hẹn h&ograve; với thủ th&agrave;nh Croatia, Helena nổi tiếng với danh xưng \"rich kid\". Tr&ecirc;n trang c&aacute; nh&acirc;n với h&agrave;ng chục ngh&igrave;n lượt theo d&otilde;i, c&ocirc; n&agrave;ng thường xuy&ecirc;n khoe ảnh d&ugrave;ng đồ hiệu, xe sang, đi du lịch khắp nơi tr&ecirc;n thế giới. Ảnh: helenamatic.</span>\r\n<ul class=\"z-share-wrapper\">\r\n<li class=\"btnZalo blue zalo-share-button \" data-oaid=\"4564080408575020426\" data-layout=\"icon-text\" data-customize=\"true\" data-href=\"https://zingnews.vn/tinh-yeu-ben-chat-cua-luka-modric-va-cac-tuyen-thu-croatia-post1232318.html?utm_source=zalo&amp;utm_medium=zalomsg&amp;utm_campaign=zingdesktop\"><img class=\"loaded unveil\" src=\"https://znews-photo.zadn.vn/w1920/Uploaded/mdf_uswreo/2021_06_28/helenamatic_1080w_1_.jpg\" alt=\"vo cau thu croatia anh 7\" width=\"100%\" height=\"auto\" /></li>\r\n</ul>\r\n</div>\r\n<button class=\"z-close-btn\"></button></div>\r\n</div>\r\n<div class=\"z-img-popup\">\r\n<div class=\"z-img-popup-overlay\">\r\n<div class=\"z-photo-caption\"><span class=\"z-desc\">Trước khi c&ocirc;ng khai hẹn h&ograve; với thủ th&agrave;nh Croatia, Helena nổi tiếng với danh xưng \"rich kid\". Tr&ecirc;n trang c&aacute; nh&acirc;n với h&agrave;ng chục ngh&igrave;n lượt theo d&otilde;i, c&ocirc; n&agrave;ng thường xuy&ecirc;n khoe ảnh d&ugrave;ng đồ hiệu, xe sang, đi du lịch khắp nơi tr&ecirc;n thế giới. Ảnh: helenamatic.</span>\r\n<ul class=\"z-share-wrapper\">\r\n<li class=\"btnZalo blue zalo-share-button \" data-oaid=\"4564080408575020426\" data-layout=\"icon-text\" data-customize=\"true\" data-href=\"https://zingnews.vn/tinh-yeu-ben-chat-cua-luka-modric-va-cac-tuyen-thu-croatia-post1232318.html?utm_source=zalo&amp;utm_medium=zalomsg&amp;utm_campaign=zingdesktop\">&nbsp;</li>\r\n<li>&nbsp;</li>\r\n</ul>\r\n</div>\r\n<div class=\"z-img-container\">\r\n<div class=\"z-img-container-inner\">\r\n<div class=\"z-img-sub-inner\">\r\n<div class=\"z-lazyimage-container\">\r\n<div class=\"z-img\"><img class=\"loaded unveil\" src=\"https://znews-photo.zadn.vn/w1920/Uploaded/mdf_uswreo/2021_06_28/helenamatic_1080w_2_.jpg\" alt=\"vo cau thu croatia anh 6\" width=\"100%\" height=\"auto\" /></div>\r\n</div>\r\n</div>\r\n</div>\r\n</div>\r\n<button class=\"z-close-btn\"></button></div>\r\n</div>\r\n</div>\r\n<div class=\"z-photoviewer-wrapper \" align=\"center\">\r\n<div class=\"z-photo-backdrop\">&nbsp;</div>\r\n<div class=\"z-img-popup\">\r\n<div class=\"z-img-popup-overlay\">\r\n<div class=\"z-photo-caption\"><span class=\"z-desc\">Cầu thủ Duje Ćaleta-Car v&agrave; bạn g&aacute;i l&acirc;u năm Adriana Đurđević đ&atilde; tổ chức h&ocirc;n lễ ri&ecirc;ng tư tại th&agrave;nh phố Dubrovnik, qu&ecirc; hương của c&ocirc; d&acirc;u, v&agrave;o cuối th&aacute;ng 5 vừa qua. Sau gần 5 năm ở b&ecirc;n nhau, cặp đ&ocirc;i cũng th&ocirc;ng b&aacute;o sắp l&ecirc;n chức bố mẹ trong ng&agrave;y trọng đại. Ảnh: adrianadurdevic.</span>\r\n<ul class=\"z-share-wrapper\">\r\n<li class=\"btnZalo blue zalo-share-button \" data-oaid=\"4564080408575020426\" data-layout=\"icon-text\" data-customize=\"true\" data-href=\"https://zingnews.vn/tinh-yeu-ben-chat-cua-luka-modric-va-cac-tuyen-thu-croatia-post1232318.html?utm_source=zalo&amp;utm_medium=zalomsg&amp;utm_campaign=zingdesktop\">&nbsp;</li>\r\n<li>&nbsp;</li>\r\n</ul>\r\n</div>\r\n<div class=\"z-img-container\">\r\n<div class=\"z-img-container-inner\">\r\n<div class=\"z-img-sub-inner\">\r\n<div class=\"z-lazyimage-container\">\r\n<div class=\"z-img\"><img class=\"unveil\" src=\"https://znews-photo.zadn.vn/w1920/Uploaded/mdf_uswreo/2021_06_28/adrianadurdevic_1080w_1_.jpg\" alt=\"vo cau thu croatia anh 8\" width=\"100%\" height=\"auto\" /></div>\r\n</div>\r\n</div>\r\n</div>\r\n</div>\r\n<button class=\"z-close-btn\"></button></div>\r\n</div>\r\n</div>\r\n<div class=\"z-photoviewer-wrapper \" align=\"center\">\r\n<div class=\"z-photo-backdrop\">&nbsp;</div>\r\n<div class=\"z-img-popup\">\r\n<div class=\"z-img-popup-overlay\">\r\n<div class=\"z-photo-caption\"><span class=\"z-desc\">Adriana l&agrave; influencer c&oacute; h&agrave;ng trăm ngh&igrave;n follow tr&ecirc;n mạng x&atilde; hội. Người đẹp đ&atilde; chuyển từ qu&ecirc; hương Dubrovnik đến Marseille, nơi Duje đang chơi cho c&acirc;u lạc bộ b&oacute;ng đ&aacute; c&ugrave;ng t&ecirc;n, để ủng hộ sự nghiệp b&oacute;ng đ&aacute; của chồng. Ảnh: adrianadurdevic.</span>\r\n<ul class=\"z-share-wrapper\">\r\n<li class=\"btnZalo blue zalo-share-button \" data-oaid=\"4564080408575020426\" data-layout=\"icon-text\" data-customize=\"true\" data-href=\"https://zingnews.vn/tinh-yeu-ben-chat-cua-luka-modric-va-cac-tuyen-thu-croatia-post1232318.html?utm_source=zalo&amp;utm_medium=zalomsg&amp;utm_campaign=zingdesktop\">&nbsp;</li>\r\n<li>&nbsp;</li>\r\n</ul>\r\n</div>\r\n<div class=\"z-img-container\">\r\n<div class=\"z-img-container-inner\">\r\n<div class=\"z-img-sub-inner\">\r\n<div class=\"z-lazyimage-container\">\r\n<div class=\"z-img\"><img class=\"loaded unveil\" src=\"https://znews-photo.zadn.vn/w1920/Uploaded/mdf_uswreo/2021_06_28/adrianadurdevic_1080w_2_.jpg\" alt=\"vo cau thu croatia anh 10\" width=\"100%\" height=\"auto\" /></div>\r\n</div>\r\n</div>\r\n</div>\r\n</div>\r\n<button class=\"z-close-btn\"></button></div>\r\n</div>\r\n<div class=\"z-img-popup\">\r\n<div class=\"z-img-popup-overlay\">\r\n<div class=\"z-photo-caption\"><span class=\"z-desc\">Adriana l&agrave; influencer c&oacute; h&agrave;ng trăm ngh&igrave;n follow tr&ecirc;n mạng x&atilde; hội. Người đẹp đ&atilde; chuyển từ qu&ecirc; hương Dubrovnik đến Marseille, nơi Duje đang chơi cho c&acirc;u lạc bộ b&oacute;ng đ&aacute; c&ugrave;ng t&ecirc;n, để ủng hộ sự nghiệp b&oacute;ng đ&aacute; của chồng. Ảnh: adrianadurdevic.</span>\r\n<ul class=\"z-share-wrapper\">\r\n<li class=\"btnZalo blue zalo-share-button \" data-oaid=\"4564080408575020426\" data-layout=\"icon-text\" data-customize=\"true\" data-href=\"https://zingnews.vn/tinh-yeu-ben-chat-cua-luka-modric-va-cac-tuyen-thu-croatia-post1232318.html?utm_source=zalo&amp;utm_medium=zalomsg&amp;utm_campaign=zingdesktop\">&nbsp;</li>\r\n<li>&nbsp;</li>\r\n</ul>\r\n</div>\r\n<div class=\"z-img-container\">\r\n<div class=\"z-img-container-inner\">\r\n<div class=\"z-img-sub-inner\">\r\n<div class=\"z-lazyimage-container\">\r\n<div class=\"z-img\"><img class=\"loaded unveil\" src=\"https://znews-photo.zadn.vn/w1920/Uploaded/mdf_uswreo/2021_06_28/adrianadurdevic_1080w_3_.jpg\" alt=\"vo cau thu croatia anh 9\" width=\"100%\" height=\"auto\" /></div>\r\n</div>\r\n</div>\r\n</div>\r\n</div>\r\n<button class=\"z-close-btn\"></button></div>\r\n</div>\r\n</div>\r\n<div class=\"z-photoviewer-wrapper \" align=\"center\">\r\n<div class=\"z-photo-backdrop\">&nbsp;</div>\r\n<div class=\"z-img-popup\">\r\n<div class=\"z-img-popup-overlay\">\r\n<div class=\"z-photo-caption\"><span class=\"z-desc\">Tiền vệ Mario Pa&scaron;alić đ&atilde; kết h&ocirc;n với bạn g&aacute;i l&acirc;u năm Marija Grbe&scaron;a tại nh&agrave; thờ Ciovo v&agrave;o năm 2019. H&ocirc;n lễ của bộ đ&ocirc;i thu h&uacute;t sự ch&uacute; &yacute; khi quy tụ d&agrave;n kh&aacute;ch mời l&agrave; những gương mặt nổi tiếng của b&oacute;ng đ&aacute; Croatia như: Tonći Mujan, Zvonimir Milić, Mihovil Klapan. Ảnh: pasalicmario.</span></div>\r\n<div class=\"z-img-container\">\r\n<div class=\"z-img-container-inner\">\r\n<div class=\"z-img-sub-inner\">\r\n<div class=\"z-lazyimage-container\">\r\n<div class=\"z-img\"><img class=\"unveil\" src=\"https://znews-photo.zadn.vn/w1920/Uploaded/mdf_uswreo/2021_06_28/pasalicmarioDa_xac_minhBergamo_Italy_1080w.jpg\" alt=\"vo cau thu croatia anh 11\" width=\"100%\" height=\"auto\" /></div>\r\n</div>\r\n</div>\r\n</div>\r\n</div>\r\n<button class=\"z-close-btn\"></button></div>\r\n</div>\r\n</div>\r\n</div>\r\n<p>&gt;</p>', 1, 0, NULL, 6);
INSERT INTO `posts` VALUES (10, 2, 4, 9, 'Hải Quế, Tấn Trường khoe ảnh vợ con trong ngày Gia đình Việt Nam', '2021-08-18 11:31:47', NULL, 'Hải Quế, Tấn Trường khoe ảnh vợ con trong ngày Gia đình Việt Nam', '<p>Nh&acirc;n ng&agrave;y Gia đ&igrave;nh Việt Nam 28/6, c&aacute;c cầu thủ v&agrave; WAGs của tuyển Việt Nam đ&atilde; chia sẻ cảm x&uacute;c, lời tri &acirc;n tới người th&acirc;n y&ecirc;u.</p>\r\n<div class=\"the-article-body\">\r\n<p>Tr&ecirc;n mạng x&atilde; hội, đội trưởng tuyển Việt Nam Quế Ngọc Hải đăng bức ảnh c&ugrave;ng vợ con nh&acirc;n ng&agrave;y Gia đ&igrave;nh Việt Nam. Tấm h&igrave;nh ghi lại kỷ niệm từ khi con g&aacute;i Sunny mới được &iacute;t th&aacute;ng tuổi.</p>\r\n<p>\"Sunny n&oacute;i ba mẹ đi chụp ảnh với em b&eacute;, kh&ocirc;ng cho con đi chụp c&ugrave;ng\", b&agrave; x&atilde; của trung vệ qu&ecirc; Nghệ An b&igrave;nh luận về chuyện Sunny kh&ocirc;ng nhận ra ch&iacute;nh m&igrave;nh trong bức ảnh cũ.</p>\r\n<div class=\"z-photoviewer-wrapper \" align=\"center\">\r\n<div class=\"z-photo-backdrop\">&nbsp;</div>\r\n<table class=\"picture\" align=\"center\">\r\n<tbody>\r\n<tr>\r\n<td class=\"pic\">\r\n<div class=\"zad-inimage-wrapper\"><img class=\"unveil\" title=\"hội cầu thủ việt nam ảnh 1\" src=\"https://znews-photo.zadn.vn/w660/Uploaded/ofh_btgazspf/2021_06_28/204198535_3847182598723680_1733901273401617248_n_2_1.jpg\" alt=\"hoi cau thu viet nam anh 1\" width=\"100%\" height=\"auto\" data-title=\"hội cầu thủ việt nam ảnh 1\" /></div>\r\n</td>\r\n</tr>\r\n<tr>\r\n<td class=\"pCaption caption\">\r\n<p>Con g&aacute;i Quế Ngọc Hải kh&ocirc;ng nhận ra ch&iacute;nh m&igrave;nh trong tấm ảnh cũ. Ảnh:&nbsp;<em>Quế Ngọc Hải.</em></p>\r\n</td>\r\n</tr>\r\n</tbody>\r\n</table>\r\n</div>\r\n<p>Quế Ngọc Hải đang c&ugrave;ng c&aacute;c đồng đội CLB Viettel thi đấu v&ograve;ng loại AFC Champions League ở Th&aacute;i Lan. Anh kh&ocirc;ng giấu được nỗi nhớ gia đ&igrave;nh suốt thời gian d&agrave;i giải phải tham gia c&aacute;c giải đấu kh&aacute;c nhau.</p>\r\n<p>Khi vừa kết th&uacute;c h&agrave;nh tr&igrave;nh ở UAE, đang c&aacute;ch ly tại Th&aacute;i Lan, trung vệ qu&ecirc; Nghệ An đăng clip về c&ocirc;ng ch&uacute;a nhỏ được b&agrave; x&atilde; Th&ugrave;y Phương gửi l&ecirc;n story trang c&aacute; nh&acirc;n. Trong đoạn video, khi mẹ hỏi \"Con đang l&agrave;m g&igrave; đấy\", Sunny đ&aacute;p lại \"Con đang đợi ba về\".</p>\r\n<p>Ng&agrave;y 23/6, nam trung vệ đăng bức ảnh chụp chung với b&agrave; x&atilde; Dương Th&ugrave;y Phương v&agrave; con g&aacute;i. \"Nhớ Việt Nam. Nhớ 2 bạn y&ecirc;u của m&igrave;nh\", anh viết.</p>\r\n<div class=\"z-photoviewer-wrapper \" align=\"center\">\r\n<div class=\"z-photo-backdrop\">&nbsp;</div>\r\n<div class=\"z-img-popup\">\r\n<div class=\"z-img-popup-overlay\">\r\n<div class=\"z-photo-caption\"><span class=\"z-desc\">B&agrave; x&atilde; B&ugrave;i Tiến Dũng đăng ảnh kỷ niệm nh&acirc;n ng&agrave;y Gia đ&igrave;nh Việt Nam. Ảnh: Nguyễn Kh&aacute;nh Linh.</span>\r\n<p><iframe src=\"https://sp.zalo.me/plugins/share?dev=null&amp;color=null&amp;oaid=4564080408575020426&amp;href=https%3A%2F%2Fzingnews.vn%2Fhai-que-tan-truong-khoe-anh-vo-con-trong-ngay-gia-dinh-viet-nam-post1232298.html%23zingweb_category_category104_newslatest_19%3Futm_source%3Dzalo%26utm_medium%3Dzalomsg%26utm_campaign%3Dzingdesktop&amp;layout=icon-text&amp;customize=true&amp;callback=null&amp;id=abe4b871-3d90-46ee-aa21-271192763ce0&amp;domain=zingnews.vn&amp;android=false&amp;ios=false\" width=\"0px\" height=\"0px\" frameborder=\"0\" scrolling=\"no\" allowfullscreen=\"allowfullscreen\" data-mce-fragment=\"1\"></iframe><img class=\"unveil\" src=\"https://znews-photo.zadn.vn/w1920/Uploaded/ofh_btgazspf/2021_06_28/201259485_2933487576912424_8914389322051302010_n.jpg\" alt=\"hoi cau thu viet nam anh 2\" width=\"100%\" height=\"auto\" /></p>\r\n</div>\r\n<button class=\"z-close-btn\"></button></div>\r\n</div>\r\n</div>\r\n<p>Tr&ecirc;n trang c&aacute; nh&acirc;n, Nguyễn Kh&aacute;nh Linh, b&agrave; x&atilde; trung vệ B&ugrave;i Tiến Dũng đăng bức ảnh chụp chung với chồng v&agrave; con g&aacute;i nhỏ.</p>\r\n<p>\"Ch&uacute;c mừng ng&agrave;y Gia đ&igrave;nh Việt Nam. Nh&agrave; l&agrave; nơi \'b&atilde;o dừng sau c&aacute;nh cửa\'. Bất kể tương lai xảy đến thế n&agrave;o, th&igrave; mỗi ng&agrave;y ch&uacute;ng ta b&ecirc;n nhau đều l&agrave; một ng&agrave;y tuyệt vời của cuộc đời\", Kh&aacute;nh Linh viết.</p>\r\n<p>Dưới b&agrave;i đăng, nhiều bạn b&egrave; v&agrave; người theo d&otilde;i đ&atilde; gửi lời ch&uacute;c mừng hạnh ph&uacute;c đến gia đ&igrave;nh nhỏ. Tr&ecirc;n trang c&aacute; nh&acirc;n, trung vệ tuyển Việt Nam cũng bật m&iacute; vợ đang bầu b&eacute; thứ hai.</p>\r\n<p>Hiện tại, B&ugrave;i Tiến Dũng đang thi đấu tại Th&aacute;i Lan. Từ khi tham gia v&ograve;ng loại thứ hai World Cup 2022 ở UAE đến nay, anh vẫn chưa được gặp lại vợ con. Tr&ecirc;n trang c&aacute; nh&acirc;n, &ocirc;ng bố trẻ thường xuy&ecirc;n đăng ảnh con g&aacute;i Sushi để vơi bớt nỗi nhớ gia đ&igrave;nh.</p>\r\n<div class=\"z-photoviewer-wrapper \" align=\"center\">\r\n<div class=\"z-photo-backdrop\">&nbsp;</div>\r\n<div class=\"z-img-popup\">\r\n<div class=\"z-img-popup-overlay\">&nbsp;</div>\r\n</div>\r\n<div class=\"z-img-popup\">\r\n<div class=\"z-img-popup-overlay\">\r\n<div class=\"z-img-container\">\r\n<div class=\"z-img-container-inner\">\r\n<div class=\"z-img-sub-inner\">\r\n<div class=\"z-lazyimage-container\">\r\n<div class=\"z-img\">&nbsp;</div>\r\n</div>\r\n</div>\r\n</div>\r\n</div>\r\n<button class=\"z-close-btn\"></button></div>\r\n</div>\r\n<table class=\"picture gallery\" align=\"center\">\r\n<tbody>\r\n<tr>\r\n<td class=\"pic\">\r\n<div class=\"photoset-item\"><img class=\"unveil loaded\" title=\"hội cầu thủ việt nam ảnh 3\" src=\"https://znews-photo.zadn.vn/w660/Uploaded/ofh_btgazspf/2021_06_28/208595264_3051425855135484_5816191173379228431_n.jpg\" alt=\"hoi cau thu viet nam anh 3\" width=\"100%\" height=\"auto\" /></div>\r\n<div class=\"photoset-item\"><img class=\"loaded unveil\" title=\"hội cầu thủ việt nam ảnh 4\" src=\"https://znews-photo.zadn.vn/w660/Uploaded/ofh_btgazspf/2021_06_28/203155945_3051426235135446_5056678626828229_n.jpg\" alt=\"hoi cau thu viet nam anh 4\" width=\"100%\" height=\"auto\" /></div>\r\n</td>\r\n</tr>\r\n<tr>\r\n<td class=\"pCaption caption\">\r\n<p>B&ugrave;i Tấn Trường đăng ảnh đ&ocirc;ng đủ b&ecirc;n nội (ảnh tr&aacute;i) v&agrave; b&ecirc;n ngoại nh&acirc;n ng&agrave;y đặc biệt. Ảnh:&nbsp;<em>Tấn Trường B&ugrave;i.</em></p>\r\n</td>\r\n</tr>\r\n</tbody>\r\n</table>\r\n</div>\r\n<p>Thủ m&ocirc;n B&ugrave;i Tấn Trường đăng hai bức ảnh tập thể b&ecirc;n nội v&agrave; b&ecirc;n ngoại để ch&uacute;c mừng ng&agrave;y Gia đ&igrave;nh Việt Nam 28/6. Người g&aacute;c đền sinh năm 1986 được nhận x&eacute;t l&agrave; \"c&acirc;y h&agrave;i\" của tuyển Việt Nam song cũng rất t&igrave;nh cảm, s&acirc;u sắc.</p>\r\n<p>Phải tiếp tục c&aacute;ch ly tập trung tại TP.HCM đến hết th&aacute;ng 6, nam thủ th&agrave;nh c&oacute; phần hụt hẫng nhưng lu&ocirc;n tự động vi&ecirc;n m&igrave;nh v&agrave; livestream để giải tr&iacute; trong khu c&aacute;ch ly. Anh c&ograve;n nhiều lần gửi lời nhắn ngọt ng&agrave;o đến b&agrave; x&atilde; khiến fan ghen tỵ.</p>\r\n</div>\r\n<p>&gt;</p>', 1, 0, 'Cần cung cấp thông tin đầy đủ thêm', 0);
INSERT INTO `posts` VALUES (11, 2, 1, 9, 'Đằng sau cái chết của quan chức Nhật tự sát vì thấy tội lỗi', '2021-08-18 11:30:50', NULL, 'Đằng sau cái chết của quan chức Nhật tự sát vì thấy tội lỗi', '<p>&Ocirc;ng Toshio Akagi để lại một l&aacute; thư cho vợ n&oacute;i rằng &ocirc;ng bị &eacute;p thay đổi c&aacute;c t&agrave;i liệu li&ecirc;n quan đến một vụ b&ecirc; bối của ch&iacute;nh phủ. Người vợ vừa gi&agrave;nh được quyền xem t&agrave;i liệu n&agrave;y.</p>\r\n<div class=\"the-article-body\">\r\n<p>Khi chồng của b&agrave; Masako Akagi tự tử v&agrave;o m&ugrave;a xu&acirc;n năm 2018, &ocirc;ng đ&atilde; để lại một l&aacute; thư. V&agrave;i d&ograve;ng ngắn gọn trong mẩu thư đ&oacute; đ&atilde; đặt người vợ v&agrave;o cuộc chiến với những ch&iacute;nh trị gia quyền lực nhất Nhật Bản, theo&nbsp;<em>New York Times.</em></p>\r\n<p>Ch&iacute;nh trị gia qu&aacute; cố viết lại rằng ch&iacute;nh phủ đ&atilde; g&acirc;y sức &eacute;p khiến &ocirc;ng phải sửa đổi c&aacute;c t&agrave;i liệu li&ecirc;n quan đến vợ của cựu Thủ tướng Shinzo Abe. T&agrave;i liệu n&agrave;y li&ecirc;n quan đến một thương vụ bất động sản, l&agrave; một b&ecirc; bối quốc gia. Toshio Akagi n&oacute;i th&ecirc;m trong thư rằng tội lỗi n&agrave;y đ&atilde; khiến &ocirc;ng tự kết liễu đời m&igrave;nh, theo&nbsp;<em>New York Times</em>.</p>\r\n<div class=\"z-photoviewer-wrapper \" align=\"right\">\r\n<div class=\"z-img-popup\">\r\n<div class=\"z-img-popup-overlay\">\r\n<div class=\"z-img-container\">\r\n<div class=\"z-img-container-inner\">\r\n<div class=\"z-img-sub-inner\">\r\n<div class=\"z-lazyimage-container\">\r\n<div class=\"z-img\">&nbsp;</div>\r\n</div>\r\n</div>\r\n</div>\r\n</div>\r\n<button class=\"z-close-btn\"></button></div>\r\n</div>\r\n<table class=\"picture\" align=\"right\">\r\n<tbody>\r\n<tr>\r\n<td class=\"pic\"><img class=\"unveil\" title=\"hồ sơ chứng minh b&ecirc; bối,  ch&iacute;nh trị,  Nhật Bản ảnh 1\" src=\"https://znews-photo.zadn.vn/w360/Uploaded/rgstzz/2021_06_25/huhu.jpeg\" alt=\"ho so chung minh be boi,  chinh tri,  Nhat Ban anh 1\" width=\"100%\" height=\"auto\" /></td>\r\n</tr>\r\n<tr>\r\n<td class=\"pCaption caption\">\r\n<p>&Ocirc;ng Shinzo Abe, khi c&ograve;n l&agrave; thủ tướng Nhật Bản, v&agrave; vợ &ocirc;ng, b&agrave; Akie Abe, v&agrave;o năm 2020. B&agrave; Abe c&oacute; li&ecirc;n quan đến một thương vụ bất động sản đ&atilde; trở th&agrave;nh vụ b&ecirc; bối quốc gia. Ảnh:&nbsp;<em>New York Times</em>.</p>\r\n</td>\r\n</tr>\r\n</tbody>\r\n</table>\r\n</div>\r\n<p>L&aacute; thư &ocirc;ng Toshio để lại trước khi tự tử c&ograve;n n&ecirc;u th&ecirc;m rằng bằng chứng về vụ việc n&agrave;y đ&atilde; được &ocirc;ng bi&ecirc;n soạn v&agrave; lưu giữ trong một bộ hồ sơ. Tuy nhi&ecirc;n, ch&iacute;nh phủ vẫn chưa c&ocirc;ng nhận về sự tồn tại của bộ hồ sơ đ&oacute;. Từ đ&oacute;, b&agrave; Akagi một m&igrave;nh theo đuổi \"cuộc chiến độc m&atilde;\" để t&igrave;m ra sự thật.</p>\r\n<h3>H&agrave;nh tr&igrave;nh gi&agrave;nh lại bộ hồ sơ</h3>\r\n<p>H&ocirc;m 22/6, ch&iacute;nh phủ Nhật đ&atilde; c&ocirc;ng bố hồ sơ d&agrave;i hơn 500 trang. Bộ hồ sơ ghi lại chi tiết c&aacute;c hoạt động của chồng b&agrave; Akagi với c&aacute;c quan chức Bộ T&agrave;i ch&iacute;nh, bao gồm email v&agrave; c&aacute;c bằng chứng kh&aacute;c để chứng minh lời khẳng định của chồng b&agrave;. Bằng sự nỗ lực, b&agrave; Akagi đ&atilde; đưa những quan chức l&agrave;m việc thiếu minh bạch ra &aacute;nh s&aacute;ng.</p>\r\n<p>Nội dung của hồ sơ, trong đ&oacute; c&oacute; một số giao dịch, l&agrave;m s&aacute;ng tỏ một số b&iacute; ẩn li&ecirc;n quan đến c&aacute;i chết của chồng b&agrave; Akagi.</p>\r\n<p>Một v&agrave;i manh mối để lại nghi vấn rằng &ocirc;ng Toshio đ&atilde; chịu &aacute;p lực rất lớn để che đậy b&ecirc; bối li&ecirc;n quan đến b&agrave; Akie Abe, vợ của thủ tướng tại vị l&acirc;u nhất Nhật Bản. Giao dịch đất đai trong vụ việc n&agrave;y li&ecirc;n quan đến trường học nơi b&agrave; Abe l&agrave;m hiệu trưởng danh dự. Theo đ&oacute;, b&agrave; đ&atilde; mua đất c&ocirc;ng x&acirc;y dựng trường với gi&aacute; rẻ bất thường.</p>\r\n<p>Vụ việc đ&atilde; đặt ra một số c&acirc;u hỏi cho người kế nhiệm của &ocirc;ng Shinzo Abe, Thủ tướng Yoshihide Suga v&agrave; &ocirc;ng Taro Aso, Bộ trưởng Bộ T&agrave;i ch&iacute;nh hiện tại v&agrave; l&agrave; cựu thủ tưởng. Vụ việc c&oacute; thể khiến danh tiếng trong giới ch&iacute;nh trị của &ocirc;ng Abe bị ảnh hưởng.</p>\r\n<p>Ch&iacute;nh quyền từ chối trả lời c&acirc;u hỏi quan trọng nhất rằng ai chịu tr&aacute;ch nhiệm cho sự việc n&agrave;y. Khi c&aacute;c t&agrave;i liệu đến văn ph&ograve;ng luật sư của b&agrave; Akagi v&agrave;o h&ocirc;m 22/6, t&ecirc;n của nhiều người được đề cập đ&atilde; bị che đi với những sọc đen d&agrave;y.</p>\r\n<p>Tuy việc c&ocirc;ng bố hồ sơ kh&ocirc;ng c&oacute; hậu quả ch&iacute;nh trị lớn đối với &ocirc;ng Suga hay &ocirc;ng Aso, đ&acirc;y l&agrave; lời nhắc nhở rằng &ldquo;vụ b&ecirc; bối chưa bao giờ thực sự kh&eacute;p lại. C&acirc;u hỏi liệu c&oacute; sự tham gia của c&aacute;c cấp ch&iacute;nh trị cao hơn hay kh&ocirc;ng vẫn chưa s&aacute;ng tỏ&rdquo;, Tobias Harris, một chuy&ecirc;n gia về Nhật Bản tại Trung t&acirc;m Tiến bộ Mỹ, người đ&atilde; viết một cuốn s&aacute;ch về &ocirc;ng Abe, n&oacute;i với&nbsp;<em>New York Times.</em></p>\r\n<p>Hồ sơ đ&atilde; được bi&ecirc;n soạn lại v&agrave; kh&ocirc;ng đưa ra bằng chứng li&ecirc;n quan đến c&aacute;c quan chức cấp cao. Kh&ocirc;ng c&oacute; c&aacute;o buộc h&igrave;nh sự n&agrave;o trong vụ &aacute;n được ghi nhận.</p>\r\n<div class=\"z-photoviewer-wrapper \" align=\"center\">\r\n<div class=\"z-img-popup\">\r\n<div class=\"z-img-popup-overlay\">&nbsp;</div>\r\n</div>\r\n<table class=\"picture\" align=\"center\">\r\n<tbody>\r\n<tr>\r\n<td class=\"pic\"><img class=\"unveil\" title=\"hồ sơ chứng minh b&ecirc; bối,  ch&iacute;nh trị,  Nhật Bản ảnh 2\" src=\"https://znews-photo.zadn.vn/w860/Uploaded/rgstzz/2021_06_25/giay_to.jpeg\" alt=\"ho so chung minh be boi,  chinh tri,  Nhat Ban anh 2\" width=\"100%\" height=\"auto\" data-title=\"hồ sơ chứng minh b&ecirc; bối,  ch&iacute;nh trị,  Nhật Bản ảnh 2\" /></td>\r\n</tr>\r\n<tr>\r\n<td class=\"pCaption caption\">\r\n<p>B&agrave; Masako Akagi, vợ của một quan chức Bộ T&agrave;i ch&iacute;nh đ&atilde; tự tử, kiểm tra \"hồ sơ Akagi\", được ch&iacute;nh phủ giao h&ocirc;m 22/6. Ảnh:&nbsp;<em>Japan Times</em>.</p>\r\n</td>\r\n</tr>\r\n</tbody>\r\n</table>\r\n</div>\r\n<h3>Nhiều nghi vấn</h3>\r\n<p>Vụ tiết lộ hồ sơ đ&atilde; đặt ra c&acirc;u hỏi về quy tr&igrave;nh quản l&yacute; dưới thời &ocirc;ng Abe.</p>\r\n<p>&ldquo;Vụ việc cho thấy nhiều vấn đề xuất ph&aacute;t từ cấu tr&uacute;c của ch&iacute;nh quyền &ocirc;ng Abe. Ch&uacute;ng ta phải tự hỏi liệu những cấu tr&uacute;c đ&oacute; l&agrave;m đ&uacute;ng chức năng dưới thời &ocirc;ng Suga hay kh&ocirc;ng&rdquo;, &ocirc;ng Izuru Makihara, gi&aacute;o sư về hệ thống h&agrave;nh ch&iacute;nh ch&iacute;nh trị tại Đại học Tokyo, đặt vấn đề.</p>\r\n<p>Bộ hồ sơ đ&atilde; thu h&uacute;t sự ch&uacute; &yacute; tới c&aacute;c vấn đề về t&iacute;nh minh bạch của ch&iacute;nh phủ Nhật Bản. Trong những năm gần đ&acirc;y, nhiều quan chức ch&iacute;nh phủ bị c&aacute;o buộc đ&atilde; cố t&igrave;nh ti&ecirc;u hủy c&aacute;c t&agrave;i liệu c&oacute; khả năng buộc tội v&agrave; giả mạo dữ liệu.</p>\r\n<p>&Ocirc;ng Yasuomi Sawa, gi&aacute;o sư b&aacute;o ch&iacute; tại Đại học Senshu ở Tokyo, cho biết điều hiếm gặp về trường hợp li&ecirc;n quan đến thỏa thuận đất đai l&agrave; &ldquo;ch&iacute;nh phủ x&aacute;c nhận đ&atilde; thao t&uacute;ng c&aacute;c t&agrave;i liệu ch&iacute;nh thức&rdquo;.</p>\r\n<p>Theo l&yacute; thuyết, luật ph&aacute;p Nhật Bản y&ecirc;u cầu ch&iacute;nh phủ cung cấp c&aacute;c t&agrave;i liệu về một loạt c&aacute;c vấn đề cho c&ocirc;ng ch&uacute;ng. Nhưng tr&ecirc;n thực tế, c&aacute;c y&ecirc;u cầu thường bị cản trở. T&ograve;a &aacute;n kh&ocirc;ng muốn buộc c&aacute;c quan chức phải tu&acirc;n theo. C&aacute;c thẩm ph&aacute;n &ldquo;th&iacute;ch giữ mọi thứ tiến triển su&ocirc;n sẻ hơn l&agrave; đưa ra quyết định tạo tiền lệ quan trọng cho c&ocirc;ng ch&uacute;ng&rdquo;, &ocirc;ng Sawa n&oacute;i.</p>\r\n<p>Ph&aacute;t biểu trước Quốc hội Nhật Bản, &ocirc;ng Abe từng cam kết rằng nếu &ocirc;ng hoặc vợ &ocirc;ng c&oacute; li&ecirc;n quan đến thỏa thuận đất đai, &ocirc;ng sẽ từ chức.</p>\r\n<p>Hồ sơ cho thấy &ocirc;ng Akagi chịu &aacute;p lực lớn nhằm thay đổi c&aacute;c t&agrave;i liệu c&oacute; thể buộc tội nh&agrave; l&atilde;nh đạo. Ban đầu, &ocirc;ng đ&atilde; nỗ lực chống lại nhưng cấp tr&ecirc;n li&ecirc;n tục g&acirc;y sức &eacute;p. Cuối c&ugrave;ng, &ocirc;ng Akagi phải nhượng bộ.</p>\r\n<p>V&agrave;o th&aacute;ng 3/2018, b&agrave; Akagi trở về nh&agrave; v&agrave; ph&aacute;t hiện chồng m&igrave;nh đ&atilde; qua đời. Bức thư &ocirc;ng Toshio để lại b&agrave;y tỏ cảm gi&aacute;c tội lỗi về h&agrave;nh động của m&igrave;nh.</p>\r\n<p>&ldquo;Chồng t&ocirc;i đ&atilde; rất đau khổ về việc giả mạo c&aacute;c t&agrave;i liệu&rdquo;, b&agrave; Akagi n&oacute;i với c&aacute;c ph&oacute;ng vi&ecirc;n h&ocirc;m 24/6.</p>\r\n<div class=\"z-photoviewer-wrapper \" align=\"right\">\r\n<div class=\"z-img-popup\">\r\n<div class=\"z-img-popup-overlay\">&nbsp;</div>\r\n</div>\r\n<table class=\"picture\" align=\"right\">\r\n<tbody>\r\n<tr>\r\n<td class=\"pic\"><img class=\"unveil\" title=\"hồ sơ chứng minh b&ecirc; bối,  ch&iacute;nh trị,  Nhật Bản ảnh 3\" src=\"https://znews-photo.zadn.vn/w360/Uploaded/rgstzz/2021_06_25/Screen_Shot_2021_06_25_at_11.31.37_AM.png\" alt=\"ho so chung minh be boi,  chinh tri,  Nhat Ban anh 3\" width=\"100%\" height=\"auto\" /></td>\r\n</tr>\r\n<tr>\r\n<td class=\"pCaption caption\">\r\n<p>B&agrave; Akagi được nh&igrave;n thấy tại phường Kita của Osaka, v&agrave;o ng&agrave;y 6/5 khi cầm tr&ecirc;n tay giấy tờ m&agrave; ch&iacute;nh phủ thừa nhận sự tồn tại của \"hồ sơ Akagi\". Ảnh:&nbsp;<em>Mainichi</em>.</p>\r\n</td>\r\n</tr>\r\n</tbody>\r\n</table>\r\n</div>\r\n<p>V&agrave;o th&aacute;ng 6/2018, Bộ T&agrave;i ch&iacute;nh đ&atilde; ho&agrave;n th&agrave;nh một cuộc điều tra về việc giả mạo, đưa ra c&aacute;c h&igrave;nh phạt nhẹ đối với c&aacute;c quan chức li&ecirc;n quan. Nhiều quan chức trong nh&oacute;m n&agrave;y đ&atilde; được thăng chức sau đ&oacute;.</p>\r\n<p>Sau khi &ocirc;ng Toshio qua đời, b&agrave; Akagi y&ecirc;u cầu văn ph&ograve;ng cũ của chồng phải bồi thường. B&agrave; cho rằng việc &ocirc;ng tự tử phải được xếp v&agrave;o nh&oacute;m li&ecirc;n quan đến c&ocirc;ng việc.</p>\r\n<p>Văn ph&ograve;ng đ&atilde; đồng &yacute;. V&agrave;o th&aacute;ng 2/2019, văn ph&ograve;ng đ&atilde; th&ocirc;ng b&aacute;o ch&iacute;nh thức về quyết định n&agrave;y.</p>\r\n<p>Nhưng bất chấp mọi y&ecirc;u cầu, văn ph&ograve;ng từ chối cung cấp l&yacute; do đi đến kết luận bồi thường. Ch&iacute;nh phủ l&uacute;c đ&oacute; từ chối x&aacute;c nhận sự tồn tại hồ sơ của &ocirc;ng Akagi.</p>\r\n<p>Năm 2020, b&agrave; Akagi quyết định đưa vụ việc l&ecirc;n t&ograve;a &aacute;n. B&agrave; kiện ch&iacute;nh phủ đ&ograve;i 110 triệu yen, tương đương gần&nbsp;<abbr class=\"rate-usd\">1 triệu USD</abbr>. B&agrave; cũng c&ocirc;ng bố thư tuyệt mệnh của chồng nhằm g&acirc;y &aacute;p lực l&ecirc;n ch&iacute;nh quyền.</p>\r\n<p>B&agrave; muốn &ldquo;đảm bảo rằng kh&ocirc;ng c&oacute; c&ocirc;ng chức n&agrave;o kh&aacute;c sẽ phải chết giống như chồng t&ocirc;i. T&ocirc;i muốn thực hiện mong muốn của anh l&agrave; sự thật phải được giải th&iacute;ch với c&ocirc;ng ch&uacute;ng&rdquo;, b&agrave; n&oacute;i h&ocirc;m 24/6.</p>\r\n<p>Akagi cho biết b&agrave; tin rằng tr&aacute;ch nhiệm về c&aacute;i chết của chồng m&igrave;nh cuối c&ugrave;ng thuộc về &ocirc;ng Aso. Tuy nhi&ecirc;n, &ocirc;ng Aso n&oacute;i rằng &ocirc;ng kh&ocirc;ng c&oacute; kế hoạch y&ecirc;u cầu bộ của m&igrave;nh mở một cuộc điều tra mới về vụ việc hoặc tiết lộ th&ocirc;ng tin m&agrave; ch&iacute;nh phủ cho đến nay vẫn giữ k&iacute;n.</p>\r\n<p>B&agrave; Akagi cho rằng &ocirc;ng Aso v&agrave; c&aacute;c quan chức t&agrave;i ch&iacute;nh kh&ocirc;ng phải l&agrave; người đưa ra quyết định cuối c&ugrave;ng.</p>\r\n<p>&ldquo;Họ l&agrave; những người đang ở trong t&igrave;nh trạng bị điều tra. Họ kh&ocirc;ng c&oacute; tư c&aacute;ch để n&oacute;i liệu c&oacute; n&ecirc;n tiến h&agrave;nh một cuộc điều tra hay kh&ocirc;ng\", b&agrave; Akagi cho biết.</p>\r\n</div>\r\n<p>&gt;</p>', 1, 0, NULL, 7);
INSERT INTO `posts` VALUES (12, 2, 2, 9, 'Quyết phát triển siêu vaccine để dập tắt đại dịch', '2021-08-18 11:30:13', NULL, 'Quyết phát triển siêu vaccine để dập tắt đại dịch', '<p>Một số nh&agrave; khoa học ti&ecirc;n phong đ&atilde; quyết t&acirc;m ph&aacute;t triển &ldquo;si&ecirc;u vaccine&rdquo; để ngừa mọi loại biến thể của virus corona chỉ với một mũi ti&ecirc;m duy nhất, theo Financial Times.</p>\r\n<div class=\"the-article-body\">\r\n<p>SARS-CoV-2 đ&atilde; tước đi sinh mạng của gần 4 triệu người trong 18 th&aacute;ng qua. Đ&acirc;y l&agrave; chủng virus corona beta thứ ba l&acirc;y lan ở người trong hai thập kỷ qua.</p>\r\n<p>Ph&acirc;n họ Orthocoronavirinae của SARS-CoV-2 xuất hiện phổ biến ở dơi v&agrave; động vật gặm nhấm. Ph&acirc;n họ n&agrave;y cũng bao gồm SARS-CoV-1, chủng virus đ&atilde; tước đi mạng sống của hơn 700 người v&agrave;o năm 2003.</p>\r\n<p>Ngo&agrave;i ra, Mers-CoV (được ph&aacute;t hiện lần đầu ở Saudi Arabia) thuộc ph&acirc;n họ n&oacute;i tr&ecirc;n cũng đ&atilde; g&acirc;y ra hơn 850 ca tử vong v&agrave;o năm 2012.</p>\r\n<p>Melanie Saville, gi&aacute;m đốc nghi&ecirc;n cứu v&agrave; ph&aacute;t triển vaccine tại Li&ecirc;n minh Đổi mới Đối ph&oacute; Dịch bệnh, đ&atilde; k&ecirc;u gọi ph&aacute;t triển loại chế phẩm c&oacute; thể bảo vệ người ti&ecirc;m khỏi bất kỳ chủng virus corona n&agrave;o, kể cả những biến thể &ldquo;c&oacute; thể l&acirc;y từ động vật sang người trong tương lai&rdquo;.</p>\r\n<p>Tiến sĩ Saville l&agrave; một trong số những người đứng đầu phụ tr&aacute;ch dự &aacute;n chế tạo &ldquo;si&ecirc;u vaccine&rdquo; n&oacute;i tr&ecirc;n.</p>\r\n<p>&ldquo;Từ đ&acirc;y về sau, ch&uacute;ng ta c&oacute; hai c&acirc;u hỏi ch&iacute;nh cần trả lời&rdquo;, b&agrave; Saville n&oacute;i với&nbsp;<em>Financial Times</em>. &ldquo;Ch&uacute;ng ta cần l&agrave;m g&igrave; để chấm dứt đại dịch n&agrave;y v&agrave; sau đ&oacute; ch&uacute;ng ta phải l&agrave;m thế n&agrave;o để ngăn đại dịch tiếp theo kh&ocirc;ng b&ugrave;ng ph&aacute;t?&rdquo;.</p>\r\n<div class=\"z-photoviewer-wrapper \" align=\"center\">\r\n<div class=\"z-photo-backdrop\">&nbsp;</div>\r\n<div class=\"z-img-popup\">\r\n<div class=\"z-img-popup-overlay\">&nbsp;</div>\r\n</div>\r\n<table class=\"picture\" align=\"center\">\r\n<tbody>\r\n<tr>\r\n<td class=\"pic\"><img class=\"unveil\" title=\"si&ecirc;u vaccine Covid-19 ảnh 1\" src=\"https://znews-photo.zadn.vn/w860/Uploaded/liqpwivo/2021_06_28/supershot1.jpg\" alt=\"sieu vaccine Covid-19 anh 1\" width=\"100%\" height=\"auto\" /></td>\r\n</tr>\r\n<tr>\r\n<td class=\"pCaption caption\">\r\n<p>Melanie Saville, gi&aacute;m đốc nghi&ecirc;n cứu v&agrave; ph&aacute;t triển vaccine tại Li&ecirc;n minh Đổi mới Đối ph&oacute; Dịch bệnh. Ảnh:&nbsp;<em>AFP.</em></p>\r\n</td>\r\n</tr>\r\n</tbody>\r\n</table>\r\n</div>\r\n<h3>Vaccine đa trị</h3>\r\n<p>Trong bối cảnh biến chủng Delta của virus corona gần đ&acirc;y lan truyền với tốc độ ch&oacute;ng mặt, nh&oacute;m nghi&ecirc;n cứu c&agrave;ng gấp r&uacute;t hơn trong việc tập trung chế tạo &ldquo;si&ecirc;u vaccine&rdquo; ngừa Covid-19.</p>\r\n<p>Gi&aacute;o sư Chris Whitty, Gi&aacute;m đốc y tế của Anh, dự đo&aacute;n rằng &ldquo;vaccine đa trị&rdquo; gi&uacute;p ngừa nhiều loại virus corona &ldquo;sẽ giữ vị tr&iacute; quan trọng trong việc chống lại c&aacute;c biến thể mới&rdquo;.</p>\r\n<p>Tuy nhi&ecirc;n, qu&aacute; tr&igrave;nh dẫn đến th&agrave;nh phẩm mang t&ecirc;n &ldquo;vaccine đa trị&rdquo; vẫn c&ograve;n đầy rẫy th&aacute;ch thức. Thực tế rằng giới khoa học đ&atilde; loay hoay trong việc ph&aacute;t triển vaccine ngừa HIV suốt nhiều thập kỷ l&agrave; minh chứng r&otilde; n&eacute;t cho những kh&oacute; khăn m&agrave; c&aacute;c nh&agrave; nghi&ecirc;n cứu vaccine phải đối mặt.</p>\r\n<p>C&aacute;c vaccine ngừa Covid-19 hiện tại tập trung v&agrave;o việc tạo ra kh&aacute;ng thể để v&ocirc; hiệu h&oacute;a protein đột biến m&agrave; virus corona sử dụng để x&acirc;m nhập v&agrave;o cơ thể người.</p>\r\n<p>Tuy nhi&ecirc;n, tiến sĩ Saville giải th&iacute;ch rằng nhược điểm của c&aacute;ch tiếp cận n&agrave;y l&agrave; &ldquo;ch&uacute;ng ta cần li&ecirc;n tục cập nhật vaccine, bởi virus corona tiến h&oacute;a để n&eacute; tr&aacute;nh phản ứng miễn dịch được k&iacute;ch hoạt bởi vaccine&rdquo;.</p>\r\n<p>Trong khi đ&oacute;, vaccine đa trị tấn c&ocirc;ng c&aacute;c etilop b&ecirc;n trong virus, chặn đứng khả năng tr&aacute;nh n&eacute; hệ miễn dịch của SARS-CoV-2, theo tiến sĩ Saville.</p>\r\n<div class=\"z-photoviewer-wrapper \" align=\"center\">\r\n<div class=\"z-photo-backdrop\">&nbsp;</div>\r\n<div class=\"z-img-popup\">\r\n<div class=\"z-img-popup-overlay\">\r\n<div class=\"z-photo-caption\">&nbsp;</div>\r\n<button class=\"z-close-btn\"></button></div>\r\n</div>\r\n<table class=\"picture\" align=\"center\">\r\n<tbody>\r\n<tr>\r\n<td class=\"pic\"><img class=\"unveil\" title=\"si&ecirc;u vaccine Covid-19 ảnh 2\" src=\"https://znews-photo.zadn.vn/w860/Uploaded/liqpwivo/2021_06_28/supershot2.JPG\" alt=\"sieu vaccine Covid-19 anh 2\" width=\"100%\" height=\"auto\" /></td>\r\n</tr>\r\n<tr>\r\n<td class=\"pCaption caption\">\r\n<p>Vaccine đa trị được kỳ vọng sẽ gi&uacute;p người ti&ecirc;m ngừa nhiều loại virus corona chỉ với một mũi ti&ecirc;m. Ảnh:&nbsp;<em>Reuters.</em></p>\r\n</td>\r\n</tr>\r\n</tbody>\r\n</table>\r\n</div>\r\n<p>Theo gi&aacute;m đốc Paul Higham của c&ocirc;ng ty Valo Therapeutics, vaccine đa trị c&oacute; khả năng tạo ra phản ứng miễn dịch đối với cả SARS-CoV-1, SARS-CoV-2, Mers-CoV v&agrave; &ldquo;c&aacute;c virus corona tương lai&rdquo; nhờ tấn c&ocirc;ng trực tiếp v&agrave;o c&aacute;c etilop c&oacute; điện t&iacute;ch đột biến &ldquo;rất thấp&rdquo;.</p>\r\n<p>&Ocirc;ng Higham kỳ vọng Valo Therapeutics sẽ sớm chế tạo th&agrave;nh c&ocirc;ng nguy&ecirc;n mẫu &ldquo;si&ecirc;u vaccine&rdquo; để tiến h&agrave;nh thử nghiệm v&agrave; c&oacute; thể ph&acirc;n phối &ldquo;v&agrave;o khoảng năm 2022&rdquo;.</p>\r\n<p>Dẫu vậy, tiến sĩ Dennis Burton thuộc Viện nghi&ecirc;n cứu Scripps ở California, Mỹ, cho rằng việc tạo ra vaccine đa trị l&agrave; một điều phi thường, bởi &ldquo;c&aacute;c virus c&agrave;ng kh&aacute;c nhau về th&agrave;nh phần th&igrave; c&agrave;ng kh&oacute; để t&igrave;m thấy kh&aacute;ng thể ngăn ngừa ch&uacute;ng&rdquo;.</p>\r\n<h3>&Aacute;p dụng tr&iacute; tuệ nh&acirc;n tạo để ph&aacute;t triển vaccine</h3>\r\n<p>John Lewis, gi&aacute;m đốc điều h&agrave;nh của Entos Pharmaceuticals, cho biết c&ocirc;ng ty của &ocirc;ng đ&atilde; &aacute;p dụng &ldquo;c&aacute;ch tiếp cận m&aacute;y học&rdquo; để nghi&ecirc;n cứu vaccine đa trị.</p>\r\n<p>Cụ thể, Entos Pharmaceuticals hợp t&aacute;c với một c&ocirc;ng ty chuy&ecirc;n về tr&iacute; tuệ nh&acirc;n tạo với chương tr&igrave;nh phần mềm d&ugrave;ng để thiết lập &ldquo;34 biểu m&ocirc; kh&aacute;c nhau từ c&aacute;c protein của những virus corona kh&aacute;c nhau&rdquo;. Từ đ&acirc;y, c&aacute;c nh&agrave; khoa học c&oacute; thể tạo ra phản ứng tế b&agrave;o T mạnh nhất ở con người.</p>\r\n<p>OSE Immunotherapeutics, c&ocirc;ng ty c&ocirc;ng nghệ sinh học của Ph&aacute;p, cũng &aacute;p dụng tr&iacute; tuệ nh&acirc;n tạo để ph&aacute;t triển vaccine đa trị đối với Covid-19.</p>\r\n<p>Thuật to&aacute;n n&oacute;i tr&ecirc;n đ&atilde; được OSE Immunotherapeutics triển khai trước đ&oacute; để chế tạo vaccine ngừa một số loại ung thư. Thuật to&aacute;n n&agrave;y gi&uacute;p thiết lập 12 epitop tập trung v&agrave;o 11 protein c&oacute; trong mầm bệnh.</p>\r\n<p>&ldquo;V&igrave; ch&uacute;ng (c&aacute;c epitio) nằm trong virus n&ecirc;n ch&uacute;ng sẽ kh&ocirc;ng đột biến hoặc biến đổi rất &iacute;t&rdquo;, gi&aacute;m đốc Alexis Peyroles của OSE Immunotherapeutics n&oacute;i.</p>\r\n<p>Vaccine đa trị của OSE Immunotherapeutics đang được thử nghiệm tr&ecirc;n người ở giai đoạn đầu. Kết quả thử nghiệm l&acirc;m s&agrave;ng nhiều khả năng được c&ocirc;ng bố v&agrave;o th&aacute;ng 9.</p>\r\n<div class=\"z-photoviewer-wrapper \" align=\"center\">\r\n<div class=\"z-photo-backdrop\">&nbsp;</div>\r\n<div class=\"z-img-popup\">\r\n<div class=\"z-img-popup-overlay\">\r\n<div class=\"z-photo-caption\">&nbsp;</div>\r\n<button class=\"z-close-btn\"></button></div>\r\n</div>\r\n<table class=\"picture\" align=\"center\">\r\n<tbody>\r\n<tr>\r\n<td class=\"pic\"><img class=\"unveil\" title=\"si&ecirc;u vaccine Covid-19 ảnh 3\" src=\"https://znews-photo.zadn.vn/w860/Uploaded/liqpwivo/2021_06_28/supershot3_1.jpg\" alt=\"sieu vaccine Covid-19 anh 3\" width=\"100%\" height=\"auto\" /></td>\r\n</tr>\r\n<tr>\r\n<td class=\"pCaption caption\">\r\n<p>Gi&aacute;m đốc Alexis Peyroles của OSE Immunotherapeutics. Ảnh:&nbsp;<em>La Bourse et La Vie.</em></p>\r\n</td>\r\n</tr>\r\n</tbody>\r\n</table>\r\n</div>\r\n</div>\r\n<p>&gt;</p>', 1, 0, NULL, 0);
INSERT INTO `posts` VALUES (13, 2, 3, 9, 'Giải mã cuộc xâm nhập của 28 phi cơ Trung Quốc vào \"tàu sân bay không thể chìm\" ở chuỗi đảo thứ nhất', '2021-08-18 11:29:39', NULL, 'Giải mã cuộc xâm nhập của 28 phi cơ Trung Quốc vào \"tàu sân bay không thể chìm\" ở chuỗi đảo thứ nhất', '<p>Nhiều nh&agrave; quan s&aacute;t đặt c&acirc;u hỏi về mục đ&iacute;ch của Trung Quốc khi thường xuy&ecirc;n tăng cường hoạt động qu&acirc;n sự quanh chuỗi đảo thứ nhất.</p>\r\n<div id=\"admzonek9l7ejcm\"></div>\r\n<div id=\"relationnews\" class=\"relationnews\"></div>\r\n<div data-check-position=\"body_start\">&nbsp;</div>\r\n<div class=\"clearfix news-content\" data-field=\"body\">\r\n<p>Giới ph&acirc;n t&iacute;ch cho rằng, sự hiện diện qu&acirc;n sự của&nbsp;<a title=\"Trung Quốc\" href=\"https://soha.vn/trung-quoc.html\" target=\"_blank\" rel=\"noopener\">Trung Quốc</a>&nbsp;tại V&ugrave;ng nhận dạng ph&ograve;ng kh&ocirc;ng (ADIZ) của Đ&agrave;i Loan kh&ocirc;ng chỉ c&oacute; &yacute; nghĩa cảnh b&aacute;o đối với h&ograve;n đảo n&agrave;y m&agrave; c&ograve;n mang nhiều th&ocirc;ng điệp hơn thế. Đ&agrave;i Loan vốn được Mỹ v&iacute; như t&agrave;u s&acirc;n bay kh&ocirc;ng thể ch&igrave;m &aacute;n ngữ chuỗi đảo thứ nhất, c&oacute; vai tr&ograve; ngăn Trung Quốc mở rộng tầm ảnh hưởng v&agrave; thống trị Đ&ocirc;ng &Aacute;.</p>\r\n<h2>SỐ M&Aacute;Y BAY KỶ LỤC</h2>\r\n<p>V&agrave;o đầu th&aacute;ng 6, sau nhiều th&aacute;ng dồn dập hoạt động, t&igrave;nh trạng m&aacute;y bay qu&acirc;n sự của Qu&acirc;n Giải ph&oacute;ng Nh&acirc;n d&acirc;n Trung Quốc (PLA) x&acirc;m phạm kh&ocirc;ng phận ph&iacute;a t&acirc;y nam ADIZ của Đ&agrave;i Loan bất ngờ tạm lắng.</p>\r\n<p>Nhưng chưa được bao l&acirc;u, v&agrave;o ng&agrave;y 15/6, 28 m&aacute;y bay PLA bất ngờ xuất k&iacute;ch v&agrave;o khu vực ph&iacute;a t&acirc;y nam ADIZ của Đ&agrave;i Loan, lập kỷ lục về số lượng m&aacute;y bay lớn nhất trong những năm gần đ&acirc;y. C&aacute;c chuy&ecirc;n gia qu&acirc;n sự khẳng định, đ&acirc;y l&agrave; đợt x&acirc;m nhập lớn nhất của m&aacute;y bay qu&acirc;n sự Trung Quốc kể từ khi Bắc Kinh bắt đầu c&aacute;c hoạt động qu&acirc;n sự g&acirc;y sức &eacute;p l&ecirc;n Đ&agrave;i Loan.</p>\r\n<p>Phi đội m&aacute;y bay h&ugrave;ng hậu n&agrave;y bao gồm 2 m&aacute;y bay Y-8 [một phi&ecirc;n bản săn ngầm v&agrave; một phi&ecirc;n bản g&acirc;y nhiễu điện tử], 4 m&aacute;y bay n&eacute;m bom H-6, 2 m&aacute;y bay cảnh b&aacute;o sớm KJ-500, 14 m&aacute;y bay chiến đấu J-16 v&agrave; 6 m&aacute;y bay chiến đấu J-11. Thậm ch&iacute;, một số m&aacute;y bay đ&atilde; x&acirc;m phạm kh&ocirc;ng phận ph&iacute;a đ&ocirc;ng nam ADIZ của Đ&agrave;i Loan qua k&ecirc;nh đ&agrave;o Bashi.</p>\r\n<p>Trong b&agrave;i viết h&ocirc;m 26/6, tờ Diplomat cho rằng, hoạt động kh&ocirc;ng thường xuy&ecirc;n n&agrave;y - được đ&aacute;nh gi&aacute; l&agrave; gần giống với một cuộc tập trận chiến đấu thực tế - đ&atilde; l&agrave;m dấy l&ecirc;n những quan ngại kh&ocirc;ng chỉ đối với Đ&agrave;i Loan m&agrave; cho c&aacute;c nước xung quanh chuỗi đảo thứ nhất.</p>\r\n<h2>MỘT MŨI T&Ecirc;N TR&Uacute;NG NHIỀU Đ&Iacute;CH</h2>\r\n<p>Nhiều nh&agrave; quan s&aacute;t đặt c&acirc;u hỏi về mục đ&iacute;ch của Trung Quốc khi thường xuy&ecirc;n tăng cường hoạt động qu&acirc;n sự quanh chuỗi đảo thứ nhất. Đ&atilde; c&oacute; nhiều b&aacute;o c&aacute;o cho rằng, Trung Quốc đang cố b&agrave;i binh bố trận nhằm sớm tiến ra khỏi chuỗi đảo thứ nhất để tiến l&ecirc;n chuỗi đảo thứ hai.</p>\r\n<p>Hầu hết c&aacute;c chiến đấu cơ trong nh&oacute;m 28 chiếc xuất k&iacute;ch gần đ&acirc;y của Trung Quốc đều nằm trong đội chiến lược kiểm so&aacute;t hoạt động ven biển của PLA. Điều đặc biệt k&iacute;ch th&iacute;ch sự ch&uacute; &yacute; nhất ở đ&acirc;y ch&iacute;nh l&agrave; việc Bắc Kinh điều động 2 m&aacute;y bay cảnh b&aacute;o sớm KJ-500.</p>\r\n<div class=\"VCSortableInPreviewMode active\">\r\n<div><a class=\"detail-img-lightbox\" title=\"Đồ họa cho thấy đường bay nh&oacute;m 28 m&aacute;y bay Trung Quốc x&acirc;m nhập kh&ocirc;ng phận Đ&agrave;i Loan. Ảnh: Diplomat\" href=\"https://sohanews.sohacdn.com/160588918557773824/2021/6/29/roc-taiwan-diplomat-16249554924171882889198.png\" target=\"_blank\" rel=\"noopener\" data-fancybox-group=\"img-lightbox\"><img id=\"img_334250351019216896\" class=\"lightbox-content\" title=\"Giải m&atilde; cuộc x&acirc;m nhập của 28 phi cơ Trung Quốc v&agrave;o t&agrave;u s&acirc;n bay kh&ocirc;ng thể ch&igrave;m ở chuỗi đảo thứ nhất - Ảnh 1.\" src=\"https://sohanews.sohacdn.com/thumb_w/660/160588918557773824/2021/6/29/roc-taiwan-diplomat-16249554924171882889198.png\" alt=\"Giải m&atilde; cuộc x&acirc;m nhập của 28 phi cơ Trung Quốc v&agrave;o t&agrave;u s&acirc;n bay kh&ocirc;ng thể ch&igrave;m ở chuỗi đảo thứ nhất - Ảnh 1.\" width=\"100%\" height=\"auto\" data-original=\"https://sohanews.sohacdn.com/160588918557773824/2021/6/29/roc-taiwan-diplomat-16249554924171882889198.png\" /></a></div>\r\n<div class=\"PhotoCMS_Caption\">\r\n<p class=\"\" data-placeholder=\"[nhập ch&uacute; th&iacute;ch]\">Đồ họa cho thấy đường bay nh&oacute;m 28 m&aacute;y bay Trung Quốc x&acirc;m nhập kh&ocirc;ng phận Đ&agrave;i Loan. Ảnh: Diplomat</p>\r\n</div>\r\n</div>\r\n<p>Trước đ&acirc;y đ&atilde; từng c&oacute; một số tổ hợp xuất k&iacute;ch tương tự, nhưng ch&uacute;ng l&agrave; sự kết hợp của c&aacute;c m&aacute;y bay vận tốc thấp, hoặc c&oacute; c&aacute;c chiến đấu cơ đi k&egrave;m m&agrave; kh&ocirc;ng qu&aacute; cảnh qua k&ecirc;nh đ&agrave;o Bashi - vốn nối Biển Đ&ocirc;ng với ph&iacute;a t&acirc;y Th&aacute;i B&igrave;nh Dương, nằm giữa ph&iacute;a bắc đảo Luzon của Philippines v&agrave; đảo Orchid ngo&agrave;i khơi Đ&agrave;i Loan.</p>\r\n<p>V&agrave; theo c&aacute;c chuy&ecirc;n gia, về cơ bản, c&aacute;c cuộc x&acirc;m nhập trước đ&oacute; l&agrave; nhằm mục đ&iacute;ch kiểm so&aacute;t hoạt động v&agrave; \"l&agrave;m quen\" với tuyến đường. Lần n&agrave;y, số chiến đấu cơ bay qua k&ecirc;nh đ&agrave;o Bashi để v&agrave;o kh&ocirc;ng phận đ&ocirc;ng nam Đ&agrave;i Loan tương tự như \"c&aacute;c chuyến du h&agrave;nh v&ograve;ng quanh Đ&agrave;i Loan\" trong năm 2016 v&agrave; 2017.</p>\r\n<p>Việc Trung Quốc điều c&aacute;c m&aacute;y bay cảnh b&aacute;o sớm tham gia c&aacute;c cuộc xuất k&iacute;ch n&agrave;y l&agrave;m b&ugrave;ng l&ecirc;n những c&acirc;u hỏi về mục đ&iacute;ch chiến thuật của Bắc Kinh.</p>\r\n<p>Th&aacute;ng 6 năm ngo&aacute;i, tờ Air Force News của Trung Quốc đưa tin ti&ecirc;m k&iacute;ch J-16 của PLA đ&atilde; thực hiện nội dung huấn luyện chiến thuật về c&aacute;ch x&aacute;c định mục ti&ecirc;u tương tự như m&ocirc; h&igrave;nh \"từ cảm biến tới vũ kh&iacute;\" [sensor-to-shooter] của Mỹ.</p>\r\n<div id=\"admzone480455\"></div>\r\n<p>Trong vụ x&acirc;m nhập ng&agrave;y 15/6, hai m&aacute;y bay cảnh b&aacute;o sớm KJ-500 cũng xuất hiện ở ph&iacute;a t&acirc;y nam ADIZ của Đ&agrave;i Loan trong động th&aacute;i m&agrave; giới quan s&aacute;t cho l&agrave; để diễn tập l&agrave;m quen với địa h&igrave;nh.</p>\r\n<p>Đ&agrave;i Loan đ&atilde; điều chiến đấu cơ xuất k&iacute;ch đối ph&oacute;, trong khi c&aacute;c hệ thống t&ecirc;n lửa ph&ograve;ng kh&ocirc;ng cũng được triển khai theo s&aacute;t c&aacute;c mục ti&ecirc;u. C&aacute;c chuy&ecirc;n gia nhận định, Bắc Kinh sau đ&oacute; c&oacute; thể tận dụng cơ hội n&agrave;y để kiểm tra năng lực x&aacute;c định mục ti&ecirc;u của m&aacute;y bay chiến đấu J-16 tr&ecirc;n v&ugrave;ng trời ph&iacute;a đ&ocirc;ng nam.</p>\r\n<p>Trong khi đ&oacute;, c&aacute;c m&aacute;y bay n&eacute;m bom H-6 của Trung Quốc diễn tập c&aacute;c cuộc đối đầu to&agrave;n diện giữa hải qu&acirc;n v&agrave; kh&ocirc;ng qu&acirc;n khi quay trở lại ph&iacute;a nam. Để t&igrave;m hiểu cũng như chống lại c&aacute;c hoạt động chiến tranh điện tử c&oacute; thể xảy ra từ Đ&agrave;i Loan, Trung Quốc cũng đ&atilde; điều c&aacute;c m&aacute;y bay t&aacute;c chiến điện tử tầm xa tham gia lần xuất k&iacute;ch h&ocirc;m 15/6.</p>\r\n<div class=\"VCSortableInPreviewMode active\">\r\n<div><a class=\"detail-img-lightbox\" title=\"M&aacute;y bay cảnh b&aacute;o sớm KJ-500 của Trung Quốc. Ảnh: Wiki\" href=\"https://sohanews.sohacdn.com/160588918557773824/2021/6/29/photo-1-16249556013181476015028.jpg\" target=\"_blank\" rel=\"noopener\" data-fancybox-group=\"img-lightbox\"><img id=\"img_334250810185056256\" class=\"lightbox-content\" title=\"Giải m&atilde; cuộc x&acirc;m nhập của 28 phi cơ Trung Quốc v&agrave;o t&agrave;u s&acirc;n bay kh&ocirc;ng thể ch&igrave;m ở chuỗi đảo thứ nhất - Ảnh 2.\" src=\"https://sohanews.sohacdn.com/thumb_w/660/160588918557773824/2021/6/29/photo-1-16249556013181476015028.jpg\" alt=\"Giải m&atilde; cuộc x&acirc;m nhập của 28 phi cơ Trung Quốc v&agrave;o t&agrave;u s&acirc;n bay kh&ocirc;ng thể ch&igrave;m ở chuỗi đảo thứ nhất - Ảnh 2.\" width=\"100%\" height=\"auto\" data-original=\"https://sohanews.sohacdn.com/160588918557773824/2021/6/29/photo-1-16249556013181476015028.jpg\" /></a></div>\r\n<div class=\"PhotoCMS_Caption\">\r\n<p class=\"\" data-placeholder=\"[nhập ch&uacute; th&iacute;ch]\">M&aacute;y bay cảnh b&aacute;o sớm KJ-500 của Trung Quốc. Ảnh: Wiki</p>\r\n</div>\r\n</div>\r\n<h2><strong>MỸ CẦN L&Agrave;M G&Igrave;?</strong></h2>\r\n<p>Hai ng&agrave;y sau (17/6), PLA tiếp tục điều 4 chiến đấu cơ J-7 v&agrave;o ph&iacute;a t&acirc;y nam ADIZ của Đ&agrave;i Loan. Mặc d&ugrave; kh&ocirc;ng ở l&acirc;u nhưng đ&acirc;y l&agrave; lần đầu ti&ecirc;n c&aacute;c m&aacute;y bay J-7 tiến v&agrave;o khu vực n&agrave;y kể từ khi Cơ quan Quốc ph&ograve;ng Đ&agrave;i Loan bắt đầu \"cập nhật tin tức qu&acirc;n sự quốc ph&ograve;ng\" v&agrave;o th&aacute;ng 9/2020.</p>\r\n<p>J-7 l&agrave; loại m&aacute;y bay chiến đấu được Trung Quốc chế tạo tr&ecirc;n nguy&ecirc;n mẫu MiG-21 của Li&ecirc;n X&ocirc;. Từ những năm 1970, Bắc Kinh bắt đầu sản xuất h&agrave;ng loạt v&agrave; trang bị cho qu&acirc;n đội. V&agrave;o đầu những năm 2010, J-16 được sản xuất h&agrave;ng loạt v&agrave; bổ sung cho lực lượng qu&acirc;n đội. Theo đ&oacute;, Trung Quốc đ&atilde; ngừng sản xuất J-7 v&agrave;o năm 2013 v&agrave; ch&uacute;ng dần dần bị r&uacute;t khỏi đội qu&acirc;n chiến đấu tiền tuyến.</p>\r\n<p>Mặc d&ugrave; vậy, J-7 vẫn được ưu ti&ecirc;n sử dụng cho đến nay. V&agrave;o th&aacute;ng 6/2011, khi PLA th&agrave;nh lập nh&oacute;m m&aacute;y bay kh&ocirc;ng người l&aacute;i (UAV) đầu ti&ecirc;n ở Cam T&uacute;c, 22 chiến đấu cơ J-7 UAV đ&atilde; được đưa v&agrave;o đội bi&ecirc;n chế. Tại Triển l&atilde;m H&agrave;ng kh&ocirc;ng &amp; Vũ trụ Quốc tế Trung Quốc năm 2018 ở Chu Hải, bảng trưng b&agrave;y tại triễn l&atilde;m cho thấy tham vọng của PLA: biến Q-5, J-6, J-7, J-8 v&agrave; tất cả c&aacute;c m&aacute;y bay sắp nghỉ hưu th&agrave;nh UAV.</p>\r\n<p>Việc PLA dồn dập sử dụng m&ocirc; h&igrave;nh huấn luyện chiến thuật \"sensor-to-shooter\" ở ph&iacute;a đ&ocirc;ng Đ&agrave;i Loan đồng nghĩa với việc họ đ&aacute;nh gi&aacute; c&aacute;c chiến đấu cơ của Đ&agrave;i Loan như kẻ địch tưởng tượng để huấn luyện chiến đấu thực tế trong chuyến h&agrave;nh tr&igrave;nh đường d&agrave;i.</p>\r\n<p>Trung Quốc cũng đang sử dụng UAV để xem x&eacute;t phạm vi ph&aacute;t hiện mục ti&ecirc;u của radar Đ&agrave;i Loan, cũng như khả năng ph&ograve;ng thủ điện tử của h&ograve;n đảo n&agrave;y trong nhiệm vụ chống lại m&aacute;y bay kh&ocirc;ng người l&aacute;i. Với chiến thuật \"d&ograve; đường\" n&agrave;y, Bắc Kinh sẽ c&oacute; cơ sở để chuẩn bị cho một cuộc chiến tr&ecirc;n kh&ocirc;ng chống lại Đ&agrave;i Loan.</p>\r\n<p>Những cuộc x&acirc;m nhập n&agrave;y kh&ocirc;ng chỉ nhằm mục đ&iacute;ch thu thập th&ocirc;ng tin t&igrave;nh b&aacute;o chống lại c&aacute;c lực lượng vũ trang của Đ&agrave;i Loan m&agrave; c&ograve;n nhằm l&agrave;m giảm năng lực chiến đấu của họ. C&aacute;c cuộc x&acirc;m nhập gần đ&acirc;y của Trung Quốc cũng nhắm tới Kh&ocirc;ng gian t&aacute;c chiến điện từ để m&ocirc; phỏng những chiến thuật tương ứng. Tại đ&acirc;y, họ dường như nhắm v&agrave;o Đ&agrave;i Loan, nhưng thực tế đang th&aacute;ch thức chiến lược &ldquo;ph&ograve;ng thủ chuỗi đảo&rdquo; tại Ấn Độ - Th&aacute;i B&igrave;nh Dương của Mỹ.</p>\r\n<p>Do đ&oacute;, theo tờ Diplomat, Mỹ cần tăng cường khả năng t&aacute;c chiến điện tử cho Đ&agrave;i Loan th&ocirc;ng qua việc b&aacute;n th&ecirc;m vũ kh&iacute; để đảm bảo rằng h&ograve;n đảo n&agrave;y c&oacute; đủ năng lực để ngăn chặn bất kỳ hoạt động x&acirc;m nhập n&agrave;o của Trung Quốc.</p>\r\n</div>\r\n<p>&gt;</p>', 1, 0, NULL, 4);
INSERT INTO `posts` VALUES (14, 6, 1, 9, 'VĐV Việt Nam giành HCV Olympic được thưởng 2,35 tỷ đồng', '2021-08-18 11:29:18', NULL, 'Vừa đặt chân đến làng Olympic không lâu, các thành viên Đoàn Thể thao Việt Nam đã nhận sự quan tâm của cộng đồng người Việt tại địa phương.', '<p>Ngay ở buổi họp đo&agrave;n trong đ&ecirc;m đầu ti&ecirc;n tại Nhật Bản, 43 th&agrave;nh vi&ecirc;n Đo&agrave;n Thể thao Việt Nam đ&atilde; nhận mỗi người một bộ ph&aacute;t wifi phục vụ nhu cầu th&ocirc;ng tin li&ecirc;n lạc trong những ng&agrave;y sinh hoạt, tập luyện v&agrave; thi đấu tại Olympic Tokyo 2020.</p>\r\n<p>Số thiết bị n&oacute;i tr&ecirc;n được Hội người Việt Nam tại Nhật Bản chuẩn bị như một m&oacute;n qu&agrave; động vi&ecirc;n tinh thần c&aacute;c VĐV trong những ng&agrave;y tranh t&agrave;i tại Thế vận hội sắp tới.</p>\r\n<p>&ldquo;Ch&uacute;c mọi người an to&agrave;n, sức khỏe v&agrave; đạt nhiều th&agrave;nh t&iacute;ch tại kỳ Thế vận hội n&agrave;y&rdquo;, phụ tr&aacute;ch Văn ph&ograve;ng Hội người Việt Nam tại Nhật Bản Trần Anh Tuấn gửi lời ch&uacute;c tới c&aacute;c th&agrave;nh vi&ecirc;n Đo&agrave;n Thể thao Việt Nam dự Olympic Tokyo 2020.</p>\r\n<div class=\"z-photoviewer-wrapper  z-has-caption\" align=\"center\">\r\n<div class=\"z-photo-backdrop\">&nbsp;</div>\r\n<div class=\"z-img-popup\">\r\n<div class=\"z-img-popup-overlay\">\r\n<div class=\"z-img-container\">\r\n<div class=\"z-img-container-inner\">\r\n<div class=\"z-img-sub-inner\">\r\n<div class=\"z-lazyimage-container\">\r\n<div class=\"z-img\">&nbsp;</div>\r\n</div>\r\n</div>\r\n</div>\r\n</div>\r\n<button class=\"z-close-btn\"></button></div>\r\n</div>\r\n<table class=\"picture\" align=\"center\">\r\n<tbody>\r\n<tr>\r\n<td class=\"pic\">\r\n<div class=\"zad-inimage-wrapper\"><img class=\"unveil\" title=\"Tiền tưởng VĐV Việt Nam l&ecirc;n tới 2, 35 tỷ cho mỗi HCV ảnh 1\" src=\"https://znews-photo.zadn.vn/w660/Uploaded/neg_yrznslt/2021_07_19/210180595_4892545834092824_61015233012503419_n.jpg\" alt=\"Tien tuong VDV Viet Nam len toi 2, 35 ty cho moi HCV anh 1\" width=\"100%\" height=\"auto\" data-title=\"Tiền tưởng VĐV Việt Nam l&ecirc;n tới 2, 35 tỷ cho mỗi HCV ảnh 1\" /></div>\r\n</td>\r\n</tr>\r\n<tr>\r\n<td class=\"pCaption caption\">\r\n<p style=\"text-align: center;\">Đo&agrave;n Thể thao Việt Nam khi đặt ch&acirc;n tới Nhật Bản. Ảnh:&nbsp;<em>Đo&agrave;n TTVN.</em></p>\r\n</td>\r\n</tr>\r\n</tbody>\r\n</table>\r\n</div>\r\n<p>Trưởng đo&agrave;n Trần Đức Phấn khẳng định sự quan t&acirc;m, t&igrave;nh cảm từ đồng b&agrave;o ta ở nước ngo&agrave;i tiếp th&ecirc;m nguồn sức mạnh cho c&aacute;c VĐV, HLV vượt qua kh&oacute; khăn, thử th&aacute;ch để ho&agrave;n th&agrave;nh nhiệm vụ.</p>\r\n<p>Ngo&agrave;i ra, nhiều đơn vị, tổ chức kinh tế tiếp tục treo thưởng cho c&aacute;c VĐV nếu đoạt huy chương tại Olympic lần n&agrave;y. Theo th&ocirc;ng tin từ c&aacute;n bộ đo&agrave;n, t&iacute;nh tổng c&aacute;c khoản thưởng theo quy định v&agrave; từ c&aacute;c nh&agrave; t&agrave;i trợ, VĐV sẽ được trao khoảng&nbsp;<abbr class=\"rate-vnd\">2,35 tỷ đồng</abbr>&nbsp;cho mỗi HCV;&nbsp;<abbr class=\"rate-vnd\">1,32 tỷ đồng</abbr>&nbsp;cho HCB v&agrave; 840 triệu đồng cho HCĐ.</p>\r\n<p>Đo&agrave;n Thể thao Việt Nam tham dự Olympic 2020 với 43 th&agrave;nh vi&ecirc;n, bao gồm 18 VĐV. Đo&agrave;n tranh t&agrave;i ở 11 m&ocirc;n thể thao, 20 nội dung thi đấu. Đỗ Thị &Aacute;nh Nguyệt l&agrave; VĐV \"mở h&agrave;ng\" khi tranh t&agrave;i tại nội dung cung một d&acirc;y v&agrave;o s&aacute;ng 23/7.</p>\r\n<figure class=\"video cms-video player-inited\" data-video-src=\"https://znews-mcloud-bf-s2.zadn.vn/G4Gkt5bys88/80f1676d226ac834917b/5c09a77a306cda32837d/720/f6c966cc889861c63889.mp4?authen=exp=1627009851~acl=/G4Gkt5bys88/*~hmac=e24285957376023ade66026ea3566c3e\">\r\n<div class=\"video-container formatted player-inited\">\r\n<div id=\"video-893\" class=\"player\">\r\n<div id=\"video-893\" class=\"video\"></div>\r\n</div>\r\n</div>\r\n</figure>', 1, 0, '', 3);
INSERT INTO `posts` VALUES (15, 6, 1, 9, 'Neymar thay Griezmann làm đại sứ của Konami', '2021-08-18 11:28:06', NULL, 'Cuộc tranh cãi xung quanh Konami, Antoine Griezmann và Barca dường như đã kết thúc, sau khi nhà sản xuất game của Nhật Bản chọn Neymar làm đại sứ cho dòng game eFootball PES.', '<p>Theo&nbsp;<em>Sport</em>, Konami v&agrave; ng&ocirc;i sao Neymar vừa c&ocirc;ng bố về thỏa thuận hợp t&aacute;c giữa hai b&ecirc;n th&ocirc;ng qua mạng x&atilde; hội. Tiền đạo người Brazil được lựa chọn ngay sau khi Konami hủy hợp đồng m&agrave; họ từng k&yacute; với ​​Antoine Griezmann, để trở th&agrave;nh đại sứ mới của d&ograve;ng game eFootball PES.</p>\r\n<p>\"Rất vui khi gửi đến người h&acirc;m mộ th&ocirc;ng tin rằng t&ocirc;i ch&iacute;nh thức hợp t&aacute;c với Konami, để trở th&agrave;nh đại sứ ch&iacute;nh thức cho #PES2021\", Neymar chia sẻ tr&ecirc;n mạng x&atilde; hội.</p>\r\n<div class=\"z-photoviewer-wrapper  z-has-caption\" align=\"center\">\r\n<div class=\"z-photo-backdrop\">&nbsp;</div>\r\n<table class=\"picture\" align=\"center\">\r\n<tbody>\r\n<tr>\r\n<td class=\"pic\">\r\n<div class=\"zad-inimage-wrapper\"><img class=\"unveil\" title=\"Neymar l&agrave;m đại sứ của Konami ảnh 1\" src=\"https://znews-photo.zadn.vn/w660/Uploaded/qnugjz/2021_07_21/Neymar.jpg\" alt=\"Neymar lam dai su cua Konami anh 1\" width=\"100%\" height=\"auto\" data-title=\"Neymar l&agrave;m đại sứ của Konami ảnh 1\" /></div>\r\n</td>\r\n</tr>\r\n<tr>\r\n<td class=\"pCaption caption\">\r\n<p>Neymar Jr. ch&iacute;nh thức l&agrave;m đại sứ của Konami trong tựa game eFootball PES. - Ảnh:&nbsp;<em>Sport.es</em>.</p>\r\n</td>\r\n</tr>\r\n</tbody>\r\n</table>\r\n</div>\r\n<p>Theo&nbsp;<em>Goal</em>, Neymar cũng l&agrave; một trong những gương mặt đại diện của PES2022 sắp được ra mắt. Ng&agrave;y ph&aacute;t h&agrave;nh ch&iacute;nh thức của loạt game m&ocirc; phỏng b&oacute;ng đ&aacute; nổi tiếng n&agrave;y chưa được tiết lộ, tuy nhi&ecirc;n c&oacute; th&ocirc;ng tin cho rằng n&oacute; sẽ được ra mắt v&agrave;o ng&agrave;y 7/9.</p>\r\n<p>Trước Neymar, Konami k&yacute; thỏa thuận hợp t&aacute;c với Lionel Messi (Barca), Cristiano Ronaldo (Juventus), Alphonso Davies (Bayern Munich) v&agrave; Marcus Rashford (Man United).</p>\r\n<p>Về phần Griezmann, đ&oacute; l&agrave; c&acirc;u chuyện buồn.&nbsp;<em>AS</em>&nbsp;cho biết ng&ocirc;i sao người Ph&aacute;p vướng v&agrave;o b&ecirc; bối miệt thị ngoại h&igrave;nh của một người ch&acirc;u &Aacute;, khiến nhiều nh&agrave; t&agrave;i trợ của Barca nổi cơn thịnh nộ.</p>\r\n<p>Trong đoạn video, tiền đạo người Ph&aacute;p xuất hiện c&ugrave;ng Ousmane Dembel&eacute; ở chuyến du đấu ch&acirc;u &Aacute; của Barca v&agrave;o năm 2019. Trong khi c&aacute;c nh&acirc;n vi&ecirc;n người Nhật Bản tại kh&aacute;ch sạn cố gắng sửa m&aacute;y chơi game, Demb&eacute;l&eacute; hỏi một c&acirc;u với Griezmann: \"Tất cả những người c&oacute; khu&ocirc;n mặt xấu x&iacute; n&agrave;y đang ở đ&acirc;y chỉ để gi&uacute;p ch&uacute;ng ta c&oacute; thể chơi PES, anh kh&ocirc;ng cảm thấy xấu hổ sao?\".</p>\r\n<p>Mặc d&ugrave; Griezmann chỉ mỉm cười v&agrave; kh&ocirc;ng trả lời, điều đ&oacute; cũng khiến nhiều fan Nhật Bản cảm thấy bị x&uacute;c phạm. Đ&aacute;ng lẽ, ch&acirc;n s&uacute;t người Ph&aacute;p phải c&oacute; h&agrave;nh động phản b&aacute;c c&acirc;u hỏi mang &yacute; định ph&acirc;n biệt đối xử của người đồng đội.</p>\r\n<div class=\"z-photoviewer-wrapper  z-has-caption\" align=\"center\">\r\n<div class=\"z-img-popup\">\r\n<div class=\"z-img-popup-overlay\">&nbsp;</div>\r\n</div>\r\n<table class=\"picture\" align=\"center\">\r\n<tbody>\r\n<tr>\r\n<td class=\"pic\"><img class=\"unveil\" title=\"Neymar l&agrave;m đại sứ của Konami ảnh 2\" src=\"https://znews-photo.zadn.vn/w660/Uploaded/qnugjz/2021_07_21/Grizman.jpg\" alt=\"Neymar lam dai su cua Konami anh 2\" width=\"100%\" height=\"auto\" data-title=\"Neymar l&agrave;m đại sứ của Konami ảnh 2\" /></td>\r\n</tr>\r\n<tr>\r\n<td class=\"pCaption caption\">\r\n<p style=\"text-align: center;\">C&aacute;o buộc ph&acirc;n biệt chủng tộc khiến Konami tuy&ecirc;n bố dừng hợp t&aacute;c với Griezmann. - Ảnh:&nbsp;<em>Reuters</em>.</p>\r\n</td>\r\n</tr>\r\n</tbody>\r\n</table>\r\n</div>\r\n<p>Ngay sau những c&aacute;o buộc, Griezmann cũng phủ nhận h&agrave;nh động ph&acirc;n biệt đối xử tr&ecirc;n mạng x&atilde; hội của m&igrave;nh. Tiền đạo người Ph&aacute;p cũng \"cam kết chống lại mọi h&igrave;nh thức ph&acirc;n biệt đối xử\" v&agrave; hối hận v&igrave; h&agrave;nh động \"c&oacute; thể x&uacute;c phạm những người h&acirc;m mộ Nhật Bản\".</p>\r\n<p>Ousmane Demb&eacute;l&eacute; cũng l&ecirc;n tiếng xin lỗi v&igrave; những b&igrave;nh luận đ&aacute;ng tiếc trước đ&oacute; tr&ecirc;n trang mạng x&atilde; hội của m&igrave;nh.</p>\r\n<p>Về phần m&igrave;nh, Barca cũng đưa ra một tuy&ecirc;n bố bằng tiếng Anh v&agrave; tiếng Nhật khi họ lấy l&agrave;m tiếc về sự bất b&igrave;nh của người h&acirc;m mộ Nhật Bản n&oacute;i ri&ecirc;ng v&agrave; ch&acirc;u &Aacute; n&oacute;i chung. Đại diện CLB thừa nhận th&aacute;i độ \"thiếu t&ocirc;n trọng\" của Demb&eacute;l&eacute; v&agrave; Griezmann đối với c&aacute;c nh&acirc;n vi&ecirc;n người Nhật, v&agrave; điều n&agrave;y \"kh&ocirc;ng ph&ugrave; hợp với c&aacute;c gi&aacute; trị cốt l&otilde;i m&agrave; FC Barcelona đang nhắm đến\".</p>\r\n<p>&gt;</p>', 1, 0, NULL, 10);
INSERT INTO `posts` VALUES (16, 6, 1, 9, 'Tân binh đắt nhất lịch sử Chelsea có mặt tại London', '2021-08-18 11:27:42', NULL, 'Romelu Lukaku đã sẵn sàng tái xuất trong màu áo Chelsea từ mùa giải 2021/22.', '<p>Rạng s&aacute;ng 12/8 (giờ H&agrave; Nội), m&aacute;y bay ri&ecirc;ng của Romelu Lukaku đ&atilde; hạ c&aacute;nh xuống s&acirc;n bay Biggin Hill (London). Th&ocirc;ng tin n&agrave;y được&nbsp;<em>Sky Sports</em>&nbsp;x&aacute;c nhận. Tiền đạo người Bỉ c&ugrave;ng người đại diện vừa ho&agrave;n tất một số giấy tờ cần thiết tại Monaco v&agrave; chuẩn bị k&yacute; hợp đồng với Chelsea.</p>\r\n<div class=\"z-photoviewer-wrapper  z-has-caption\" align=\"center\">\r\n<div class=\"z-photo-backdrop\">&nbsp;</div>\r\n<table class=\"picture screenshot\" align=\"center\">\r\n<tbody>\r\n<tr>\r\n<td class=\"pic\">\r\n<div class=\"zad-inimage-wrapper\"><img class=\"unveil\" title=\"Lukaku c&oacute; mặt tại London ảnh 1\" src=\"https://znews-photo.zadn.vn/w660/Uploaded/natmzz/2021_08_12/az_1.JPG\" alt=\"Lukaku co mat tai London anh 1\" width=\"100%\" height=\"auto\" data-title=\"Lukaku c&oacute; mặt tại London ảnh 1\" /></div>\r\n</td>\r\n</tr>\r\n<tr>\r\n<td class=\"pCaption caption\">\r\n<p>Lukaku chuẩn bị trở th&agrave;nh cầu thủ của Chelsea.</p>\r\n</td>\r\n</tr>\r\n</tbody>\r\n</table>\r\n</div>\r\n<p>Lukaku đ&atilde; vượt qua b&agrave;i kiểm tra y tế tại Milan từ h&ocirc;m 9/8. \"Big Rom\" chuẩn bị trở th&agrave;nh t&acirc;n binh đắt nhất lịch sử Chelsea. CLB th&agrave;nh London đ&atilde; chi 115 triệu euro (97,5 triệu bảng) để chi&ecirc;u mộ tiền đạo sinh năm 1993 từ Inter. Lukaku cũng l&agrave; bản hợp đồng đắt gi&aacute; thứ hai tại Premier League, chỉ xếp sau Jack Grealish của Man City (100 triệu bảng).</p>\r\n<p>Tr&ecirc;n mạng x&atilde; hội, CĐV Chelsea h&aacute;o hức chờ đợi m&agrave;n t&aacute;i xuất của Lukaku. Năm 2014/15, \"The Blues\" đưa Didier Drogba trở lại v&agrave; đ&atilde; gi&agrave;nh chức v&ocirc; địch Premier League. M&ugrave;a 2016/17, CLB chủ s&acirc;n Stamford Bridge tiếp tục v&ocirc; địch Ngoại hạng Anh sau khi chi&ecirc;u mộ lại David Luiz từ PSG. Người h&acirc;m mộ kỳ vọng c&aacute;i duy&ecirc;n của những người cũ sẽ gi&uacute;p Lukaku gi&agrave;nh danh hiệu c&ugrave;ng Chelsea ở m&ugrave;a 2021/22.</p>\r\n<p>Lukaku chuẩn bị trở th&agrave;nh cầu thủ c&oacute; tổng gi&aacute; trị chuyển nhượng cao nhất lịch sử. Sau 6 lần đổi đội b&oacute;ng, anh ti&ecirc;u tốn của c&aacute;c CLB tổng số tiền 293 triệu bảng. Trước khi trở lại chơi cho Chelsea, tuyển thủ Bỉ khiến Inter, Man Utd phải ph&aacute; kỷ lục chuyển nhượng để sở hữu anh.</p>\r\n<p>Sau khi chia tay Lukaku, Inter chuẩn bị chi&ecirc;u mộ Edin Dzeko. Tiền đạo người Bosnia đ&atilde; c&oacute; mặt ở Milan để tiến h&agrave;nh kiểm tra y tế. Về ph&iacute;a Roma, HLV Jose Mourinho đ&atilde; li&ecirc;n hệ với Chelsea để đưa Tammy Abraham đến Olimpico thay Dzeko. Đ&ocirc;i b&ecirc;n đ&atilde; chốt gi&aacute; 34 triệu euro v&agrave; mọi chuyện chỉ c&ograve;n t&ugrave;y thuộc v&agrave;o quyết định của tiền đạo người Anh. Trước đ&oacute;, Abraham đ&atilde; được Arsenal li&ecirc;n hệ.</p>\r\n<p>&gt;</p>\r\n<p>&gt;</p>', 1, 0, '', 5);
INSERT INTO `posts` VALUES (17, 6, 1, 9, 'Trận Việt Nam - Australia ở Mỹ Đình không đón khán giả', '2021-08-18 11:27:00', NULL, 'Trận vòng loại World Cup 2022 giữa tuyển Việt Nam và Australia tại Mỹ Đình vào ngày 7/9 sẽ được tổ chức theo hình thức không khán giả.', '<p>Trận v&ograve;ng loại World Cup 2022 giữa tuyển Việt Nam v&agrave; Australia tại Mỹ Đ&igrave;nh v&agrave;o ng&agrave;y 7/9 sẽ được tổ chức theo h&igrave;nh thức kh&ocirc;ng kh&aacute;n giả.</p>\r\n<div class=\"the-article-body\">\r\n<p>S&aacute;ng 16/8, l&atilde;nh đạo Bộ Văn ho&aacute;, Thể thao v&agrave; Du lịch đ&atilde; c&oacute; cuộc họp với đại diện UBND TP.H&agrave; Nội, Li&ecirc;n đo&agrave;n B&oacute;ng đ&aacute; Việt Nam (VFF) v&agrave; c&aacute;c đơn vị li&ecirc;n quan. Căn cứ tr&ecirc;n t&igrave;nh h&igrave;nh dịch bệnh Covid-19, cuộc họp đ&atilde; đi đến thống nhất tổ chức trận đấu theo h&igrave;nh thức kh&ocirc;ng đ&oacute;n kh&aacute;n giả.</p>\r\n<div class=\"z-photoviewer-wrapper  z-has-caption\" align=\"center\">\r\n<div class=\"z-img-popup\">\r\n<div class=\"z-img-popup-overlay\">&nbsp;</div>\r\n</div>\r\n<table class=\"picture\" style=\"width: 35.5311%;\" align=\"center\">\r\n<tbody>\r\n<tr>\r\n<td class=\"pic\" style=\"width: 100%;\">\r\n<div class=\"zad-inimage-wrapper\"><img class=\"unveil\" title=\"Tuyển Việt Nam Australia V&ograve;ng loại World Cup ảnh 1\" src=\"https://znews-photo.zadn.vn/w660/Uploaded/jopluat/2021_08_16/Viet_Nam_vs_Australia.jpg\" alt=\"Tuyen Viet Nam Australia Vong loai World Cup anh 1\" width=\"100%\" height=\"auto\" data-title=\"Tuyển Việt Nam Australia V&ograve;ng loại World Cup ảnh 1\" /></div>\r\n</td>\r\n</tr>\r\n<tr>\r\n<td class=\"pCaption caption\" style=\"width: 100%;\">&nbsp;</td>\r\n</tr>\r\n</tbody>\r\n</table>\r\n</div>\r\n<p>Đội tuyển Việt Nam khi trở về từ Saudi Arabia, đội kh&aacute;ch Australia, c&aacute;c quan chức Li&ecirc;n đo&agrave;n B&oacute;ng đ&aacute; Ch&acirc;u &Aacute; (AFC) tổ chức trận đấu... sẽ được tạo điều kiện kh&ocirc;ng phải c&aacute;ch ly y tế theo quy định th&ocirc;ng thường. Họ sẽ tu&acirc;n thủ &ldquo;quy tắc bong b&oacute;ng&rdquo; của AFC, được x&eacute;t nghiệm nhanh Covid-19, ăn ở, đi lại kh&eacute;p k&iacute;n v&agrave; tu&acirc;n thủ c&aacute;c quy tắc ph&ograve;ng dịch.</p>\r\n<p>Tuyển Việt Nam hiện tập trung v&agrave; bắt đầu tập luyện tại H&agrave; Nội từ ng&agrave;y 5/8. Đội tuyển dự kiến c&oacute; 1-2 trận đấu tập nội bộ với U22 quốc gia tại Trung t&acirc;m Đ&agrave;o tạo B&oacute;ng đ&aacute; trẻ Việt Nam. Trận đầu ti&ecirc;n diễn ra v&agrave;o ng&agrave;y 19/8.</p>\r\n<p>Tuyển Việt Nam dự kiến l&ecirc;n đường sang Saudi Arabia v&agrave;o ng&agrave;y 26/8. Thầy tr&ograve; &ocirc;ng Park Hang-seo l&ecirc;n đường sớm để c&oacute; nhiều thời gian chuẩn bị trước trận đấu tr&ecirc;n s&acirc;n kh&aacute;ch v&agrave;o ng&agrave;y 2/9.</p>\r\n<p>Trong năm 2022, tuyển Việt Nam c&ograve;n 2 trận tr&ecirc;n s&acirc;n nh&agrave; với Nhật Bản, Saudi Arabia v&agrave;o th&aacute;ng 11. H&igrave;nh thức tổ chức 2 trận đấu n&agrave;y chưa được quyết định, c&ograve;n t&ugrave;y theo t&igrave;nh h&igrave;nh dịch bệnh trong thời gian tới.</p>\r\n<p><iframe src=\"https://www.youtube.com/embed/Dh-u2K5zdlY\" width=\"560\" height=\"314\" allowfullscreen=\"allowfullscreen\"></iframe></p>\r\n</div>', 1, 0, '', 3);
INSERT INTO `posts` VALUES (18, 1, 1, 9, 'Hơn một triệu người hưởng trợ cấp thất nghiệp năm 2020', '2021-08-18 11:26:06', NULL, 'Số tiền chi từ nguồn Quỹ Bảo hiểm thất nghiệp năm 2020 là trên 18.800 tỷ đồng, trong đó gần 17.900 tỷ đồng trợ cấp thất nghiệp cho hơn một triệu người. ', '<p>Số tiền chi từ nguồn Quỹ Bảo hiểm thất nghiệp năm 2020 l&agrave; tr&ecirc;n 18.800 tỷ đồng, trong đ&oacute; gần 17.900 tỷ đồng trợ cấp thất nghiệp cho hơn một triệu người.</p>\r\n<article class=\"fck_detail \">\r\n<p class=\"Normal\">S&aacute;ng 17/8, b&aacute;o c&aacute;o thẩm tra sơ bộ về t&igrave;nh h&igrave;nh thực hiện ch&iacute;nh s&aacute;ch, chế độ bảo hiểm x&atilde; hội, quản l&yacute; v&agrave; sử dụng Quỹ Bảo hiểm x&atilde; hội năm 2020, Chủ nhiệm Ủy ban X&atilde; hội Nguyễn Th&uacute;y Anh cho biết, tổng chi từ nguồn Quỹ Bảo hiểm thất nghiệp năm 2020 tăng 49,2%, tương đương 6.217 tỷ đồng so với năm 2019.</p>\r\n<p class=\"Normal\">Ngo&agrave;i trợ cấp thất nghiệp, số tiền n&agrave;y c&ograve;n được chi hỗ trợ học nghề 148 tỷ đồng; chi đ&oacute;ng Bảo hiểm y tế 806 tỷ đồng.</p>\r\n<figure class=\"tplCaption action_thumb_added\" data-size=\"true\">\r\n<div class=\"fig-picture\"><picture><source srcset=\"https://i1-vnexpress.vnecdn.net/2021/08/17/117e036e28f9dfa786e8-3373-1629177402.jpg?w=680&amp;h=0&amp;q=100&amp;dpr=1&amp;fit=crop&amp;s=9wzQpLpId2pAqUjYtRQNIA 1x, https://i1-vnexpress.vnecdn.net/2021/08/17/117e036e28f9dfa786e8-3373-1629177402.jpg?w=1020&amp;h=0&amp;q=100&amp;dpr=1&amp;fit=crop&amp;s=cJfvoKX6f_wpNPgEIYyNxQ 1.5x, https://i1-vnexpress.vnecdn.net/2021/08/17/117e036e28f9dfa786e8-3373-1629177402.jpg?w=680&amp;h=0&amp;q=100&amp;dpr=2&amp;fit=crop&amp;s=asjb1AeloxroSfcGKpvmCg 2x\" data-srcset=\"https://i1-vnexpress.vnecdn.net/2021/08/17/117e036e28f9dfa786e8-3373-1629177402.jpg?w=680&amp;h=0&amp;q=100&amp;dpr=1&amp;fit=crop&amp;s=9wzQpLpId2pAqUjYtRQNIA 1x, https://i1-vnexpress.vnecdn.net/2021/08/17/117e036e28f9dfa786e8-3373-1629177402.jpg?w=1020&amp;h=0&amp;q=100&amp;dpr=1&amp;fit=crop&amp;s=cJfvoKX6f_wpNPgEIYyNxQ 1.5x, https://i1-vnexpress.vnecdn.net/2021/08/17/117e036e28f9dfa786e8-3373-1629177402.jpg?w=680&amp;h=0&amp;q=100&amp;dpr=2&amp;fit=crop&amp;s=asjb1AeloxroSfcGKpvmCg 2x\" /><img class=\"lazy lazied\" src=\"https://i1-vnexpress.vnecdn.net/2021/08/17/117e036e28f9dfa786e8-3373-1629177402.jpg?w=680&amp;h=0&amp;q=100&amp;dpr=1&amp;fit=crop&amp;s=9wzQpLpId2pAqUjYtRQNIA\" alt=\"Chủ nhiệm Ủy ban X&atilde; hội Nguyễn Th&uacute;y Anh tại phi&ecirc;n họp Thường vụ Quốc hội s&aacute;ng 17/8. Ảnh: Ho&agrave;ng Phong\" width=\"100%\" height=\"auto\" loading=\"lazy\" data-src=\"https://i1-vnexpress.vnecdn.net/2021/08/17/117e036e28f9dfa786e8-3373-1629177402.jpg?w=680&amp;h=0&amp;q=100&amp;dpr=1&amp;fit=crop&amp;s=9wzQpLpId2pAqUjYtRQNIA\" data-ll-status=\"loaded\" /></picture></div>\r\n<figcaption>\r\n<p class=\"Image\">Chủ nhiệm Ủy ban X&atilde; hội Nguyễn Th&uacute;y Anh tại phi&ecirc;n họp Thường vụ Quốc hội s&aacute;ng 17/8. Ảnh:&nbsp;<em>Ho&agrave;ng Phong</em></p>\r\n</figcaption>\r\n</figure>\r\n<p class=\"Normal\">Theo b&aacute;o c&aacute;o, tổng chi trả c&aacute;c chế độ Bảo hiểm x&atilde; hội năm 2020 ước thực hiện 243.700 tỷ đồng. Trong đ&oacute;, số chi từ nguồn ng&acirc;n s&aacute;ch nh&agrave; nước bảo đảm chiếm 18,6% (tr&ecirc;n 45.200 tỷ đồng), chi từ nguồn Quỹ Bảo hiểm x&atilde; hội chiếm tr&ecirc;n 81,4% (hơn 198.400 tỷ đồng).</p>\r\n<p class=\"Normal\">Thường trực Ủy ban X&atilde; hội đ&aacute;nh gi&aacute;, c&aacute;c nội dung chi của Quỹ Bảo hiểm X&atilde; hội, Bảo hiểm thất nghiệp đều tăng cả về số người, số tiền so với năm 2019 v&agrave; nằm trong xu thế tăng đều những năm qua. Do đ&oacute;, c&oacute; th&agrave;nh vi&ecirc;n trong Ủy ban đề nghị tăng cường kiểm so&aacute;t việc giải quyết chế độ hưu tr&iacute; v&agrave; tử tuất; cần c&oacute; biện ph&aacute;p, chế t&agrave;i để xử l&yacute; c&aacute;c trường hợp giải quyết sai, c&acirc;u kết để trục lợi Quỹ.</p>\r\n<p class=\"Normal\">Theo b&agrave; Th&uacute;y Anh, Quỹ ốm đau v&agrave; thai sản bước sang năm thứ hai li&ecirc;n tiếp c&oacute; số chi vượt số thu. Mặc d&ugrave; ng&agrave;nh Bảo hiểm X&atilde; hội đ&atilde; triển khai nhiều biện ph&aacute;p ngăn chặn t&igrave;nh trạng lạm dụng, \"nhưng t&igrave;nh trạng n&agrave;y vẫn tồn tại, nhất l&agrave; việc lập khống, l&agrave;m giả hồ sơ để hưởng chế độ\".</p>\r\n<p class=\"Normal\">Đơn cử tại TP HCM, một số c&aacute; nh&acirc;n phối hợp lập 35 hồ sơ hưởng thai sản v&agrave; 4 hồ sơ hưởng Bảo hiểm X&atilde; hội một lần để chiếm đoạt hơn 1,3 tỉ đồng. Tại Hải Dương, một nh&acirc;n vi&ecirc;n nh&acirc;n sự đ&atilde; c&acirc;u kết lập khống 36 hồ sơ, l&agrave;m giả 44 hồ sơ thai sản để chiếm đoạt 867 triệu đồng. Tại Bắc Giang ph&aacute;t hiện tr&ecirc;n 200 giấy ra viện, giấy chứng nhận nghỉ hưởng Bảo hiểm x&atilde; hội giả...</p>\r\n<p class=\"Normal\">\"Vẫn c&ograve;n hiện tượng chi sai, chi chế độ trợ cấp thất nghiệp tr&ugrave;ng với thời gian đ&oacute;ng Bảo hiểm x&atilde; hội, tức l&agrave; vẫn c&ograve;n t&igrave;nh trạng người lao động đang c&oacute; việc l&agrave;m lại được hưởng trợ cấp thất nghiệp\", b&agrave; Th&uacute;y Anh n&oacute;i.</p>\r\n<p class=\"Normal\">Năm 2020, c&oacute; 860.741 người hưởng Bảo hiểm x&atilde; hội một lần, tăng tr&ecirc;n 6,6% so với năm 2019; gấp hơn 2 lần so với số người tham gia Bảo hiểm x&atilde; hội tăng th&ecirc;m của năm 2020 so với năm 2019 (399.644 người).</p>\r\n<p class=\"Normal\">Đến hết năm 2020, tổng số kết dư quỹ Bảo hiểm x&atilde; hội, Bảo hiểm thất nghiệp ước đạt gần 935.180 tỷ đồng.</p>\r\n</article>\r\n<p>&gt;</p>', 1, 0, '', 2);
INSERT INTO `posts` VALUES (19, 1, 1, 9, 'Tổng bí thư: Mặt trận Tổ quốc cần \'phát huy tối đa trí tuệ chuyên gia\'', '2021-08-18 11:25:50', NULL, 'Mặt trận cần phát huy tối đa trí tuệ các nhà khoa học, chuyên gia giàu kinh nghiệm trong xây dựng pháp luật và phản biện, theo Tổng bí thư Nguyễn Phú Trọng. ', '<p>Mặt trận cần ph&aacute;t huy tối đa tr&iacute; tuệ c&aacute;c nh&agrave; khoa học, chuy&ecirc;n gia gi&agrave;u kinh nghiệm trong x&acirc;y dựng ph&aacute;p luật v&agrave; phản biện, theo Tổng b&iacute; thư Nguyễn Ph&uacute; Trọng.</p>\r\n<article class=\"fck_detail \">\r\n<p class=\"Normal\">S&aacute;ng 16/8, hội nghị triển khai chương tr&igrave;nh h&agrave;nh động của Mặt trận Tổ quốc Việt Nam v&agrave; c&aacute;c tổ chức th&agrave;nh vi&ecirc;n thực hiện nghị quyết Đại hội XIII được tổ chức trực tuyến tới 64 điểm cầu, với sự tham dự của khoảng 2.000 đại biểu.</p>\r\n<p class=\"Normal\">Tổng b&iacute; thư Nguyễn Ph&uacute; Trọng, Chủ tịch nước Nguyễn Xu&acirc;n Ph&uacute;c, Thủ tướng Phạm Minh Ch&iacute;nh, Chủ tịch Quốc hội Vương Đ&igrave;nh Huệ, Thường trực Ban B&iacute; thư V&otilde; Văn Thưởng..., dự hội nghị tại điểm cầu Trung ương.</p>\r\n<figure class=\"tplCaption action_thumb_added\" data-size=\"true\">\r\n<div class=\"fig-picture\"><picture><source srcset=\"https://i1-vnexpress.vnecdn.net/2021/08/16/lanh-dao-cap-cao-du-hoi-nghi-M-8513-7991-1629093829.jpg?w=680&amp;h=0&amp;q=100&amp;dpr=1&amp;fit=crop&amp;s=pnUhSWYZJNOM6IspYEWSuw 1x, https://i1-vnexpress.vnecdn.net/2021/08/16/lanh-dao-cap-cao-du-hoi-nghi-M-8513-7991-1629093829.jpg?w=1020&amp;h=0&amp;q=100&amp;dpr=1&amp;fit=crop&amp;s=fIF9AD-unj2BZqnCMkswKA 1.5x, https://i1-vnexpress.vnecdn.net/2021/08/16/lanh-dao-cap-cao-du-hoi-nghi-M-8513-7991-1629093829.jpg?w=680&amp;h=0&amp;q=100&amp;dpr=2&amp;fit=crop&amp;s=THym3Ur2UtEE-pC2AOBu4A 2x\" data-srcset=\"https://i1-vnexpress.vnecdn.net/2021/08/16/lanh-dao-cap-cao-du-hoi-nghi-M-8513-7991-1629093829.jpg?w=680&amp;h=0&amp;q=100&amp;dpr=1&amp;fit=crop&amp;s=pnUhSWYZJNOM6IspYEWSuw 1x, https://i1-vnexpress.vnecdn.net/2021/08/16/lanh-dao-cap-cao-du-hoi-nghi-M-8513-7991-1629093829.jpg?w=1020&amp;h=0&amp;q=100&amp;dpr=1&amp;fit=crop&amp;s=fIF9AD-unj2BZqnCMkswKA 1.5x, https://i1-vnexpress.vnecdn.net/2021/08/16/lanh-dao-cap-cao-du-hoi-nghi-M-8513-7991-1629093829.jpg?w=680&amp;h=0&amp;q=100&amp;dpr=2&amp;fit=crop&amp;s=THym3Ur2UtEE-pC2AOBu4A 2x\" /><img class=\"lazy lazied\" src=\"https://i1-vnexpress.vnecdn.net/2021/08/16/lanh-dao-cap-cao-du-hoi-nghi-M-8513-7991-1629093829.jpg?w=680&amp;h=0&amp;q=100&amp;dpr=1&amp;fit=crop&amp;s=pnUhSWYZJNOM6IspYEWSuw\" alt=\"Từ tr&aacute;i qua: Chủ tịch Quốc hội Vương Đ&igrave;nh Huệ, Thủ tướng Phạm Minh Ch&iacute;nh, Tổng B&iacute; thư Nguyễn Ph&uacute; Trọng, Chủ tịch nước Nguyễn Xu&acirc;n Ph&uacute;c dự Hội nghị Mặt trận Tổ quốc v&agrave; c&aacute;c tổ chức th&agrave;nh vi&ecirc;n, s&aacute;ng 16/8. Ảnh: Ho&agrave;ng Phong\" width=\"100%\" height=\"auto\" loading=\"lazy\" data-src=\"https://i1-vnexpress.vnecdn.net/2021/08/16/lanh-dao-cap-cao-du-hoi-nghi-M-8513-7991-1629093829.jpg?w=680&amp;h=0&amp;q=100&amp;dpr=1&amp;fit=crop&amp;s=pnUhSWYZJNOM6IspYEWSuw\" data-ll-status=\"loaded\" /></picture></div>\r\n<figcaption>\r\n<p class=\"Image\">H&agrave;ng đầu từ tr&aacute;i qua: Chủ tịch Quốc hội Vương Đ&igrave;nh Huệ, Thủ tướng Phạm Minh Ch&iacute;nh, Tổng b&iacute; thư Nguyễn Ph&uacute; Trọng, Chủ tịch nước Nguyễn Xu&acirc;n Ph&uacute;c tới dự hội nghị, s&aacute;ng 16/8. Ảnh:&nbsp;<em>Ho&agrave;ng Phong</em></p>\r\n</figcaption>\r\n</figure>\r\n<p class=\"Normal\">Ph&aacute;t biểu chỉ đạo, Tổng b&iacute; thư Nguyễn Ph&uacute; Trọng đề nghị Mặt trận Tổ quốc Việt Nam v&agrave; c&aacute;c tổ chức th&agrave;nh vi&ecirc;n thực hiện năm nhiệm vụ trọng t&acirc;m trong thời gian tới. Trong đ&oacute;, để ph&aacute;t huy vai tr&ograve; l&agrave;m chủ của nh&acirc;n d&acirc;n, Mặt trận phải huy động sức mạnh s&aacute;ng tạo của tất cả c&aacute;c tầng lớp; tiếp tục l&agrave;m tốt vai tr&ograve; chủ tr&igrave; hiệp thương, thực hiện gi&aacute;m s&aacute;t v&agrave; phản biện x&atilde; hội.</p>\r\n<p class=\"Normal\">\"Mặt trận cần ph&aacute;t huy tối đa tr&iacute; tuệ của c&aacute;c nh&agrave; khoa học, những chuy&ecirc;n gia gi&agrave;u kinh nghiệm tham gia x&acirc;y dựng ph&aacute;p luật, phản biện, đ&oacute;ng g&oacute;p v&agrave; ho&agrave;n thiện kh&acirc;u đột ph&aacute; về thể chế ph&aacute;t triển đất nước, thể chế ph&aacute;t huy mạnh mẽ quyền l&agrave;m chủ của nh&acirc;n d&acirc;n, c&aacute;c chủ trương, ch&iacute;nh s&aacute;ch của Đảng, Nh&agrave; nước..., nhất l&agrave; những vấn đề quốc kế d&acirc;n sinh\", Tổng b&iacute; thư n&oacute;i.</p>\r\n<p class=\"Normal\">B&ecirc;n cạnh đ&oacute;, Mặt trận Tổ quốc cần tiếp tục động vi&ecirc;n nh&acirc;n d&acirc;n t&iacute;ch cực tham gia v&agrave;o c&ocirc;ng t&aacute;c đấu tranh ph&ograve;ng, chống tham nhũng, ti&ecirc;u cực, thực h&agrave;nh tiết kiệm, chống l&atilde;ng ph&iacute;; ph&aacute;t huy vai tr&ograve; t&iacute;ch cực trong tham gia kiểm so&aacute;t quyền lực, gi&aacute;m s&aacute;t để quản l&yacute; x&atilde; hội minh bạch...</p>\r\n<p class=\"Normal\">Tổng b&iacute; thư đề nghị Mặt trận l&agrave;m tốt hơn vai tr&ograve; tập hợp, lắng nghe &yacute; kiến nh&acirc;n d&acirc;n để phản &aacute;nh với c&aacute;c cơ quan Đảng v&agrave; Nh&agrave; nước ở Trung ương cũng như c&aacute;c địa phương; chủ động phối hợp với ch&iacute;nh quyền c&aacute;c cấp giải quyết hiệu quả những vấn đề x&atilde; hội bức x&uacute;c ngay tại cơ sở...</p>\r\n<p class=\"Normal\">\"Lu&ocirc;n đối thoại, lắng nghe, học hỏi, tiếp thu &yacute; kiến, giải quyết kh&oacute; khăn, vướng mắc v&agrave; y&ecirc;u cầu ch&iacute;nh đ&aacute;ng của nh&acirc;n d&acirc;n \"để d&acirc;n tin, d&acirc;n t&ocirc;n trọng v&agrave; phải tin d&acirc;n, t&ocirc;n trọng d&acirc;n\", &ocirc;ng n&oacute;i v&agrave; n&ecirc;u r&otilde; phải tiếp x&uacute;c với d&acirc;n ch&acirc;n thực, đừng tiếp x&uacute;c h&igrave;nh thức, \"kh&ocirc;ng được mị d&acirc;n, theo đu&ocirc;i quần ch&uacute;ng\".</p>\r\n<figure class=\"tplCaption action_thumb_added\" data-size=\"true\">\r\n<div class=\"fig-picture\"><picture><source srcset=\"https://i1-vnexpress.vnecdn.net/2021/08/16/TBT-Nguyen-Phu-Trong-16-8-21-6575-1629093829.jpg?w=680&amp;h=0&amp;q=100&amp;dpr=1&amp;fit=crop&amp;s=_zgOLl15Tt6nOv3qZ8oB2Q 1x, https://i1-vnexpress.vnecdn.net/2021/08/16/TBT-Nguyen-Phu-Trong-16-8-21-6575-1629093829.jpg?w=1020&amp;h=0&amp;q=100&amp;dpr=1&amp;fit=crop&amp;s=s5PZmVbsY5BmRVIw-nixkA 1.5x, https://i1-vnexpress.vnecdn.net/2021/08/16/TBT-Nguyen-Phu-Trong-16-8-21-6575-1629093829.jpg?w=680&amp;h=0&amp;q=100&amp;dpr=2&amp;fit=crop&amp;s=jS-XHj2n-yZ7uQilfLSsAg 2x\" data-srcset=\"https://i1-vnexpress.vnecdn.net/2021/08/16/TBT-Nguyen-Phu-Trong-16-8-21-6575-1629093829.jpg?w=680&amp;h=0&amp;q=100&amp;dpr=1&amp;fit=crop&amp;s=_zgOLl15Tt6nOv3qZ8oB2Q 1x, https://i1-vnexpress.vnecdn.net/2021/08/16/TBT-Nguyen-Phu-Trong-16-8-21-6575-1629093829.jpg?w=1020&amp;h=0&amp;q=100&amp;dpr=1&amp;fit=crop&amp;s=s5PZmVbsY5BmRVIw-nixkA 1.5x, https://i1-vnexpress.vnecdn.net/2021/08/16/TBT-Nguyen-Phu-Trong-16-8-21-6575-1629093829.jpg?w=680&amp;h=0&amp;q=100&amp;dpr=2&amp;fit=crop&amp;s=jS-XHj2n-yZ7uQilfLSsAg 2x\" /><img class=\"lazy lazied\" src=\"https://i1-vnexpress.vnecdn.net/2021/08/16/TBT-Nguyen-Phu-Trong-16-8-21-6575-1629093829.jpg?w=680&amp;h=0&amp;q=100&amp;dpr=1&amp;fit=crop&amp;s=_zgOLl15Tt6nOv3qZ8oB2Q\" alt=\"Tổng B&iacute; thư Nguyễn Ph&uacute; Trọng ph&aacute;t biểu tại Hội nghị của Mặt trận Tổ quốc v&agrave; c&aacute;c tổ chức th&agrave;nh vi&ecirc;n, s&aacute;ng 16/8. Ảnh: Ho&agrave;ng Phong\" width=\"100%\" height=\"auto\" loading=\"lazy\" data-src=\"https://i1-vnexpress.vnecdn.net/2021/08/16/TBT-Nguyen-Phu-Trong-16-8-21-6575-1629093829.jpg?w=680&amp;h=0&amp;q=100&amp;dpr=1&amp;fit=crop&amp;s=_zgOLl15Tt6nOv3qZ8oB2Q\" data-ll-status=\"loaded\" /></picture></div>\r\n<figcaption>\r\n<p class=\"Image\">Tổng b&iacute; thư Nguyễn Ph&uacute; Trọng ph&aacute;t biểu tại Hội nghị của Mặt trận Tổ quốc v&agrave; c&aacute;c tổ chức th&agrave;nh vi&ecirc;n, s&aacute;ng 16/8. Ảnh:&nbsp;<em>Ho&agrave;ng Phong</em></p>\r\n</figcaption>\r\n</figure>\r\n<p class=\"Normal\">Theo Ph&oacute; chủ tịch - Tổng Thư k&yacute; Trung ương MTTQ Việt Nam L&ecirc; Tiến Ch&acirc;u, để thực hiện Nghị quyết Đại hội XIII của Đảng, chương tr&igrave;nh h&agrave;nh động MTTQ Việt Nam v&agrave; c&aacute;c tổ chức th&agrave;nh vi&ecirc;n tập trung v&agrave;o 6 nhiệm vụ trọng t&acirc;m. Trong đ&oacute;, c&aacute;c cơ quan sẽ đổi mới nội dung, phương thức tập hợp quần ch&uacute;ng, lắng nghe t&acirc;m tư, nguyện vọng của hội vi&ecirc;n, đo&agrave;n vi&ecirc;n, cử tri v&agrave; nh&acirc;n d&acirc;n để tổng hợp, phản &aacute;nh đến c&aacute;c cấp ủy đảng, ch&iacute;nh quyền, cơ quan nh&agrave; nước c&oacute; thẩm quyền xem x&eacute;t giải quyết...</p>\r\n<p class=\"Normal\">\"Ch&uacute;ng t&ocirc;i sẽ b&aacute;m s&aacute;t, theo đến c&ugrave;ng những sự việc c&oacute; ảnh hưởng s&acirc;u rộng trong phạm vi lớn, phấn đấu thực hiện phương ch&acirc;m Nghị quyết Đại hội XIII đ&atilde; đề ra l&agrave;&nbsp;<em>d&acirc;n biết, d&acirc;n b&agrave;n, d&acirc;n l&agrave;m, d&acirc;n kiểm tra, d&acirc;n gi&aacute;m s&aacute;t, d&acirc;n thụ hưởng</em>\"<em>,&nbsp;</em>&ocirc;ng Ch&acirc;u n&oacute;i.</p>\r\n<p class=\"Normal\">C&ugrave;ng với đ&oacute;, MTTQ v&agrave; c&aacute;c tổ chức th&agrave;nh vi&ecirc;n cũng sẽ tăng cường thực hiện nhiệm vụ gi&aacute;m s&aacute;t, phản biện x&atilde; hội tập trung v&agrave;o một số nội dung quan trọng, ảnh hưởng lớn đến đời sống kinh tế - x&atilde; hội của đất nước như: Luật đất đai; c&aacute;c chương tr&igrave;nh mục ti&ecirc;u quốc gia; lập, thực hiện c&aacute;c Quỹ vận động, đ&oacute;ng g&oacute;p ngo&agrave;i ng&acirc;n s&aacute;ch Nh&agrave; nước; g&oacute;p phần đấu tranh ph&ograve;ng, chống tham nhũng, l&atilde;ng ph&iacute;, ti&ecirc;u cực v&agrave; g&oacute;p &yacute; kiến x&acirc;y dựng Đảng, Nh&agrave; nước trong sạch, vững mạnh...</p>\r\n</article>\r\n<p>&gt;</p>', 1, 0, '', 1);
INSERT INTO `posts` VALUES (20, 1, 1, 9, 'Tổng bí thư: Đấu tranh loại bỏ \'tư tưởng bàn lùi\'', '2021-08-18 11:25:13', NULL, 'Tổng bí thư Nguyễn Phú Trọng yêu cầu loại bỏ \"tư tưởng bàn lùi\" trong cuộc đấu tranh phòng, chống tham nhũng; đồng thời siết chặt kỷ luật, kỷ cương. ', '<p>Tổng b&iacute; thư Nguyễn Ph&uacute; Trọng y&ecirc;u cầu loại bỏ \"tư tưởng b&agrave;n l&ugrave;i\" trong cuộc đấu tranh ph&ograve;ng, chống tham nhũng; đồng thời siết chặt kỷ luật, kỷ cương.</p>\r\n<article class=\"fck_detail \">\r\n<p class=\"Normal\">S&aacute;ng 11/8, Ch&iacute;nh phủ kh&oacute;a XV (2021 - 2026) họp phi&ecirc;n đầu ti&ecirc;n dưới sự chủ tr&igrave; của Thủ tướng Phạm Minh Ch&iacute;nh. Tổng b&iacute; thư Nguyễn Ph&uacute; Trọng dự v&agrave; chỉ đạo; Chủ tịch nước Nguyễn Xu&acirc;n Ph&uacute;c; Chủ tịch Quốc hội Vương Đ&igrave;nh Huệ c&ugrave;ng dự.</p>\r\n<p class=\"Normal\"><a href=\"https://vnexpress.net/chu-de/tong-bi-thu-nguyen-phu-trong-1659\" rel=\"dofollow\">Tổng b&iacute; thư Nguyễn Ph&uacute; Trọng</a>&nbsp;n&oacute;i đ&acirc;y l&agrave; phi&ecirc;n họp &yacute; nghĩa rất quan trọng về nhiều phương diện; diễn ra v&agrave;o thời điểm c&oacute; nhiều sự kiện lớn của đất nước, thể hiện sự phối hợp nhịp nh&agrave;ng, ăn khớp của cả hệ thống ch&iacute;nh trị.</p>\r\n<p class=\"Normal\">Theo Tổng b&iacute; thư, đất nước đang gặp nhiều kh&oacute; khăn, th&aacute;ch thức lớn hơn trước v&agrave; gay gắt hơn so với dự b&aacute;o. Từ đầu năm đến nay, cả nước vẫn phải tiếp tục nỗ lực, quyết liệt chống dịch Covid-19; đợt b&ugrave;ng ph&aacute;t dịch lần thứ tư l&acirc;y lan nhanh, nguy hiểm, phức tạp, kh&oacute; kiểm so&aacute;t v&agrave; c&oacute; thể k&eacute;o d&agrave;i; tiềm ẩn nguy cơ b&ugrave;ng ph&aacute;t c&aacute;c đợt dịch mới.</p>\r\n<p class=\"Normal\">Kinh tế - x&atilde; hội đạt được nhiều kết quả t&iacute;ch cực so với c&ugrave;ng kỳ năm 2020 nhưng thấp hơn mục ti&ecirc;u đề ra. Sản xuất kinh doanh v&agrave; đời sống của nh&acirc;n d&acirc;n, nhất l&agrave; ở những v&ugrave;ng c&oacute; dịch v&agrave; những ng&agrave;nh, lĩnh vực chịu ảnh hưởng trực tiếp của đại dịch gặp nhiều kh&oacute; khăn, th&aacute;ch thức.</p>\r\n<figure class=\"tplCaption action_thumb_added\" data-size=\"true\">\r\n<div class=\"fig-picture\"><picture><source srcset=\"https://i1-vnexpress.vnecdn.net/2021/08/11/ttxvnphu-trong-jpeg-6014-1628673926.jpg?w=680&amp;h=0&amp;q=100&amp;dpr=1&amp;fit=crop&amp;s=WKb1r4F8t7kZLjhbMfOiUg 1x, https://i1-vnexpress.vnecdn.net/2021/08/11/ttxvnphu-trong-jpeg-6014-1628673926.jpg?w=1020&amp;h=0&amp;q=100&amp;dpr=1&amp;fit=crop&amp;s=Bp5PwzKKb7pxy5hQ2A8JNw 1.5x, https://i1-vnexpress.vnecdn.net/2021/08/11/ttxvnphu-trong-jpeg-6014-1628673926.jpg?w=680&amp;h=0&amp;q=100&amp;dpr=2&amp;fit=crop&amp;s=hEys8UCu8ri-4KrpnZ2UaA 2x\" data-srcset=\"https://i1-vnexpress.vnecdn.net/2021/08/11/ttxvnphu-trong-jpeg-6014-1628673926.jpg?w=680&amp;h=0&amp;q=100&amp;dpr=1&amp;fit=crop&amp;s=WKb1r4F8t7kZLjhbMfOiUg 1x, https://i1-vnexpress.vnecdn.net/2021/08/11/ttxvnphu-trong-jpeg-6014-1628673926.jpg?w=1020&amp;h=0&amp;q=100&amp;dpr=1&amp;fit=crop&amp;s=Bp5PwzKKb7pxy5hQ2A8JNw 1.5x, https://i1-vnexpress.vnecdn.net/2021/08/11/ttxvnphu-trong-jpeg-6014-1628673926.jpg?w=680&amp;h=0&amp;q=100&amp;dpr=2&amp;fit=crop&amp;s=hEys8UCu8ri-4KrpnZ2UaA 2x\" /><img class=\"lazy lazied\" src=\"https://i1-vnexpress.vnecdn.net/2021/08/11/ttxvnphu-trong-jpeg-6014-1628673926.jpg?w=680&amp;h=0&amp;q=100&amp;dpr=1&amp;fit=crop&amp;s=WKb1r4F8t7kZLjhbMfOiUg\" alt=\"Tổng b&iacute; thư Nguyễn Ph&uacute; Trọng ph&aacute;t biểu tại phi&ecirc;n họp đầu ti&ecirc;n của Ch&iacute;nh phủ kh&oacute;a XV. Ảnh: TTX\" width=\"100%\" height=\"auto\" loading=\"lazy\" data-src=\"https://i1-vnexpress.vnecdn.net/2021/08/11/ttxvnphu-trong-jpeg-6014-1628673926.jpg?w=680&amp;h=0&amp;q=100&amp;dpr=1&amp;fit=crop&amp;s=WKb1r4F8t7kZLjhbMfOiUg\" data-ll-status=\"loaded\" /></picture></div>\r\n<figcaption>\r\n<p class=\"Image\">Tổng b&iacute; thư Nguyễn Ph&uacute; Trọng ph&aacute;t biểu tại phi&ecirc;n họp đầu ti&ecirc;n của Ch&iacute;nh phủ kh&oacute;a XV. Ảnh:&nbsp;<em>TTX</em></p>\r\n</figcaption>\r\n</figure>\r\n<p class=\"Normal\">V&igrave; vậy, Ch&iacute;nh phủ nhiệm kỳ 2021-2026 cần nỗ lực phấn đấu cao hơn nữa tr&ecirc;n con đường đổi mới, n&acirc;ng cao chất lượng, hiệu quả hoạt động. Ch&iacute;nh phủ tập trung ưu ti&ecirc;n thực hiện 6 nhiệm vụ trọng t&acirc;m, 3 đột ph&aacute; chiến lược, xử l&yacute; dứt điểm những \"điểm nghẽn\", để ph&aacute;t triển đất nước nhanh, bền vững.</p>\r\n<p class=\"Normal\">Tổng b&iacute; thư n&ecirc;u bốn vấn đề lớn về kinh tế, x&atilde; hội, quốc ph&ograve;ng, an ninh, x&acirc;y dựng bộ m&aacute;y.&nbsp;<em>Thứ nhất</em>, về ph&aacute;t triển kinh tế, Việt Nam x&acirc;y dựng m&ocirc; h&igrave;nh kinh tế thị trường định hướng XHCN. Đ&acirc;y l&agrave; nền kinh tế thị trường hiện đại, hội nhập quốc tế, vận h&agrave;nh đầy đủ, đồng bộ theo c&aacute;c quy luật của kinh tế thị trường, c&oacute; sự quản l&yacute; của Nh&agrave; nước, do Đảng l&atilde;nh đạo...</p>\r\n<p class=\"Normal\"><em>Thứ hai</em>, về ph&aacute;t triển văn ho&aacute;, x&atilde; hội, một đặc trưng cơ bản, một thuộc t&iacute;nh quan trọng của định hướng XHCN trong nền kinh tế thị trường ở Việt Nam. Đ&oacute; l&agrave; phải gắn kinh tế với x&atilde; hội, tăng trưởng kinh tế đi đ&ocirc;i với thực hiện tiến bộ v&agrave; c&ocirc;ng bằng x&atilde; hội ngay trong từng bước, từng ch&iacute;nh s&aacute;ch v&agrave; trong suốt qu&aacute; tr&igrave;nh ph&aacute;t triển...</p>\r\n<p class=\"Normal\"><em>Thứ ba</em>, t&igrave;nh h&igrave;nh thế giới, trong nước đang diễn biến nhanh ch&oacute;ng, phức tạp \"đ&ograve;i hỏi ch&uacute;ng ta phải lu&ocirc;n lu&ocirc;n quan t&acirc;m giữ vững độc lập, tự chủ; tăng cường tiềm lực quốc ph&ograve;ng - an ninh\".</p>\r\n<p class=\"Normal\">\"N&acirc;ng cao chất lượng, hiệu quả hoạt động đối ngoại, hội nhập quốc tế; ki&ecirc;n quyết, ki&ecirc;n tr&igrave; bảo vệ vững chắc độc lập, chủ quyền, thống nhất, to&agrave;n vẹn l&atilde;nh thổ, biển, đảo, v&ugrave;ng trời; giữ vững m&ocirc;i trường ho&agrave; b&igrave;nh, ổn định để x&acirc;y dựng v&agrave; ph&aacute;t triển đất nước\", Tổng b&iacute; thư n&oacute;i.</p>\r\n<p class=\"Normal\"><em>Thứ tư</em>, về x&acirc;y dựng tổ chức, bộ m&aacute;y v&agrave; c&ocirc;ng t&aacute;c c&aacute;n bộ, Tổng b&iacute; thư nhấn mạnh đ&acirc;y l&agrave; vấn đề cơ bản, rất quan trọng, c&oacute; &yacute; nghĩa quyết định đến to&agrave;n bộ hoạt động của Ch&iacute;nh phủ. V&igrave; vậy, Ch&iacute;nh phủ, c&aacute;c cơ quan trực thuộc v&agrave; ch&iacute;nh quyền c&aacute;c cấp cần đặc biệt quan t&acirc;m, l&agrave;m tốt hơn nữa.</p>\r\n<p class=\"Normal\">C&aacute;c cơ quan siết chặt kỷ luật, kỷ cương h&agrave;nh ch&iacute;nh, thường xuy&ecirc;n kiểm tra, đ&ocirc;n đốc, tạo chuyển biến mạnh mẽ trong thực thi c&ocirc;ng vụ; n&acirc;ng cao đạo đức, văn ho&aacute;, t&iacute;nh chuy&ecirc;n nghiệp của c&aacute;n bộ, c&ocirc;ng chức, vi&ecirc;n chức.</p>\r\n<p class=\"Normal\">Tổng b&iacute; thư n&ecirc;u r&otilde; \"ki&ecirc;n tr&igrave;, ki&ecirc;n quyết đấu tranh ph&ograve;ng, chống tham nhũng, l&atilde;ng ph&iacute;, ti&ecirc;u cực gắn với đẩy mạnh x&acirc;y dựng, ho&agrave;n thiện luật ph&aacute;p, cơ chế, ch&iacute;nh s&aacute;ch để: Kh&ocirc;ng thể, kh&ocirc;ng d&aacute;m, kh&ocirc;ng muốn, kh&ocirc;ng cần tham nhũng\".</p>\r\n<p class=\"Normal\">&Ocirc;ng cũng y&ecirc;u cầu chấn chỉnh, đấu tranh loại bỏ tư tưởng b&agrave;n l&ugrave;i, vin cớ rằng việc đấu tranh ph&ograve;ng, chống tham nhũng, ti&ecirc;u cực sẽ cản trở sự ph&aacute;t triển, l&agrave;m nhụt ch&iacute; dẫn đến l&agrave;m \"cầm chừng\", \"ph&ograve;ng thủ\", \"che chắn\", giữ \"an to&agrave;n\" trong một bộ phận c&aacute;n bộ, c&ocirc;ng chức n&agrave;o đ&oacute;, nhất l&agrave; c&aacute;n bộ l&atilde;nh đạo, quản l&yacute; c&aacute;c cấp.</p>\r\n<figure class=\"tplCaption action_thumb_added\" data-size=\"true\">\r\n<div class=\"fig-picture\"><picture><source srcset=\"https://i1-vnexpress.vnecdn.net/2021/08/11/Hop-1-1602-1628649709.jpg?w=680&amp;h=0&amp;q=100&amp;dpr=1&amp;fit=crop&amp;s=sn12Utir7zvbI5SsP1O6Qw 1x, https://i1-vnexpress.vnecdn.net/2021/08/11/Hop-1-1602-1628649709.jpg?w=1020&amp;h=0&amp;q=100&amp;dpr=1&amp;fit=crop&amp;s=nj_ypcVVHnZDa_Ic3kG60A 1.5x, https://i1-vnexpress.vnecdn.net/2021/08/11/Hop-1-1602-1628649709.jpg?w=680&amp;h=0&amp;q=100&amp;dpr=2&amp;fit=crop&amp;s=95DfBqKAuZD524y8phYaIw 2x\" data-srcset=\"https://i1-vnexpress.vnecdn.net/2021/08/11/Hop-1-1602-1628649709.jpg?w=680&amp;h=0&amp;q=100&amp;dpr=1&amp;fit=crop&amp;s=sn12Utir7zvbI5SsP1O6Qw 1x, https://i1-vnexpress.vnecdn.net/2021/08/11/Hop-1-1602-1628649709.jpg?w=1020&amp;h=0&amp;q=100&amp;dpr=1&amp;fit=crop&amp;s=nj_ypcVVHnZDa_Ic3kG60A 1.5x, https://i1-vnexpress.vnecdn.net/2021/08/11/Hop-1-1602-1628649709.jpg?w=680&amp;h=0&amp;q=100&amp;dpr=2&amp;fit=crop&amp;s=95DfBqKAuZD524y8phYaIw 2x\" /><img class=\"lazy lazied\" src=\"https://i1-vnexpress.vnecdn.net/2021/08/11/Hop-1-1602-1628649709.jpg?w=680&amp;h=0&amp;q=100&amp;dpr=1&amp;fit=crop&amp;s=sn12Utir7zvbI5SsP1O6Qw\" alt=\"Tổng B&iacute; thư Nguyễn Ph&uacute; Trọng, Chủ tịch nước Nguyễn Xu&acirc;n Ph&uacute;c, Thủ tướng Ch&iacute;nh phủ Phạm Minh Ch&iacute;nh, Chủ tịch Quốc hội Vương Đ&igrave;nh Huệ tới dự phi&ecirc;n họp Ch&iacute;nh phủ, s&aacute;ng 11/8. Ảnh: Nhật Bắc\" width=\"100%\" height=\"auto\" loading=\"lazy\" data-src=\"https://i1-vnexpress.vnecdn.net/2021/08/11/Hop-1-1602-1628649709.jpg?w=680&amp;h=0&amp;q=100&amp;dpr=1&amp;fit=crop&amp;s=sn12Utir7zvbI5SsP1O6Qw\" data-ll-status=\"loaded\" /></picture></div>\r\n<figcaption>\r\n<p class=\"Image\">Tổng b&iacute; thư Nguyễn Ph&uacute; Trọng, Chủ tịch nước Nguyễn Xu&acirc;n Ph&uacute;c, Thủ tướng Phạm Minh Ch&iacute;nh, Chủ tịch Quốc hội Vương Đ&igrave;nh Huệ tới dự phi&ecirc;n họp Ch&iacute;nh phủ, s&aacute;ng 11/8. Ảnh:&nbsp;<em>Nhật Bắc</em></p>\r\n</figcaption>\r\n</figure>\r\n<p class=\"Normal\">Thủ tướng&nbsp;<a href=\"https://vnexpress.net/chu-de/thu-tuong-pham-minh-chinh-1753\" rel=\"dofollow\">Phạm Minh Ch&iacute;nh</a>&nbsp;n&oacute;i Ch&iacute;nh phủ sẽ tiếp thu chỉ đạo của Tổng b&iacute; thư, \"nỗ lực phấn đấu đưa đất nước sớm vượt qua đại dịch, phục hồi, ph&aacute;t triển kinh tế, n&acirc;ng cao đời sống nh&acirc;n d&acirc;n\".</p>\r\n<p class=\"Normal\">Trong nhiệm kỳ 5 năm tới, Ch&iacute;nh phủ tiếp tục giữ vững ổn định kinh tế vĩ m&ocirc;, kiểm so&aacute;t lạm ph&aacute;t, bảo đảm c&aacute;c c&acirc;n đối lớn của nền kinh tế; tập trung th&aacute;o gỡ kh&oacute; khăn, vướng mắc về thể chế, xử l&yacute; dứt điểm những điểm nghẽn, hạn chế, yếu k&eacute;m để th&uacute;c đẩy ph&aacute;t triển kinh tế x&atilde; hội...</p>\r\n<p class=\"Normal\">\"Kh&ocirc;ng hy sinh tiến bộ, c&ocirc;ng bằng x&atilde; hội để đổi lấy tăng trưởng kinh tế đơn thuần\", Thủ tướng ph&aacute;t biểu.</p>\r\n<p class=\"Normal\">Phi&ecirc;n họp được tổ chức trực tuyến to&agrave;n quốc tới c&aacute;c địa phương. S&aacute;ng nay, Ch&iacute;nh phủ thảo luận c&aacute;c nhiệm vụ trọng t&acirc;m triển khai chương tr&igrave;nh h&agrave;nh động thực hiện nghị quyết Đại hội XIII; dự thảo chương tr&igrave;nh h&agrave;nh động của Ch&iacute;nh phủ nhiệm kỳ 2021 - 2026 thực hiện nghị quyết của Quốc hội về Kế hoạch ph&aacute;t triển kinh tế-x&atilde; hội 5 năm.</p>\r\n<p class=\"Normal\">Chiều c&ugrave;ng ng&agrave;y, Ch&iacute;nh phủ họp trực tuyến với c&aacute;c địa phương về t&igrave;nh h&igrave;nh ph&aacute;t triển kinh tế - x&atilde; hội th&aacute;ng 7 v&agrave; 7 th&aacute;ng đầu năm 2021; c&ocirc;ng t&aacute;c ph&ograve;ng chống Covid-19; nhiệm vụ, giải ph&aacute;p trọng t&acirc;m những th&aacute;ng cuối năm.</p>\r\n</article>\r\n<p>&gt;</p>', 1, 0, '', 1);
INSERT INTO `posts` VALUES (21, 1, 1, 9, 'Lộ trình kiểm soát dịch bệnh dự kiến ở 19 tỉnh, thành phía Nam', '2021-08-18 11:24:36', NULL, 'Qua kiểm tra chống dịch ở 19 tỉnh, thành phía Nam, Phó thủ tướng Vũ Đức Đam cho rằng có thể chia 3 nhóm, trong đó nơi muộn nhất đến giữa tháng 9 kiểm soát được dịch.', '<p>Qua kiểm tra chống dịch ở 19 tỉnh, th&agrave;nh ph&iacute;a Nam, Ph&oacute; thủ tướng Vũ Đức Đam cho rằng c&oacute; thể chia 3 nh&oacute;m, trong đ&oacute; nơi muộn nhất đến giữa th&aacute;ng 9 kiểm so&aacute;t được dịch.</p>\r\n<article class=\"fck_detail \">\r\n<p class=\"Normal\">Ng&agrave;y 10/8, Ph&oacute; thủ tướng&nbsp;<a href=\"https://vnexpress.net/chu-de/pho-thu-tuong-vu-duc-dam-1752\" rel=\"dofollow\">Vũ Đức Đam</a>&nbsp;trả lời b&aacute;o ch&iacute; về c&ocirc;ng t&aacute;c ph&ograve;ng chống dịch bệnh Covid-19, sau c&aacute;c chuyến thị s&aacute;t ở TP HCM v&agrave; nhiều địa phương ph&iacute;a Nam.</p>\r\n<p class=\"Normal\">&Ocirc;ng cho biết, để bảo đảm đủ vaccine ti&ecirc;m cho 70% d&acirc;n số tr&ecirc;n 18 tuổi của TP HCM trong th&aacute;ng 8 tới, Ch&iacute;nh phủ đ&atilde; b&agrave;n, mặc d&ugrave; địa phương n&agrave;o cũng mong c&oacute; vaccine nhưng đều đồng t&igrave;nh nhường cho TP HCM, một phần Đồng Nai, B&igrave;nh Dương, Long An \"đang bị nhiễm rất nặng v&agrave; s&acirc;u\". Điều n&agrave;y thể hiện tinh thần tất cả hướng về TP HCM.</p>\r\n<p class=\"Normal\">Bộ Y tế được giao l&agrave;m đầu mối đ&agrave;m ph&aacute;n, nhập khẩu vaccine. Việt Nam đ&atilde; k&yacute; số lượng lớn vaccine, đủ tạo miễn dịch cộng đồng cho to&agrave;n bộ d&acirc;n số, mỗi người ti&ecirc;m đủ 2 mũi, \"nhưng vấn đề vaccine về l&uacute;c n&agrave;o, ch&uacute;ng ta kh&ocirc;ng chủ động được\".</p>\r\n<p class=\"Normal\">Dự kiến đến cuối năm vaccine sẽ kh&ocirc;ng thiếu, nhưng trong v&agrave;i tuần tới, theo Bộ Y tế b&aacute;o c&aacute;o, th&igrave; c&aacute;c l&ocirc; vaccine đ&atilde; được cam kết về rất &iacute;t. \"Tinh thần l&agrave; vaccine về đến đ&acirc;u l&agrave; ưu ti&ecirc;n tối đa cho TP HCM\", &ocirc;ng Đam n&oacute;i dẫn chứng, ng&agrave;y 9/8, l&ocirc; vaccine 590.000 liều Astra Zeneca về Việt Nam, Bộ Y tế đ&atilde; ph&acirc;n bổ ngay cho TP HCM 530.000 liều.</p>\r\n<p class=\"Normal\">Đến trưa 9/8, TP HCM đ&atilde; được cấp gần 4,2 triệu liều vaccine; ti&ecirc;m được 3,4 triệu liều.</p>\r\n<p class=\"Normal\">N&ecirc;u quyết t&acirc;m kiểm so&aacute;t bằng được dịch bệnh, Ph&oacute; thủ tướng cho rằng, 19 tỉnh, th&agrave;nh ph&iacute;a Nam đang gi&atilde;n c&aacute;ch x&atilde; hội theo Chỉ thị 16, c&oacute; thể chia th&agrave;nh ba nh&oacute;m.</p>\r\n<p class=\"Normal\"><em>Nh&oacute;m một</em>, c&aacute;c tỉnh v&ugrave;ng nam s&ocirc;ng Hậu, S&oacute;c Trăng, Bến Tre, B&igrave;nh Phước quyết t&acirc;m khi kết th&uacute;c thời gian gi&atilde;n c&aacute;ch x&atilde; hội sẽ kiểm so&aacute;t tốt dịch bệnh quy m&ocirc; từng tỉnh v&agrave; cả khu vực. \"Kiểm so&aacute;t tốt kh&ocirc;ng c&oacute; nghĩa l&agrave; kh&ocirc;ng c&ograve;n ca mắc mới, m&agrave; phải củng cố vững chắc v&ugrave;ng xanh (an to&agrave;n) trong từng tỉnh, dồn gọn c&aacute;c ổ dịch, khoanh nhiều lớp. Cả khu vực h&igrave;nh th&agrave;nh một v&agrave;nh đai xanh vững chắc\", Ph&oacute; thủ tướng n&oacute;i v&agrave; cho biết l&atilde;nh đạo c&aacute;c địa phương đều khẳng định nỗ lực hơn nữa trong 10 ng&agrave;y tới.</p>\r\n<p class=\"Normal\"><em>Nh&oacute;m hai</em>, một số tỉnh c&ograve;n lại (trừ TP HCM, Đồng Nai, B&igrave;nh Dương, Long An), quy m&ocirc; v&ugrave;ng đỏ lớn hơn, quyết t&acirc;m 20 ng&agrave;y nữa kiểm so&aacute;t tốt dịch bệnh, khoanh v&ugrave;ng nhiều lớp, nhiều v&ograve;ng với c&aacute;c ổ dịch.</p>\r\n<p class=\"Normal\"><em>Nh&oacute;m ba</em>, c&aacute;c tỉnh Đồng Nai, B&igrave;nh Dương, Long An cố gắng kiểm so&aacute;t dịch v&agrave;o cuối th&aacute;ng 8; muộn nhất đến giữa th&aacute;ng 9 c&ugrave;ng với TP HCM kiểm so&aacute;t được dịch.</p>\r\n<figure class=\"tplCaption action_thumb_added\" data-size=\"true\">\r\n<div class=\"fig-picture\"><picture><source srcset=\"https://i1-vnexpress.vnecdn.net/2021/08/10/193442472-509989720435164-2046-2381-7650-1628603780.jpg?w=680&amp;h=0&amp;q=100&amp;dpr=1&amp;fit=crop&amp;s=mejOY3DCPM7HhNTfuuWcJQ 1x, https://i1-vnexpress.vnecdn.net/2021/08/10/193442472-509989720435164-2046-2381-7650-1628603780.jpg?w=1020&amp;h=0&amp;q=100&amp;dpr=1&amp;fit=crop&amp;s=Sj1xdV0hfOgsfwVcylbdlQ 1.5x, https://i1-vnexpress.vnecdn.net/2021/08/10/193442472-509989720435164-2046-2381-7650-1628603780.jpg?w=680&amp;h=0&amp;q=100&amp;dpr=2&amp;fit=crop&amp;s=23n1eMnFoD6ZhmxQBM4aPw 2x\" data-srcset=\"https://i1-vnexpress.vnecdn.net/2021/08/10/193442472-509989720435164-2046-2381-7650-1628603780.jpg?w=680&amp;h=0&amp;q=100&amp;dpr=1&amp;fit=crop&amp;s=mejOY3DCPM7HhNTfuuWcJQ 1x, https://i1-vnexpress.vnecdn.net/2021/08/10/193442472-509989720435164-2046-2381-7650-1628603780.jpg?w=1020&amp;h=0&amp;q=100&amp;dpr=1&amp;fit=crop&amp;s=Sj1xdV0hfOgsfwVcylbdlQ 1.5x, https://i1-vnexpress.vnecdn.net/2021/08/10/193442472-509989720435164-2046-2381-7650-1628603780.jpg?w=680&amp;h=0&amp;q=100&amp;dpr=2&amp;fit=crop&amp;s=23n1eMnFoD6ZhmxQBM4aPw 2x\" /><img class=\"lazy lazied\" src=\"https://i1-vnexpress.vnecdn.net/2021/08/10/193442472-509989720435164-2046-2381-7650-1628603780.jpg?w=680&amp;h=0&amp;q=100&amp;dpr=1&amp;fit=crop&amp;s=mejOY3DCPM7HhNTfuuWcJQ\" alt=\"Ph&oacute; thủ tướng Vũ Đức Đam. Ảnh: Đ&igrave;nh Nam\" width=\"100%\" height=\"auto\" loading=\"lazy\" data-src=\"https://i1-vnexpress.vnecdn.net/2021/08/10/193442472-509989720435164-2046-2381-7650-1628603780.jpg?w=680&amp;h=0&amp;q=100&amp;dpr=1&amp;fit=crop&amp;s=mejOY3DCPM7HhNTfuuWcJQ\" data-ll-status=\"loaded\" /></picture></div>\r\n<figcaption>\r\n<p class=\"Image\">Ph&oacute; thủ tướng Vũ Đức Đam. Ảnh:&nbsp;<em>Đ&igrave;nh Nam</em></p>\r\n</figcaption>\r\n</figure>\r\n<p class=\"Normal\"><strong>Về chủ trương gi&atilde;n c&aacute;ch x&atilde; hội tại 19 tỉnh, th&agrave;nh ph&iacute;a Nam</strong>, Ph&oacute; thủ tướng cho biết c&aacute;ch đ&acirc;y một th&aacute;ng, khi v&agrave;o TP HCM, trước diễn biến dịch phức tạp, &ocirc;ng đ&atilde; h&igrave;nh th&agrave;nh chiến lược khoanh v&ugrave;ng th&agrave;nh phố đồng bộ với c&aacute;c địa phương kh&aacute;c để dịch bệnh kh&ocirc;ng l&acirc;y lan. &Ocirc;ng ph&acirc;n t&iacute;ch, cơ chế kiểm so&aacute;t giống nhau sẽ tạo thuận lợi cho c&aacute;c tỉnh. Khi h&igrave;nh th&agrave;nh được c&aacute;c v&ugrave;ng xanh (trong từng tỉnh v&agrave; li&ecirc;n tỉnh), c&oacute; thể thực hiện giao thương, đi lại thuận lợi trong nội tỉnh, nội v&ugrave;ng.</p>\r\n<p class=\"Normal\">\"T&ocirc;i đ&atilde; quyết định tr&igrave;nh cấp c&oacute; thẩm quyền để thực hiện gi&atilde;n c&aacute;ch x&atilde; hội theo Chỉ thị 16 ở TP HCM v&agrave; ngay sau đ&oacute; l&agrave; đối với c&aacute;c tỉnh, th&agrave;nh ph&iacute;a Nam, d&ugrave; nhiều nơi chưa cần thiết phải l&agrave;m như vậy. Qua b&aacute;o c&aacute;o của c&aacute;c tỉnh, đ&uacute;ng như dự liệu ban đầu, nếu kh&ocirc;ng chủ trương n&agrave;y ngay, t&igrave;nh h&igrave;nh b&acirc;y giờ đ&atilde; v&ocirc; c&ugrave;ng phức tạp\", Ph&oacute; thủ tướng cho biết.</p>\r\n<p class=\"Normal\">Đến nay, 19 tỉnh, th&agrave;nh ph&iacute;a Nam vẫn đang &aacute;p dụng Chỉ thị 16 để ph&ograve;ng chống dịch bệnh. Trong đ&oacute; TP HCM, B&igrave;nh Dương, Đồng Nai đ&atilde; thực hiện từ 9/7; c&aacute;c tỉnh c&ograve;n lại thực hiện từ 19/7.</p>\r\n<p class=\"Normal\"><strong>Ph&oacute; thủ tướng lưu &yacute;, c&aacute;c địa phương cần đồng thời thực hiện hai mũi chống dịch</strong>&nbsp;l&agrave; giữ chắc v&ugrave;ng xanh v&agrave; dập dịch ở c&aacute;c v&ugrave;ng đỏ, v&ugrave;ng cam. Thời gian qua, nhiều địa phương chỉ tập trung dập dịch ở c&aacute;c điểm n&oacute;ng m&agrave; kh&ocirc;ng ch&uacute; &yacute; việc h&igrave;nh th&agrave;nh, nh&acirc;n rộng v&ugrave;ng xanh. V&igrave; vậy, những v&ugrave;ng an to&agrave;n ở nhiều nơi ng&agrave;y c&agrave;ng bị thu hẹp. T&igrave;nh trạng n&agrave;y cũng xảy ra tại TP HCM. Một th&aacute;ng trước, th&agrave;nh phố c&oacute; nhiều v&ugrave;ng an to&agrave;n, nhưng đến nay dần bị co lại. Thời gian gần đ&acirc;y, TP HCM v&agrave; c&aacute;c tỉnh đ&atilde; chủ &yacute; hơn việc giữ v&ugrave;ng xanh. \"B&acirc;y giờ, nơi n&agrave;o c&ograve;n xanh, ch&uacute;ng ta phải giữ cho chắc\", Ph&oacute; thủ tướng nhấn mạnh.</p>\r\n<p class=\"Normal\">D&ugrave; &aacute;p dụng Chỉ thị 16 đ&atilde; 20 ng&agrave;y, nhưng số ca bệnh tại c&aacute;c tỉnh ph&iacute;a Nam chưa giảm, một số nơi tiếp tục tăng. Theo Ph&oacute; thủ tướng, nguy&ecirc;n nh&acirc;n ch&iacute;nh l&agrave; do c&oacute; nơi gi&atilde;n c&aacute;ch chưa nghi&ecirc;m giữa người với người, nh&agrave; với nh&agrave;. \"L&atilde;nh đạo địa phương ph&agrave;n n&agrave;n, gi&atilde;n c&aacute;ch x&atilde; hội nhưng vẫn c&ograve;n h&agrave;ng chục, thậm ch&iacute; h&agrave;ng trăm người d&acirc;n tự ph&aacute;t, lọt qua chốt để về c&aacute;c tỉnh\", &ocirc;ng Đam dẫn chứng v&agrave; khẳng định, nếu l&agrave;m nghi&ecirc;m, sau hai tuần, sẽ c&oacute; kết quả tương đối r&otilde; rệt; sang tuần thứ ba, thứ tư sẽ kiểm so&aacute;t tốt dịch bệnh.</p>\r\n<p class=\"Normal\">V&igrave; vậy, địa phương l&agrave;m chặt th&igrave; thời gian gi&atilde;n c&aacute;ch x&atilde; hội ngắn. Nơi n&agrave;o l&agrave;m lỏng, phải k&eacute;o d&agrave;i gi&atilde;n c&aacute;ch, g&acirc;y thiệt hại kinh tế, \"người d&acirc;n rất mệt mỏi\".</p>\r\n<figure class=\"tplCaption action_thumb_added\" data-size=\"true\">\r\n<div class=\"fig-picture\"><picture><source srcset=\"https://i1-vnexpress.vnecdn.net/2021/08/10/chot-tu-quan-vung-xanh-quan-7-5987-7293-1628603780.jpg?w=680&amp;h=0&amp;q=100&amp;dpr=1&amp;fit=crop&amp;s=4Gd7IkkU6sc6_Fpo9FDHJw 1x, https://i1-vnexpress.vnecdn.net/2021/08/10/chot-tu-quan-vung-xanh-quan-7-5987-7293-1628603780.jpg?w=1020&amp;h=0&amp;q=100&amp;dpr=1&amp;fit=crop&amp;s=egVI3zWvLmm6FcpELAiHSA 1.5x, https://i1-vnexpress.vnecdn.net/2021/08/10/chot-tu-quan-vung-xanh-quan-7-5987-7293-1628603780.jpg?w=680&amp;h=0&amp;q=100&amp;dpr=2&amp;fit=crop&amp;s=RzWa1_dornkL0w352Xb8SA 2x\" data-srcset=\"https://i1-vnexpress.vnecdn.net/2021/08/10/chot-tu-quan-vung-xanh-quan-7-5987-7293-1628603780.jpg?w=680&amp;h=0&amp;q=100&amp;dpr=1&amp;fit=crop&amp;s=4Gd7IkkU6sc6_Fpo9FDHJw 1x, https://i1-vnexpress.vnecdn.net/2021/08/10/chot-tu-quan-vung-xanh-quan-7-5987-7293-1628603780.jpg?w=1020&amp;h=0&amp;q=100&amp;dpr=1&amp;fit=crop&amp;s=egVI3zWvLmm6FcpELAiHSA 1.5x, https://i1-vnexpress.vnecdn.net/2021/08/10/chot-tu-quan-vung-xanh-quan-7-5987-7293-1628603780.jpg?w=680&amp;h=0&amp;q=100&amp;dpr=2&amp;fit=crop&amp;s=RzWa1_dornkL0w352Xb8SA 2x\" /><img class=\"lazy lazied\" src=\"https://i1-vnexpress.vnecdn.net/2021/08/10/chot-tu-quan-vung-xanh-quan-7-5987-7293-1628603780.jpg?w=680&amp;h=0&amp;q=100&amp;dpr=1&amp;fit=crop&amp;s=4Gd7IkkU6sc6_Fpo9FDHJw\" alt=\"Ph&oacute; Thủ tướng Vũ Đức Đam thăm chốt tự quản v&ugrave;ng xanh Quận 7, TP HCM, chiều 6/8. Ảnh: Đ&igrave;nh Nam\" width=\"100%\" height=\"auto\" loading=\"lazy\" data-src=\"https://i1-vnexpress.vnecdn.net/2021/08/10/chot-tu-quan-vung-xanh-quan-7-5987-7293-1628603780.jpg?w=680&amp;h=0&amp;q=100&amp;dpr=1&amp;fit=crop&amp;s=4Gd7IkkU6sc6_Fpo9FDHJw\" data-ll-status=\"loaded\" /></picture></div>\r\n<figcaption>\r\n<p class=\"Image\">Ph&oacute; thủ tướng Vũ Đức Đam (phải) thăm chốt tự quản v&ugrave;ng xanh Quận 7, TP HCM, chiều 6/8. Ảnh:&nbsp;<em>Đ&igrave;nh Nam</em></p>\r\n</figcaption>\r\n</figure>\r\n<p class=\"Normal\"><strong>Về điều trị</strong>, &ocirc;ng Đam nhấn mạnh cần tập trung lực lượng cứu chữa ngay từ khi người bệnh c&oacute; triệu chứng nhẹ với phương ch&acirc;m \"sớm hơn một bước, cao hơn một mức\". Mục ti&ecirc;u l&agrave; giảm tỷ lệ người nhiễm bệnh c&oacute; triệu chứng hoặc triệu chứng nhẹ chuyển nặng hơn. Bộ Y tế đ&atilde; c&oacute; ph&aacute;c đồ điều trị ba tầng, nhưng địa phương phải s&aacute;ng tạo t&ugrave;y theo thực tế.</p>\r\n<p class=\"Normal\">Chiến lược của Việt Nam hiện nay l&agrave; ngăn chặn dịch, giảm số người nhiễm, tr&aacute;nh qu&aacute; tải cho hệ thống y tế. C&aacute;c tỉnh, th&agrave;nh phải c&acirc;n đối thực hiện tốt mục ti&ecirc;u k&eacute;p.</p>\r\n<p class=\"Normal\">Tuy nhi&ecirc;n, v&igrave; dịch bệnh đang diễn biến phức tạp, Ph&oacute; thủ tướng cho rằng kh&ocirc;ng chỉ ở TP HCM, c&aacute;c tỉnh ph&iacute;a Nam m&agrave; tr&ecirc;n quy m&ocirc; to&agrave;n quốc \"trong thời gian ngắn trước mắt, ch&uacute;ng ta nghi&ecirc;ng về ph&iacute;a chống dịch, bảo vệ t&iacute;nh mạng, sức khỏe người d&acirc;n\".</p>\r\n<p class=\"Normal\">Tổng số ca nhiễm cộng đồng từ ng&agrave;y 27/4 đến nay l&agrave; 224.147, ghi nhận ở&nbsp;<a title=\"62 tỉnh th&agrave;nh\" href=\"https://vnexpress.net/them-3-241-ca-covid-19-4338687-p2.html\" rel=\"dofollow\">62 tỉnh th&agrave;nh</a>; trong đ&oacute; tổng số ca nhiễm tại TP HCM 129.751.</p>\r\n</article>\r\n<p>&gt;</p>', 1, 0, '', 1);
INSERT INTO `posts` VALUES (22, 1, 2, 9, 'Nhiều dự án cao tốc bị đình trệ do dịch', '2021-08-18 11:24:17', NULL, 'Một số gói thầu cao tốc Vĩnh Hảo - Phan Thiết, Trung Lương - Mỹ Thuận phải dừng thi công do có nhiều người lao động nhiễm Covid-19. ', '<p>Một số g&oacute;i thầu cao tốc Vĩnh Hảo - Phan Thiết, Trung Lương - Mỹ Thuận phải dừng thi c&ocirc;ng do c&oacute; nhiều người lao động nhiễm Covid-19.</p>\r\n<article class=\"fck_detail \">\r\n<p class=\"Normal\">Ng&agrave;y 17/8, &ocirc;ng Hồ Đ&igrave;nh Chung, Ph&oacute; tổng gi&aacute;m đốc C&ocirc;ng ty CP BOT Trung Lương - Mỹ Thuận, th&ocirc;ng tin mấy th&aacute;ng qua, dịch bệnh b&ugrave;ng ph&aacute;t tr&ecirc;n địa b&agrave;n tỉnh Tiền Giang khiến một số c&aacute;n bộ, nh&acirc;n vi&ecirc;n dự &aacute;n cao tốc Trung Lương - Mỹ Thuận bị nhiễm nCoV v&agrave; h&agrave;ng trăm người kh&aacute;c v&agrave;o diện F1, F2 phải c&aacute;ch ly tập trung hoặc tại chỗ.</p>\r\n<p class=\"Normal\">Một số g&oacute;i thầu tr&ecirc;n tuyến cao tốc tạm dừng thi c&ocirc;ng 21 ng&agrave;y do người lao động bị c&aacute;ch ly, hạn chế ra khỏi chỗ ở. Đồng thời, c&aacute;c trạm trộn b&ecirc; t&ocirc;ng nhựa tại Đồng Th&aacute;p v&agrave; tại Long An, Cần Thơ phục vụ thi c&ocirc;ng đều bị đ&igrave;nh ho&atilde;n sản xuất theo y&ecirc;u cầu của c&aacute;c địa phương để ph&ograve;ng, chống dịch.</p>\r\n<p class=\"Normal\">Ngo&agrave;i ra, c&aacute;c tỉnh, th&agrave;nh ph&iacute;a Nam đang gi&atilde;n c&aacute;ch x&atilde; hội thời gian d&agrave;i n&ecirc;n việc vận chuyển, cung cấp vật tư, vật liệu đến c&ocirc;ng trường kh&oacute; khăn; qu&aacute; tr&igrave;nh tăng cường nh&acirc;n sự, thiết bị v&agrave;o c&aacute;c g&oacute;i thầu bị ảnh hưởng cũng gặp trở ngại khi phải đi qua nhiều địa b&agrave;n.</p>\r\n<figure class=\"tplCaption action_thumb_added\" data-size=\"true\">\r\n<div class=\"fig-picture\"><picture><source srcset=\"https://i1-vnexpress.vnecdn.net/2021/08/17/z2546623065183-8a3358a95f8ce5f-2713-4092-1629190206.jpg?w=680&amp;h=0&amp;q=100&amp;dpr=1&amp;fit=crop&amp;s=9Lo-Yy_9bBlyyf6YQvCzBA 1x, https://i1-vnexpress.vnecdn.net/2021/08/17/z2546623065183-8a3358a95f8ce5f-2713-4092-1629190206.jpg?w=1020&amp;h=0&amp;q=100&amp;dpr=1&amp;fit=crop&amp;s=y81K4aadpADms1SHGLshrw 1.5x, https://i1-vnexpress.vnecdn.net/2021/08/17/z2546623065183-8a3358a95f8ce5f-2713-4092-1629190206.jpg?w=680&amp;h=0&amp;q=100&amp;dpr=2&amp;fit=crop&amp;s=c2xgrha9lDmo1IUWLbwx3g 2x\" data-srcset=\"https://i1-vnexpress.vnecdn.net/2021/08/17/z2546623065183-8a3358a95f8ce5f-2713-4092-1629190206.jpg?w=680&amp;h=0&amp;q=100&amp;dpr=1&amp;fit=crop&amp;s=9Lo-Yy_9bBlyyf6YQvCzBA 1x, https://i1-vnexpress.vnecdn.net/2021/08/17/z2546623065183-8a3358a95f8ce5f-2713-4092-1629190206.jpg?w=1020&amp;h=0&amp;q=100&amp;dpr=1&amp;fit=crop&amp;s=y81K4aadpADms1SHGLshrw 1.5x, https://i1-vnexpress.vnecdn.net/2021/08/17/z2546623065183-8a3358a95f8ce5f-2713-4092-1629190206.jpg?w=680&amp;h=0&amp;q=100&amp;dpr=2&amp;fit=crop&amp;s=c2xgrha9lDmo1IUWLbwx3g 2x\" /><img class=\"lazy lazied\" src=\"https://i1-vnexpress.vnecdn.net/2021/08/17/z2546623065183-8a3358a95f8ce5f-2713-4092-1629190206.jpg?w=680&amp;h=0&amp;q=100&amp;dpr=1&amp;fit=crop&amp;s=9Lo-Yy_9bBlyyf6YQvCzBA\" alt=\"Thảm b&ecirc; t&ocirc;ng nhựa tr&ecirc;n cao tốc Trung Lương - Mỹ Thuận. Ảnh: Ho&agrave;ng Nam.\" width=\"100%\" height=\"auto\" loading=\"lazy\" data-src=\"https://i1-vnexpress.vnecdn.net/2021/08/17/z2546623065183-8a3358a95f8ce5f-2713-4092-1629190206.jpg?w=680&amp;h=0&amp;q=100&amp;dpr=1&amp;fit=crop&amp;s=9Lo-Yy_9bBlyyf6YQvCzBA\" data-ll-status=\"loaded\" /></picture></div>\r\n<figcaption>\r\n<p class=\"Image\">Thảm b&ecirc; t&ocirc;ng nhựa tr&ecirc;n cao tốc Trung Lương - Mỹ Thuận. Ảnh:&nbsp;<em>Ho&agrave;ng Nam</em></p>\r\n</figcaption>\r\n</figure>\r\n<p class=\"Normal\">L&agrave; dự &aacute;n trọng điểm ở miền T&acirc;y Nam bộ, hiện&nbsp;<strong>cao tốc Trung Lương - Mỹ Thuận</strong>&nbsp;đạt khối lượng thi c&ocirc;ng khoảng 80%, tuyến đường ch&iacute;nh đ&atilde; sắp ho&agrave;n th&agrave;nh thử tải, đơn vị thi c&ocirc;ng đang thảm b&ecirc; t&ocirc;ng nhựa. Đơn vị quản l&yacute; dự &aacute;n cho biết sẽ tiếp tục điều phối nh&acirc;n sự thay thế c&aacute;c lao động bị c&aacute;ch ly để c&ocirc;ng tr&igrave;nh kh&ocirc;ng bị đ&igrave;nh trệ k&eacute;o d&agrave;i, đảm bảo th&ocirc;ng xe kỹ thuật cuối năm nay.</p>\r\n<p class=\"Normal\"><strong>Cao tốc Vĩnh Hảo - Phan Thiết (B&igrave;nh Thuận)</strong>&nbsp;cũng bị ảnh hưởng tiến độ do nh&agrave; thầu (g&oacute;i thầu số XL-01) phải tạm dừng thi c&ocirc;ng khi c&oacute; một số c&aacute;n bộ, c&ocirc;ng nh&acirc;n nhiễm Covid-19, theo Bộ Giao th&ocirc;ng Vận tải.</p>\r\n<p class=\"Normal\"><strong>Cao tốc Mỹ Thuận - Cần Thơ&nbsp;</strong>c&oacute; một số g&oacute;i thầu chậm tiến độ do kh&oacute; khăn về vật liệu c&aacute;t đắp nền đường v&agrave; kh&oacute; chuy&ecirc;n chở vật liệu x&acirc;y dựng. Việc cung cấp c&aacute;t đạt trung b&igrave;nh 12.000 đến 15.000 m3 mỗi ng&agrave;y, trong khi c&aacute;c đơn vị cam kết cung cấp tối đa 20.200 m3 mỗi ng&agrave;y.</p>\r\n<p class=\"Normal\"><strong>C&aacute;c dự &aacute;n cao tốc Bắc Nam như Mai Sơn - Quốc lộ 45; Cam Lộ - La Sơn; Vĩnh Hảo - Phan Thiết; Phan Thiết - Dầu Gi&acirc;y&nbsp;</strong>đều chậm tiến độ so với kế hoạch do nh&agrave; thầu thi c&ocirc;ng chậm v&agrave; ảnh hưởng dịch. C&aacute;c địa phương gi&atilde;n c&aacute;ch theo Chỉ thị 16 n&ecirc;n c&aacute;c đơn vị kh&ocirc;ng được vận chuyển nguy&ecirc;n vật liệu v&agrave;o c&ocirc;ng trường.</p>\r\n<p class=\"Normal\">Đ&aacute;nh gi&aacute; kh&oacute; khăn của c&aacute;c doanh nghiệp hạ tầng giao th&ocirc;ng, &ocirc;ng Trần Chủng, Chủ tịch Hiệp hội c&aacute;c nh&agrave; đầu tư c&ocirc;ng tr&igrave;nh giao th&ocirc;ng đường bộ Việt Nam (VARSI), n&oacute;i ngo&agrave;i việc thi c&ocirc;ng bị ảnh hưởng, c&aacute;c doanh nghiệp, nh&agrave; thầu c&ograve;n ph&aacute;t sinh th&ecirc;m chi ph&iacute; duy tr&igrave; nh&acirc;n lực, m&aacute;y m&oacute;c v&agrave; trả nợ l&atilde;i ng&acirc;n h&agrave;ng theo phương &aacute;n t&agrave;i ch&iacute;nh.</p>\r\n<p class=\"Normal\">VARSI đ&atilde; đề xuất Ph&ograve;ng Thương mại v&agrave; C&ocirc;ng nghiệp Việt Nam kiến nghị Ch&iacute;nh phủ cho ph&eacute;p c&aacute;c doanh nghiệp được chậm thu, chậm nộp c&aacute;c khoản ph&iacute; bảo hiểm x&atilde; hội 6 th&aacute;ng cuối năm 2021, đồng thời c&oacute; ch&iacute;nh s&aacute;ch hỗ trợ người lao động tại dự &aacute;n dừng thi c&ocirc;ng.</p>\r\n<p class=\"Normal\">Hiệp hội cũng kiến nghị Ch&iacute;nh phủ bổ sung luồng xanh cho xe vận chuyển h&agrave;ng ho&aacute;, vật tư cho c&aacute;c dự &aacute;n giao th&ocirc;ng để ho&agrave;n th&agrave;nh đ&uacute;ng thời gian.</p>\r\n<div class=\"sp-anh8 sp-quotedep8\">\r\n<p>5 th&aacute;ng cuối năm, khối lượng c&aacute;c dự &aacute;n hạ tầng giao th&ocirc;ng c&ograve;n rất lớn trong khi dịch Covid-19 diễn biến phức tạp, thời tiết v&agrave;o mưa b&atilde;o. Bộ Giao th&ocirc;ng Vận tải đ&atilde; chỉ đạo c&aacute;c chủ đầu tư, Ban quản l&yacute; dự &aacute;n quyết liệt y&ecirc;u cầu nh&agrave; thầu tăng cường c&aacute;c mũi thi c&ocirc;ng để đẩy nhanh tiến độ, đảm bảo ho&agrave;n th&agrave;nh kế hoạch giải ng&acirc;n năm 2021.</p>\r\n</div>\r\n</article>\r\n<p>&gt;</p>', 1, 0, '', 2);
INSERT INTO `posts` VALUES (23, 1, 2, 9, 'Cao tốc Đà Nẵng - Quảng Ngãi dừng thu phí', '2021-08-18 11:24:07', NULL, 'Hai trạm thu phí của tuyến cao tốc Đà Nẵng - Quảng Ngại tạm dừng thu do thành phố Đà Nẵng và thị xã Điện Bàn (tỉnh Quảng Nam) giãn cách xã hội. ', '<p>Hai trạm thu ph&iacute; của tuyến cao tốc Đ&agrave; Nẵng - Quảng Ngại tạm dừng thu do th&agrave;nh phố Đ&agrave; Nẵng v&agrave; thị x&atilde; Điện B&agrave;n (tỉnh Quảng Nam) gi&atilde;n c&aacute;ch x&atilde; hội.</p>\r\n<article class=\"fck_detail \">\r\n<p class=\"Normal\">Trạm thu ph&iacute; Phong Thử (km13+310) tr&ecirc;n tuyến cao tốc Đ&agrave; Nẵng - Quảng Ng&atilde;i tạm dừng thu ph&iacute; từ ng&agrave;y 16/8.</p>\r\n<p class=\"Normal\">Trước đ&oacute;, trạm thu ph&iacute; T&uacute;y Loan tr&ecirc;n tuyến cao tốc Đ&agrave; Nẵng - Quảng Ng&atilde;i cũng tạm dừng thu ph&iacute; từ 18h ng&agrave;y 31/7, khi TP Đ&agrave; Nẵng thực hiện gi&atilde;n c&aacute;ch x&atilde; hội.</p>\r\n<p class=\"Normal\">Theo Tổng c&ocirc;ng ty Đầu tư ph&aacute;t triển đường cao tốc Việt Nam (VEC) - đơn vị quản l&yacute; tuyến đường, với c&aacute;c xe từ Đ&agrave; Nẵng đi Quảng Ng&atilde;i tr&ecirc;n tuyến cao tốc sẽ kh&ocirc;ng lấy thẻ đầu v&agrave;o tại c&aacute;c trạm T&uacute;y Loan, Phong Thử v&agrave; H&agrave; Lam. Ph&iacute; được t&iacute;nh từ trạm H&agrave; Lam đến n&uacute;t giao xe ra.</p>\r\n<p class=\"Normal\">Với xe từ Quảng Ng&atilde;i đi Đ&agrave; Nẵng, xe v&agrave;o c&aacute;c trạm từ Quảng Ng&atilde;i đến trạm Tam Kỳ (Quảng Nam) vẫn nhận thẻ kiểm so&aacute;t v&agrave; thu ph&iacute; b&igrave;nh thường.</p>\r\n<figure class=\"tplCaption action_thumb_added\" data-size=\"true\">\r\n<div class=\"fig-picture\"><picture><source srcset=\"https://i1-vnexpress.vnecdn.net/2021/08/16/IMG-4445-7366-1623818983-2932-1629105100.jpg?w=680&amp;h=0&amp;q=100&amp;dpr=1&amp;fit=crop&amp;s=OL1fHz4uYi5mkF3wNE15Ng 1x, https://i1-vnexpress.vnecdn.net/2021/08/16/IMG-4445-7366-1623818983-2932-1629105100.jpg?w=1020&amp;h=0&amp;q=100&amp;dpr=1&amp;fit=crop&amp;s=phnFJbSDRK6lN-OGuOovtw 1.5x, https://i1-vnexpress.vnecdn.net/2021/08/16/IMG-4445-7366-1623818983-2932-1629105100.jpg?w=680&amp;h=0&amp;q=100&amp;dpr=2&amp;fit=crop&amp;s=xl1LDsNK40rAVwGBGwAg9A 2x\" data-srcset=\"https://i1-vnexpress.vnecdn.net/2021/08/16/IMG-4445-7366-1623818983-2932-1629105100.jpg?w=680&amp;h=0&amp;q=100&amp;dpr=1&amp;fit=crop&amp;s=OL1fHz4uYi5mkF3wNE15Ng 1x, https://i1-vnexpress.vnecdn.net/2021/08/16/IMG-4445-7366-1623818983-2932-1629105100.jpg?w=1020&amp;h=0&amp;q=100&amp;dpr=1&amp;fit=crop&amp;s=phnFJbSDRK6lN-OGuOovtw 1.5x, https://i1-vnexpress.vnecdn.net/2021/08/16/IMG-4445-7366-1623818983-2932-1629105100.jpg?w=680&amp;h=0&amp;q=100&amp;dpr=2&amp;fit=crop&amp;s=xl1LDsNK40rAVwGBGwAg9A 2x\" /><img class=\"lazy lazied\" src=\"https://i1-vnexpress.vnecdn.net/2021/08/16/IMG-4445-7366-1623818983-2932-1629105100.jpg?w=680&amp;h=0&amp;q=100&amp;dpr=1&amp;fit=crop&amp;s=OL1fHz4uYi5mkF3wNE15Ng\" alt=\"Một đoạn cao tốc Đ&agrave; Nẵng - Quảng Ng&atilde;i do VEC quản l&yacute;.Ảnh: Đắc Th&agrave;nh.\" width=\"100%\" height=\"auto\" loading=\"lazy\" data-src=\"https://i1-vnexpress.vnecdn.net/2021/08/16/IMG-4445-7366-1623818983-2932-1629105100.jpg?w=680&amp;h=0&amp;q=100&amp;dpr=1&amp;fit=crop&amp;s=OL1fHz4uYi5mkF3wNE15Ng\" data-ll-status=\"loaded\" /></picture></div>\r\n<figcaption>\r\n<p class=\"Image\">Một đoạn cao tốc Đ&agrave; Nẵng - Quảng Ng&atilde;i do VEC quản l&yacute;.&nbsp;<em>Ảnh: Đắc Th&agrave;nh.</em></p>\r\n</figcaption>\r\n</figure>\r\n<p class=\"Normal\">Xe từ Quảng Ng&atilde;i đi H&agrave; Lam, Phong Thử hoặc T&uacute;y Loan sẽ được thu ph&iacute; từ n&uacute;t giao xe v&agrave;o đến n&uacute;t giao H&agrave; Lam. C&aacute;c xe đi v&ograve;ng qua trạm H&agrave; Lam để tiếp tục lộ tr&igrave;nh đi Phong Thử hoặc T&uacute;y Loan.</p>\r\n<p class=\"Normal\">Tại đầu v&agrave;o trạm H&agrave; Lam sẽ kh&ocirc;ng ph&aacute;t thẻ, kh&ocirc;ng thu ph&iacute; đối với c&aacute;c xe c&oacute; lộ tr&igrave;nh đi Phong Thử hoặc T&uacute;y Loan.</p>\r\n<p class=\"Normal\">C&aacute;c trạm thu ph&iacute; tr&ecirc;n cao tốc Đ&agrave; Nẵng - Quảng Ng&atilde;i dừng thu ph&iacute; đến khi địa phương c&ocirc;ng bố dỡ bỏ gi&atilde;n c&aacute;ch x&atilde; hội theo Chỉ thị 16. Doanh nghiệp dự &aacute;n sẽ thống k&ecirc; số phương tiện qua lại v&agrave; t&iacute;nh to&aacute;n phương &aacute;n t&agrave;i ch&iacute;nh, k&eacute;o d&agrave;i th&ecirc;m thời gian thu ph&iacute; để b&ugrave; đắp.</p>\r\n<p class=\"Normal\">Cao tốc Đ&agrave; Nẵng - Quảng Ng&atilde;i d&agrave;i 139 km, đi qua Đ&agrave; Nẵng, Quảng Nam, Quảng Ng&atilde;i, l&agrave; tuyến cao tốc đầu ti&ecirc;n ở miền Trung. Th&aacute;ng 8/2017, đoạn đường 65 km từ n&uacute;t giao T&uacute;y Loan (Đ&agrave; Nẵng) đến n&uacute;t giao Tam Kỳ (Quảng Nam) đưa v&agrave;o khai th&aacute;c. Cuối năm 2018, đoạn từ Tam Kỳ đến Quảng Ng&atilde;i d&agrave;i 74 km được kh&aacute;nh th&agrave;nh.</p>\r\n</article>\r\n<p>&gt;</p>', 1, 1, '', 3);
INSERT INTO `posts` VALUES (24, 1, 2, 9, 'Dừng khai báo di chuyển nội địa ở nhiều chốt trong TP HCM', '2021-08-18 11:22:59', NULL, 'Nhiều chốt kiểm soát khu vực nội thành TP HCM tạm dừng yêu cầu người dân khai báo di chuyển nội địa để tránh ùn tắc giao thông.', '<p>Nhiều chốt kiểm so&aacute;t khu vực nội th&agrave;nh TP HCM tạm dừng y&ecirc;u cầu người d&acirc;n khai b&aacute;o di chuyển nội địa để tr&aacute;nh &ugrave;n tắc giao th&ocirc;ng.</p>\r\n<article class=\"fck_detail \">\r\n<p class=\"Normal\">Chiều 15/8, trung t&aacute; Nguyễn Văn Khởi, Đội trưởng Cảnh s&aacute;t giao th&ocirc;ng quận G&ograve; Vấp cho biết, đ&atilde; dừng kiểm tra th&ocirc;ng tin khai b&aacute;o qua ứng dụng gi&aacute;m s&aacute;t di chuyển nội địa ở cả 12 chốt tr&ecirc;n địa b&agrave;n. Lực lượng l&agrave;m nhiệm vụ tại c&aacute;c chốt hiện kiểm tra c&aacute;c loại giấy ra đường của người d&acirc;n như cũ, đồng thời tổ chức c&aacute;c đội tuần tra lưu động để xử l&yacute; vi phạm ph&ograve;ng dịch.</p>\r\n<p class=\"Normal\">Tương tự tại quận 7 v&agrave; B&igrave;nh Thạnh, nhiều chốt cũng tạm dừng kiểm tra khai b&aacute;o tr&ecirc;n phần mềm của Bộ C&ocirc;ng an từ chiều nay. Tại chốt tr&ecirc;n đường Đinh Bộ Lĩnh ở kế b&ecirc;n Bến xe Miền Đ&ocirc;ng (quận B&igrave;nh Thạnh), người d&acirc;n khi qua kh&ocirc;ng cần qu&eacute;t m&atilde; QR để v&agrave;o website khai b&aacute;o. Họ tr&igrave;nh c&aacute;c loại thẻ, giấy tờ được ph&eacute;p ra đường sẽ được qua chốt. Lực lượng kiểm so&aacute;t cũng linh hoạt, t&ugrave;y theo t&igrave;nh h&igrave;nh thực tế sẽ kiểm tra ngẫu nhi&ecirc;n nhằm tr&aacute;nh g&acirc;y &ugrave;n ứ giao th&ocirc;ng.</p>\r\n<figure class=\"tplCaption action_thumb_added\" data-size=\"true\">\r\n<div class=\"fig-picture\"><picture><source srcset=\"https://i1-vnexpress.vnecdn.net/2021/08/15/QUYN7826-1628998489-jpeg-2258-1629026652.jpg?w=680&amp;h=0&amp;q=100&amp;dpr=1&amp;fit=crop&amp;s=vh7qLF-QlVNOPirWe3X1qQ 1x, https://i1-vnexpress.vnecdn.net/2021/08/15/QUYN7826-1628998489-jpeg-2258-1629026652.jpg?w=1020&amp;h=0&amp;q=100&amp;dpr=1&amp;fit=crop&amp;s=MXI19GkTPzKVkzzS28Tj3A 1.5x, https://i1-vnexpress.vnecdn.net/2021/08/15/QUYN7826-1628998489-jpeg-2258-1629026652.jpg?w=680&amp;h=0&amp;q=100&amp;dpr=2&amp;fit=crop&amp;s=qLC7EEAYyz8MbgRDxKRByA 2x\" data-srcset=\"https://i1-vnexpress.vnecdn.net/2021/08/15/QUYN7826-1628998489-jpeg-2258-1629026652.jpg?w=680&amp;h=0&amp;q=100&amp;dpr=1&amp;fit=crop&amp;s=vh7qLF-QlVNOPirWe3X1qQ 1x, https://i1-vnexpress.vnecdn.net/2021/08/15/QUYN7826-1628998489-jpeg-2258-1629026652.jpg?w=1020&amp;h=0&amp;q=100&amp;dpr=1&amp;fit=crop&amp;s=MXI19GkTPzKVkzzS28Tj3A 1.5x, https://i1-vnexpress.vnecdn.net/2021/08/15/QUYN7826-1628998489-jpeg-2258-1629026652.jpg?w=680&amp;h=0&amp;q=100&amp;dpr=2&amp;fit=crop&amp;s=qLC7EEAYyz8MbgRDxKRByA 2x\" /><img class=\"lazy lazied\" src=\"https://i1-vnexpress.vnecdn.net/2021/08/15/QUYN7826-1628998489-jpeg-2258-1629026652.jpg?w=680&amp;h=0&amp;q=100&amp;dpr=1&amp;fit=crop&amp;s=vh7qLF-QlVNOPirWe3X1qQ\" alt=\"Cảnh s&aacute;t dừng tất cả mọi xe từ nơi kh&aacute;c v&agrave;o quận B&igrave;nh Thạnh, y&ecirc;u cầu họ phải qu&eacute;t m&atilde; QR, s&aacute;ng 15/8. Ảnh: Quỳnh Trần\" width=\"100%\" height=\"auto\" loading=\"lazy\" data-src=\"https://i1-vnexpress.vnecdn.net/2021/08/15/QUYN7826-1628998489-jpeg-2258-1629026652.jpg?w=680&amp;h=0&amp;q=100&amp;dpr=1&amp;fit=crop&amp;s=vh7qLF-QlVNOPirWe3X1qQ\" data-ll-status=\"loaded\" /></picture></div>\r\n<figcaption>\r\n<p class=\"Image\">Cảnh s&aacute;t dừng tất cả mọi xe từ nơi kh&aacute;c v&agrave;o quận B&igrave;nh Thạnh, y&ecirc;u cầu họ phải qu&eacute;t m&atilde; QR, s&aacute;ng 15/8. Ảnh:&nbsp;<em>Quỳnh Trần</em></p>\r\n</figcaption>\r\n</figure>\r\n<p class=\"Normal\">Động th&aacute;i ngưng kiểm tra khai b&aacute;o di chuyển nội địa diễn ra sau khi c&aacute;c địa phương thực hiện hơn một ng&agrave;y v&agrave; đ&atilde; g&acirc;y &ugrave;n tắc giao th&ocirc;ng tại c&aacute;c chốt, kh&ocirc;ng đảm bảo y&ecirc;u cầu ph&ograve;ng dịch. Trước đ&oacute;, người d&acirc;n khi đến chốt phải qu&eacute;t m&atilde; QR v&agrave; khai b&aacute;o th&ocirc;ng tin tại&nbsp;<em>suckhoe.dancuquocgia.gov.vn</em>. Sau khi ho&agrave;n tất khai b&aacute;o, một m&atilde; QR kh&aacute;c sẽ hiển thị để lực lượng chức năng qu&eacute;t v&agrave; nhập v&agrave;o hệ thống. Khi đối chiếu th&ocirc;ng tin nếu hợp lệ th&igrave; người d&acirc;n mới được đi qua.</p>\r\n<p class=\"Normal\">Nhiều người chưa quen c&aacute;ch khai b&aacute;o mới, kh&ocirc;ng c&oacute; điện thoại th&ocirc;ng minh kết nối 3G, 4G hoặc camera bị mờ kh&ocirc;ng qu&eacute;t được m&atilde; QR... dẫn đến việc l&agrave;m thủ tục khai b&aacute;o tốn nhiều thời gian.</p>\r\n<p class=\"Normal\">Phần mềm gi&aacute;m s&aacute;t n&agrave;y được Bộ C&ocirc;ng an triển khai để quản l&yacute; c&ocirc;ng d&acirc;n v&ugrave;ng dịch th&ocirc;ng qua kết nối với Cơ sở dữ liệu quốc gia về d&acirc;n cư. Phần mềm sẽ thống k&ecirc; t&igrave;nh h&igrave;nh c&ocirc;ng d&acirc;n ra, v&agrave;o v&ugrave;ng dịch h&agrave;ng ng&agrave;y; truy vết người nghi vấn F0, F1, F2 khi cần thiết. Người d&acirc;n khai b&aacute;o trước tại nh&agrave;. Sau khai b&aacute;o th&agrave;nh c&ocirc;ng, người d&ugrave;ng sẽ được cấp một m&atilde; QR d&ugrave;ng trong 3 ng&agrave;y.</p>\r\n<p class=\"Normal\">Đại t&aacute; Ph&ugrave;ng Đức Thắng, Cục ph&oacute; Cục Cảnh s&aacute;t Quản l&yacute; h&agrave;nh ch&iacute;nh về trật tự x&atilde; hội (C06, Bộ C&ocirc;ng an), cho biết c&oacute; nhiều phần mềm khai b&aacute;o y tế n&ecirc;n người d&acirc;n d&ugrave;ng&nbsp;<a href=\"https://vnexpress.net/c06-khong-bat-buoc-chi-khai-bao-y-te-bang-phan-mem-cua-bo-cong-an-4340881.html\" rel=\"dofollow\">\"phần mềm n&agrave;o cũng được\"</a>. C06 khuyến kh&iacute;ch khai b&aacute;o bằng hệ thống của Bộ C&ocirc;ng an bởi đ&atilde; được t&iacute;ch hợp đầy đủ th&ocirc;ng tin về dữ liệu d&acirc;n cư ở đ&acirc;y.</p>\r\n</article>\r\n<p>&nbsp;</p>', 1, 0, '', 7);
INSERT INTO `posts` VALUES (25, 3, 1, 9, 'Người Mỹ tan mộng Covid-19 biến mất', '2021-08-18 11:22:37', NULL, 'Nhiều người Mỹ từng hồ hởi đón mùa hè với niềm tin rằng Covid-19 sẽ sớm biến mất, nhưng sau đó nhận ra chỉ còn cách sống chung với nó.', '<p>Nhiều người Mỹ từng hồ hởi đ&oacute;n m&ugrave;a h&egrave; với niềm tin rằng Covid-19 sẽ sớm biến mất, nhưng sau đ&oacute; nhận ra chỉ c&ograve;n c&aacute;ch sống chung với n&oacute;.</p>\r\n<article class=\"fck_detail \">\r\n<p class=\"Normal\">Người Mỹ đang bước v&agrave;o một giai đoạn mới đ&aacute;ng thất vọng của đại dịch, khi họ nhận ra rằng Covid-19 kh&ocirc;ng thể sớm biến mất. Một quốc gia từng chờ mong đại dịch chấm dứt giờ buộc phải điều chỉnh lại c&aacute;ch tiếp cận với Covid-19.</p>\r\n<p class=\"Normal\">\"Ch&uacute;ng t&ocirc;i kh&ocirc;ng thể mong đợi n&oacute; biến mất để kh&ocirc;ng bao giờ phải nghĩ về n&oacute; nữa\", Emily Martin, nh&agrave; dịch tễ học tại Đại học Michigan, n&oacute;i.</p>\r\n<p class=\"Normal\">M&ugrave;a h&egrave; năm nay ở Mỹ bắt đầu với những t&iacute;n hiệu đầy lạc quan. Mỹ ghi nhận tổng số ca nhiễm mới thấp nhất từ đầu đại dịch, trong khi Trung t&acirc;m Kiểm so&aacute;t v&agrave; Ph&ograve;ng ngừa dịch bệnh (CDC) cho ph&eacute;p người đ&atilde; ti&ecirc;m chủng đầy đủ c&oacute; thể bỏ khẩu trang ở hầu hết mọi nơi.</p>\r\n<p class=\"Normal\">Nhưng chỉ v&agrave;i tuần sau, đợt b&ugrave;ng ph&aacute;t mới xuất hiện với chủng Delta l&acirc;y lan nhanh, khiến nhiều bệnh viện một lần nữa đối mặt nguy cơ qu&aacute; tải. Tỷ lệ nhập viện đ&atilde; chạm ngưỡng cao nhất kể từ m&ugrave;a đ&ocirc;ng. Tại nhiều khu vực ở ph&iacute;a nam, gồm c&aacute;c bang như Mississippi, Louisiana v&agrave; Florida, biến chủng Delta khiến số ca nhiễm tăng kỷ lục v&agrave; g&acirc;y &aacute;p lực cho c&aacute;c ph&ograve;ng điều trị đặc biệt.</p>\r\n<p class=\"Normal\">\"T&ocirc;i từng nghĩ rằng mọi thứ đ&atilde; tốt l&ecirc;n\", Anthony Monteiro, 30 tuổi ở Tampa, bang Florida, người cung cấp thiết bị y tế cho c&aacute;c bệnh viện, n&oacute;i. \"C&oacute; qu&aacute; nhiều bệnh nh&acirc;n Covid-19. T&ocirc;i cảm thấy nCoV ở khắp mọi nơi trong kh&ocirc;ng kh&iacute;\".</p>\r\n<p class=\"Normal\">Khoảng 130.000 ca nhiễm mới được b&aacute;o c&aacute;o ở Mỹ mỗi ng&agrave;y, gần gấp đ&ocirc;i mức cao nhất m&ugrave;a h&egrave; năm ngo&aacute;i. D&ugrave; một số điểm n&oacute;ng ban đầu của m&ugrave;a h&egrave; như Missouri v&agrave; Nevada đ&atilde; c&oacute; những t&iacute;n hiệu t&iacute;ch cực, phần lớn đất nước tiếp tục ghi nhận số ca tăng mạnh.</p>\r\n<figure class=\"tplCaption action_thumb_added\" data-size=\"true\">\r\n<div class=\"fig-picture\"><picture data-inimage=\"done\"><source srcset=\"https://i1-vnexpress.vnecdn.net/2021/08/17/oregon-11-edited-7911-1629176957.jpg?w=680&amp;h=0&amp;q=100&amp;dpr=1&amp;fit=crop&amp;s=_Ehalw2pk_qSEVNIcqUCLw 1x, https://i1-vnexpress.vnecdn.net/2021/08/17/oregon-11-edited-7911-1629176957.jpg?w=1020&amp;h=0&amp;q=100&amp;dpr=1&amp;fit=crop&amp;s=bATdyTa0-vDhzDX7069y_Q 1.5x, https://i1-vnexpress.vnecdn.net/2021/08/17/oregon-11-edited-7911-1629176957.jpg?w=680&amp;h=0&amp;q=100&amp;dpr=2&amp;fit=crop&amp;s=5O7aRYQDkexP5T1_0QWpog 2x\" data-srcset=\"https://i1-vnexpress.vnecdn.net/2021/08/17/oregon-11-edited-7911-1629176957.jpg?w=680&amp;h=0&amp;q=100&amp;dpr=1&amp;fit=crop&amp;s=_Ehalw2pk_qSEVNIcqUCLw 1x, https://i1-vnexpress.vnecdn.net/2021/08/17/oregon-11-edited-7911-1629176957.jpg?w=1020&amp;h=0&amp;q=100&amp;dpr=1&amp;fit=crop&amp;s=bATdyTa0-vDhzDX7069y_Q 1.5x, https://i1-vnexpress.vnecdn.net/2021/08/17/oregon-11-edited-7911-1629176957.jpg?w=680&amp;h=0&amp;q=100&amp;dpr=2&amp;fit=crop&amp;s=5O7aRYQDkexP5T1_0QWpog 2x\" /><img class=\"lazy lazied\" src=\"https://i1-vnexpress.vnecdn.net/2021/08/17/oregon-11-edited-7911-1629176957.jpg?w=680&amp;h=0&amp;q=100&amp;dpr=1&amp;fit=crop&amp;s=_Ehalw2pk_qSEVNIcqUCLw\" alt=\"Người d&acirc;n đeo khẩu trang xuống phố ở Lake Oswego, bang Oregon h&ocirc;m 11/8. Ảnh: AP.\" width=\"100%\" height=\"auto\" loading=\"lazy\" data-src=\"https://i1-vnexpress.vnecdn.net/2021/08/17/oregon-11-edited-7911-1629176957.jpg?w=680&amp;h=0&amp;q=100&amp;dpr=1&amp;fit=crop&amp;s=_Ehalw2pk_qSEVNIcqUCLw\" data-ll-status=\"loaded\" /></picture>\r\n<div class=\"embed-container\">&nbsp;</div>\r\n</div>\r\n<figcaption>\r\n<p class=\"Image\">Người d&acirc;n đeo khẩu trang xuống phố ở Lake Oswego, bang Oregon h&ocirc;m 11/8. Ảnh<em>: AP.</em></p>\r\n</figcaption>\r\n</figure>\r\n<p class=\"Normal\">Trong đợt b&ugrave;ng ph&aacute;t mới nhất, Mỹ đ&atilde; được trang bị những loại vaccine hiệu quả cao để ngăn ngừa nguy cơ bệnh nặng v&agrave; tử vong. Vaccine được cung cấp miễn ph&iacute; cho tất cả người từ 12 tuổi, nhưng mới chỉ một nửa d&acirc;n Mỹ đ&atilde; ti&ecirc;m chủng đầy đủ, với tốc độ khoảng 700.000 liều mỗi ng&agrave;y, tăng nhẹ sau khi Delta xuất hiện.</p>\r\n<p class=\"Normal\">C&aacute;c bang miền nam c&oacute; tỷ lệ ti&ecirc;m chủng thấp l&agrave; nơi chịu ảnh hưởng nặng nề nhất của đợt b&ugrave;ng ph&aacute;t mới. Tuy nhi&ecirc;n, ngay cả những bang c&oacute; tỷ lệ ti&ecirc;m chủng cao hơn, số ca nhiễm cũng đang gia tăng. Oregon v&agrave; Hawaii, hai bang c&oacute; tỷ lệ ti&ecirc;m chủng tương đối cao, đ&atilde; ghi nhận số ca nhiễm h&agrave;ng tuần cao kỷ lục, trong khi số ca nhiễm mới h&agrave;ng ng&agrave;y cũng tăng gấp đ&ocirc;i ở c&aacute;c khu vực được ti&ecirc;m chủng nhiều tại New England.</p>\r\n<p class=\"Normal\">Nhưng phần lớn đất nước vẫn mở cửa. Ngoại trừ Hawaii, nơi Thống đốc gần đ&acirc;y &aacute;p c&aacute;c biện ph&aacute;p hạn chế tụ tập v&agrave; d&ugrave;ng bữa tại nh&agrave; h&agrave;ng, hầu hết giới chức c&aacute;c bang kh&aacute;c tr&aacute;nh động th&aacute;i tương tự v&agrave; kh&ocirc;ng đ&oacute;ng cửa doanh nghiệp, thay v&agrave;o đ&oacute; chọn triển khai quy định đeo khẩu trang hoặc th&uacute;c đẩy ti&ecirc;m chủng.</p>\r\n<p class=\"Normal\">Louisiana v&agrave; Oregon đ&atilde; kh&ocirc;i phục quy định đeo khẩu trang. San Francisco y&ecirc;u cầu chứng nhận ti&ecirc;m chủng tại c&aacute;c nh&agrave; h&agrave;ng, qu&aacute;n bar v&agrave; ph&ograve;ng gym. Một số học khu v&agrave; th&agrave;nh phố cũng y&ecirc;u cầu đeo khẩu trang, trong khi nhiều nh&agrave; tuyển dụng v&agrave; trường học th&ocirc;ng b&aacute;o kế hoạch y&ecirc;u cầu ti&ecirc;m chủng.</p>\r\n<p class=\"Normal\">Tại Jackson, bang Mississippi, Thị trưởng Chokwe Antar Lumumba vẫn giữ quy định khẩu trang sau th&ocirc;ng b&aacute;o nới lỏng của CDC hồi th&aacute;ng 5. Những ng&agrave;y gần đ&acirc;y, khi số ca nhiễm v&agrave; nhập viện tăng mạnh, &ocirc;ng Lumumba th&ocirc;ng b&aacute;o nh&acirc;n vi&ecirc;n th&agrave;nh phố phải sớm tr&igrave;nh chứng nhận ti&ecirc;m chủng hoặc x&eacute;t nghiệm thường xuy&ecirc;n. Thị trưởng Jackson n&oacute;i c&aacute;c biện ph&aacute;p hạn chế kh&aacute;c, như về kinh doanh, đang được xem x&eacute;t.</p>\r\n<p class=\"Normal\">Nhưng một số quan chức kh&aacute;c kh&ocirc;ng ủng hộ hạn chế mới hoặc lo rằng biện ph&aacute;p kiểm so&aacute;t c&oacute; thể phản t&aacute;c dụng v&agrave; g&acirc;y chia rẽ giữa đại dịch. CDC đ&atilde; khuyến c&aacute;o đeo khẩu trang trở lại nhưng kh&ocirc;ng khuyến nghị đ&oacute;ng cửa doanh nghiệp.</p>\r\n<p class=\"Normal\">Một khảo s&aacute;t của Gallup thực hiện cuối th&aacute;ng 7, khi số ca nhiễm bắt đầu tăng, chỉ ra 59% người trả lời cho rằng đ&acirc;y l&agrave; khuyến nghị tốt để những người khỏe mạnh trở lại cuộc sống b&igrave;nh thường, trong khi 41% nghĩ tốt hơn l&agrave; ở nh&agrave; nhiều nhất c&oacute; thể.</p>\r\n<p class=\"Normal\">\"T&ocirc;i kh&ocirc;ng tin quy định y tế cộng đồng trong tương lai c&oacute; thể hiệu quả hơn những g&igrave; đ&atilde; thấy ở qu&aacute; khứ. Ch&uacute;ng đều kh&ocirc;ng đủ hiệu quả\", Dan Partridge, gi&aacute;m đốc Sở Y tế hạt Lawrence-Douglas ở Kansas, n&oacute;i. &Ocirc;ng khuyến nghị đeo khẩu trang v&agrave; ti&ecirc;m chủng, nhưng kh&ocirc;ng muốn &aacute;p quy định bắt buộc hoặc hủy sự kiện.</p>\r\n<p class=\"Normal\">Thống đốc Kentucky Andy Beshear, th&agrave;nh vi&ecirc;n đảng D&acirc;n chủ, n&oacute;i &ocirc;ng lo ngại đợt b&ugrave;ng ph&aacute;t mới sẽ trở th&agrave;nh giai đoạn chết ch&oacute;c nhất trong đại dịch, nhưng kh&ocirc;ng c&oacute; &yacute; định &aacute;p phong tỏa lần nữa. Khoảng 47% d&acirc;n số bang đ&atilde; ti&ecirc;m chủng đầy đủ.</p>\r\n<p class=\"Normal\">\"Ch&uacute;ng t&ocirc;i đ&atilde; c&oacute; vaccine, đồng nghĩa kh&ocirc;ng cần phải đ&oacute;ng cửa lần nữa\", Beshear n&oacute;i. \"Ch&uacute;ng t&ocirc;i c&oacute; thể chống lại đợt b&ugrave;ng ph&aacute;t n&agrave;y, với những người đ&atilde; ti&ecirc;m chủng v&agrave; đeo khẩu trang khi cần\".</p>\r\n<p class=\"Normal\">Nhiều người Mỹ sống ở c&aacute;c th&agrave;nh phố từng đ&aacute;nh bại Covid-19 cho biết họ giờ nhận ra rằng n&oacute; chưa từng biến mất. Tại New Bedford, th&agrave;nh phố ở bang Massachusetts với khoảng 100.000 người, số ca nhiễm đ&atilde; giảm xuống mức chưa tới 5 ca mỗi ng&agrave;y hồi th&aacute;ng 6. Hiện tại, ca nhiễm mới l&agrave; 40 ca mỗi ng&agrave;y, nhưng th&agrave;nh phố kh&ocirc;ng c&oacute; động th&aacute;i sẽ đ&oacute;ng cửa hoặc hạn chế kinh doanh.</p>\r\n<p class=\"Normal\">Stephen Silva, t&agrave;i xế 65 tuổi, n&oacute;i kể từ khi dịch b&ugrave;ng ph&aacute;t, &ocirc;ng đ&atilde; \"thận trọng nhất c&oacute; thể\", bằng c&aacute;ch đeo khẩu trang, ti&ecirc;m chủng v&agrave; tr&aacute;nh nơi đ&ocirc;ng người. Điều &ocirc;ng từng mơ l&agrave; trở lại cuộc sống b&igrave;nh thường. Nhưng giờ hy vọng đ&oacute; dần biến mất.</p>\r\n<p class=\"Normal\">\"T&ocirc;i kh&ocirc;ng biết khi n&agrave;o cuộc sống c&oacute; thể trở lại như ch&uacute;ng ta từng biết\", Silva n&oacute;i.</p>\r\n</article>\r\n<p>&gt;</p>', 1, 0, '', 1);
INSERT INTO `posts` VALUES (26, 3, 1, 9, 'Taliban giàu đến mức nào?', '2021-08-18 11:22:20', NULL, 'Ngân sách của Taliban năm 2020 lên tới 1,6 tỷ USD, chủ yếu từ hoạt động khai khoáng, buôn bán ma túy, đánh thuế và tài trợ từ nước ngoài. ', '<p>Ng&acirc;n s&aacute;ch của Taliban năm 2020 l&ecirc;n tới 1,6 tỷ USD, chủ yếu từ hoạt động khai kho&aacute;ng, bu&ocirc;n b&aacute;n ma t&uacute;y, đ&aacute;nh thuế v&agrave; t&agrave;i trợ từ nước ngo&agrave;i.</p>\r\n<article class=\"fck_detail \">\r\n<p class=\"Normal\">Lực lượng Taliban của năm 2021 kh&aacute;c xa những những h&igrave;nh ảnh về họ v&agrave;o cuối thập ni&ecirc;n 1990. C&aacute;c tay s&uacute;ng mang vũ kh&iacute; mới toanh, đi xe thiết gi&aacute;p Humvee do Mỹ sản xuất, quần &aacute;o tinh tươm, kh&aacute;c biệt ho&agrave;n to&agrave;n với những chiến binh khắc khổ c&aacute;ch đ&acirc;y hơn 20 năm.</p>\r\n<p class=\"Normal\">Những đơn vị Taliban vừa tiến v&agrave;o Kabul ng&agrave;y 15/8 thể hiện t&iacute;nh kỷ luật cao, được đầu tư v&agrave; huấn luyện b&agrave;i bản, chuẩn bị kỹ lưỡng cho việc tiếp quản ch&iacute;nh quyền, xa rời h&igrave;nh ảnh một lực lượng vũ trang thiếu đầu tư v&agrave; tổ chức như trước đ&acirc;y.</p>\r\n<p class=\"Normal\">Giới quan s&aacute;t cho rằng con đường đến Kabul của Taliban được trải bằng tiền. Với tiềm lực t&agrave;i ch&iacute;nh h&ugrave;ng mạnh, Taliban kh&ocirc;ng chỉ x&acirc;y dựng được sức mạnh qu&acirc;n sự m&agrave; c&ograve;n đủ sức mua chuộc h&agrave;ng loạt quan chức v&agrave; tướng lĩnh Afghanistan đầu h&agrave;ng.</p>\r\n<p class=\"Normal\">Năm 2016, Forbes đưa Taliban v&agrave;o danh s&aacute;ch 5 tổ chức vũ trang Hồi gi&aacute;o gi&agrave;u nhất thế giới với thu nhập thường ni&ecirc;n khoảng 400 triệu USD. Xếp đầu bản danh s&aacute;ch v&agrave;o thời điểm đ&oacute; l&agrave; phiến qu&acirc;n Nh&agrave; nước Hồi gi&aacute;o (IS) tự xưng, với nguồn thu khoảng 2 tỷ USD mỗi năm.</p>\r\n<figure class=\"tplCaption action_thumb_added\" data-size=\"true\">\r\n<div class=\"fig-picture\"><picture data-inimage=\"done\"><source srcset=\"https://i1-vnexpress.vnecdn.net/2021/08/17/thu-nhap-taliban-1629206595-9244-1629206802.jpg?w=680&amp;h=0&amp;q=100&amp;dpr=1&amp;fit=crop&amp;s=ccTIlRJSJ9airkJHyAR07g 1x, https://i1-vnexpress.vnecdn.net/2021/08/17/thu-nhap-taliban-1629206595-9244-1629206802.jpg?w=1020&amp;h=0&amp;q=100&amp;dpr=1&amp;fit=crop&amp;s=RQg5eUZ26Bvo-Tc60UmzVA 1.5x, https://i1-vnexpress.vnecdn.net/2021/08/17/thu-nhap-taliban-1629206595-9244-1629206802.jpg?w=680&amp;h=0&amp;q=100&amp;dpr=2&amp;fit=crop&amp;s=xQMDc4vBEcsZb2qolLVj7w 2x\" data-srcset=\"https://i1-vnexpress.vnecdn.net/2021/08/17/thu-nhap-taliban-1629206595-9244-1629206802.jpg?w=680&amp;h=0&amp;q=100&amp;dpr=1&amp;fit=crop&amp;s=ccTIlRJSJ9airkJHyAR07g 1x, https://i1-vnexpress.vnecdn.net/2021/08/17/thu-nhap-taliban-1629206595-9244-1629206802.jpg?w=1020&amp;h=0&amp;q=100&amp;dpr=1&amp;fit=crop&amp;s=RQg5eUZ26Bvo-Tc60UmzVA 1.5x, https://i1-vnexpress.vnecdn.net/2021/08/17/thu-nhap-taliban-1629206595-9244-1629206802.jpg?w=680&amp;h=0&amp;q=100&amp;dpr=2&amp;fit=crop&amp;s=xQMDc4vBEcsZb2qolLVj7w 2x\" /><img class=\"lazy lazied\" src=\"https://i1-vnexpress.vnecdn.net/2021/08/17/thu-nhap-taliban-1629206595-9244-1629206802.jpg?w=680&amp;h=0&amp;q=100&amp;dpr=1&amp;fit=crop&amp;s=ccTIlRJSJ9airkJHyAR07g\" alt=\"Th&agrave;nh vi&ecirc;n Taliban canh g&aacute;c b&ecirc;n ngo&agrave;i th&agrave;nh phố Herat, Afghanistan v&agrave;o ng&agrave;y 13/8. Ảnh: AFP.\" width=\"100%\" height=\"auto\" loading=\"lazy\" data-src=\"https://i1-vnexpress.vnecdn.net/2021/08/17/thu-nhap-taliban-1629206595-9244-1629206802.jpg?w=680&amp;h=0&amp;q=100&amp;dpr=1&amp;fit=crop&amp;s=ccTIlRJSJ9airkJHyAR07g\" data-ll-status=\"loaded\" /></picture>\r\n<div class=\"embed-container\">&nbsp;</div>\r\n</div>\r\n<figcaption>\r\n<p class=\"Image\">Th&agrave;nh vi&ecirc;n Taliban canh g&aacute;c b&ecirc;n ngo&agrave;i th&agrave;nh phố Herat, Afghanistan v&agrave;o ng&agrave;y 13/8. Ảnh:&nbsp;<em>AFP</em>.</p>\r\n</figcaption>\r\n</figure>\r\n<p class=\"Normal\">Tuy nhi&ecirc;n, 4 năm sau, ng&acirc;n s&aacute;ch của Taliban năm 2019-2020 đ&atilde; tăng gấp 4 lần, l&ecirc;n mức 1,6 tỷ USD, theo một b&aacute;o c&aacute;o mật của NATO được đ&agrave;i RFE/RL tiết lộ. Nguồn thu chủ yếu của nh&oacute;m l&agrave; khai kho&aacute;ng (464 triệu USD), bu&ocirc;n b&aacute;n ma t&uacute;y (416 triệu USD), xuất khẩu (240 triệu USD) v&agrave; đ&aacute;nh thuế (160 triệu USD). Phần c&ograve;n lại l&agrave; từ bất động sản v&agrave; tiền t&agrave;i trợ từ những người ủng hộ ở nước ngo&agrave;i.</p>\r\n<p class=\"Normal\">B&aacute;o c&aacute;o NATO nhấn mạnh giới l&atilde;nh đạo Taliban đ&atilde; chủ trương tự lực x&acirc;y dựng nguồn thu mạnh để trở th&agrave;nh một lực lượng qu&acirc;n sự, ch&iacute;nh trị lớn, giảm sự phụ thuộc v&agrave;o nước ngo&agrave;i. Kiến tr&uacute;c sư trưởng bộ m&aacute;y kiếm tiền của Taliban ch&iacute;nh l&agrave;&nbsp;Mullah Mohammad Yaqoob, l&atilde;nh đạo qu&acirc;n sự ki&ecirc;m hoạt động t&agrave;i ch&iacute;nh của nh&oacute;m.</p>\r\n<p class=\"Normal\">NATO m&ocirc; tả mục ti&ecirc;u của&nbsp;Mullah Mohammad Yaqoob l&agrave; tận dụng tiềm năng kiếm tiền từ những v&ugrave;ng do &ocirc;ng ta kiểm so&aacute;t bằng sức mạnh qu&acirc;n sự, cho ph&eacute;p Taliban tiến h&agrave;nh c&aacute;c hoạt động m&agrave; kh&ocirc;ng cần hỗ trợ t&agrave;i ch&iacute;nh, ch&iacute;nh trị hay qu&acirc;n sự từ b&ecirc;n ngo&agrave;i.</p>\r\n<p class=\"Normal\">Ch&igrave;a kh&oacute;a th&agrave;nh c&ocirc;ng của Yaqoob l&agrave; điều chỉnh phương thức đ&aacute;nh thuế, đồng thời x&acirc;y dựng thị trường xuất khẩu bằng c&aacute;c mối quan hệ ri&ecirc;ng cho một loạt mặt h&agrave;ng từ đ&aacute; qu&yacute;, muối đến than đ&aacute;.</p>\r\n<p class=\"Normal\">Chiến lược n&agrave;y gi&uacute;p Taliban giảm mạnh sự phụ thuộc v&agrave;o c&aacute;c nguồn t&agrave;i trợ b&ecirc;n ngo&agrave;i. V&agrave;o giai đoạn 2017-2018, Taliban nhận 500 triệu USD tiền t&agrave;i trợ từ b&ecirc;n ngo&agrave;i, chiếm hơn 50% thu nhập của nh&oacute;m. Nhưng một năm sau, số tiền từ b&ecirc;n ngo&agrave;i giảm xuống chỉ c&ograve;n 240 triệu USD, chiếm khoảng 15% thu nhập trong giai đoạn 2019-2020.</p>\r\n<p class=\"Normal\">Trong c&ugrave;ng giai đoạn, ng&acirc;n s&aacute;ch của ch&iacute;nh phủ Afghanistan đạt 5,5 tỷ USD, trong đ&oacute; mức chi cho quốc ph&ograve;ng chỉ chiếm khoảng 2%. Phần lớn chương tr&igrave;nh đầu tư chống Taliban của ch&iacute;nh phủ Afghanistan đều được Mỹ t&agrave;i trợ. Đặt trong so s&aacute;nh tương quan, số tiền của Taliban trong c&ugrave;ng thời điểm cao gấp 30 lần ng&acirc;n s&aacute;ch quốc ph&ograve;ng Afghanistan.</p>\r\n</article>\r\n<p>&gt;</p>', 1, 0, '', 2);
INSERT INTO `posts` VALUES (27, 4, 1, 9, 'Cửa ngõ giao thương lớn nhất của Mỹ với châu Á bị tắc', '2021-08-18 11:21:13', NULL, 'Đến cuối ngày 15/8, có 37 tàu container đang phải chờ cập hai cảng Los Angeles và Long Beach, California, gấp đôi một tháng trước và cao nhất nửa năm. ', '<p>Đến cuối ng&agrave;y 15/8, c&oacute; 37 t&agrave;u container đang phải chờ cập hai cảng Los Angeles v&agrave; Long Beach, California, gấp đ&ocirc;i một th&aacute;ng trước v&agrave; cao nhất nửa năm.</p>\r\n<article class=\"fck_detail \">\r\n<p class=\"Normal\">Cửa ng&otilde; thương mại lớn nhất của Mỹ với ch&acirc;u &Aacute; bị tắc nghẽn khi lượng t&agrave;u container đang chờ cập cảng nhiều nhất trong 6 th&aacute;ng qua. T&igrave;nh trạng n&agrave;y c&oacute; nguy cơ k&eacute;o d&agrave;i thời gian vận chuyển h&agrave;ng h&oacute;a, ảnh hưởng đến lợi nhuận của nh&agrave; nhập khẩu Mỹ v&agrave; tăng gi&aacute; b&aacute;n với người ti&ecirc;u d&ugrave;ng.</p>\r\n<p class=\"Normal\"><em>Bloomberg</em>&nbsp;dẫn lời quan chức theo d&otilde;i lưu th&ocirc;ng h&agrave;ng hải tại Vịnh San Pedro cho biết 37 t&agrave;u đang thả neo chờ ngo&agrave;i hai cảng Los Angeles v&agrave; Long Beach, bang California t&iacute;nh đến cuối ng&agrave;y 15/8. Đ&acirc;y l&agrave; số lượng t&agrave;u chờ nhiều nhất kể từ đầu th&aacute;ng 2. Con số n&agrave;y gần gấp đ&ocirc;i so với hồi giữa th&aacute;ng 7 v&agrave; gần bằng kỷ lục 40 t&agrave;u hồi đầu th&aacute;ng 2.</p>\r\n<figure class=\"tplCaption action_thumb_added\" data-size=\"true\">\r\n<div class=\"fig-picture\"><picture data-inimage=\"done\"><source srcset=\"https://i1-kinhdoanh.vnecdn.net/2021/08/17/container-1426-1629196132.png?w=680&amp;h=0&amp;q=100&amp;dpr=1&amp;fit=crop&amp;s=LEclpTuNUdzw2lTdhyThCQ 1x, https://i1-kinhdoanh.vnecdn.net/2021/08/17/container-1426-1629196132.png?w=1020&amp;h=0&amp;q=100&amp;dpr=1&amp;fit=crop&amp;s=B66qHAkAnmJ36LrvoTUdvw 1.5x, https://i1-kinhdoanh.vnecdn.net/2021/08/17/container-1426-1629196132.png?w=680&amp;h=0&amp;q=100&amp;dpr=2&amp;fit=crop&amp;s=9vVcNjgZ42Pyo1ZlxLifIg 2x\" data-srcset=\"https://i1-kinhdoanh.vnecdn.net/2021/08/17/container-1426-1629196132.png?w=680&amp;h=0&amp;q=100&amp;dpr=1&amp;fit=crop&amp;s=LEclpTuNUdzw2lTdhyThCQ 1x, https://i1-kinhdoanh.vnecdn.net/2021/08/17/container-1426-1629196132.png?w=1020&amp;h=0&amp;q=100&amp;dpr=1&amp;fit=crop&amp;s=B66qHAkAnmJ36LrvoTUdvw 1.5x, https://i1-kinhdoanh.vnecdn.net/2021/08/17/container-1426-1629196132.png?w=680&amp;h=0&amp;q=100&amp;dpr=2&amp;fit=crop&amp;s=9vVcNjgZ42Pyo1ZlxLifIg 2x\" /><img class=\"lazy lazied\" src=\"https://i1-kinhdoanh.vnecdn.net/2021/08/17/container-1426-1629196132.png?w=680&amp;h=0&amp;q=100&amp;dpr=1&amp;fit=crop&amp;s=LEclpTuNUdzw2lTdhyThCQ\" alt=\"Lượng t&agrave;u container chờ cập cặp cảng Los Angeles v&agrave; Long Beach cao nhất nửa năm. Ảnh: Bloomberg\" width=\"100%\" height=\"auto\" loading=\"lazy\" data-src=\"https://i1-kinhdoanh.vnecdn.net/2021/08/17/container-1426-1629196132.png?w=680&amp;h=0&amp;q=100&amp;dpr=1&amp;fit=crop&amp;s=LEclpTuNUdzw2lTdhyThCQ\" data-ll-status=\"loaded\" /></picture>\r\n<div class=\"embed-container\">\r\n<div id=\"sis_inimage\" data-google-query-id=\"CJjuoIG9ufICFUMM1Qodf6YHdg\">\r\n<div id=\"google_ads_iframe_/27973503/Vnexpress/Desktop/Inimage/Kinhdoanh/Kinhdoanh.quocte.detail_0__container__\"><iframe id=\"google_ads_iframe_/27973503/Vnexpress/Desktop/Inimage/Kinhdoanh/Kinhdoanh.quocte.detail_0\" title=\"3rd party ad content\" name=\"google_ads_iframe_/27973503/Vnexpress/Desktop/Inimage/Kinhdoanh/Kinhdoanh.quocte.detail_0\" width=\"1\" height=\"1\" frameborder=\"0\" marginwidth=\"0\" marginheight=\"0\" scrolling=\"no\" data-google-container-id=\"5\" data-load-complete=\"true\" data-mce-fragment=\"1\"></iframe></div>\r\n</div>\r\n</div>\r\n</div>\r\n<figcaption>\r\n<p class=\"Image\">Lượng t&agrave;u container chờ cập cặp cảng Los Angeles v&agrave; Long Beach cao nhất nửa năm. Ảnh:<em>&nbsp;Bloomberg</em></p>\r\n</figcaption>\r\n</figure>\r\n<p class=\"Normal\">Theo số liệu của cảng Los Angeles, thời gian chờ đợi trung b&igrave;nh để t&agrave;u cập bến l&agrave; 6,2 ng&agrave;y, so với mức 5,7 ng&agrave;y v&agrave;o cuối th&aacute;ng 6. Con số n&agrave;y đạt đỉnh v&agrave;o khoảng 8 ng&agrave;y hồi th&aacute;ng 4.</p>\r\n<p class=\"Normal\">C&aacute;c tuyến thương mại xuy&ecirc;n Th&aacute;i B&igrave;nh Dương bị gi&aacute;n đoạn những ng&agrave;y gần đ&acirc;y do Ningbo-Zhoushan, cảng lớn thứ 3 thế giới ở Trung Quốc phải đ&oacute;ng cửa một phần v&igrave; Covid-19. Động th&aacute;i n&agrave;y c&agrave;ng l&agrave;m năng lực vận chuyển container to&agrave;n cầu vốn đ&atilde; căng thẳng, giờ tiếp tục đi xuống v&agrave; gi&aacute; cước l&ecirc;n cao kỷ lục.</p>\r\n<p class=\"Normal\">Cảng Ningbo-Zhoushan đ&atilde; kh&ocirc;ng c&ocirc;ng bố bất kỳ cập nhật n&agrave;o về hoạt động kể từ ng&agrave;y 11/8 khi tạm dừng tất cả dịch vụ container đến v&agrave; đi tại nh&agrave; ga Meishan sau khi một nh&acirc;n vi&ecirc;n c&oacute; kết quả dương t&iacute;nh với Covid-19.</p>\r\n<p class=\"Normal\">H&atilde;ng tư vấn GardaWorld ước t&iacute;nh nh&agrave; ga n&agrave;y chiếm khoảng 25% lượng h&agrave;ng container th&ocirc;ng qua cảng, d&ugrave; Ningbo-Zhoushan cho biết họ sẽ chuyển hướng t&agrave;u đến c&aacute;c nh&agrave; ga kh&aacute;c v&agrave; điều chỉnh giờ hoạt động tại c&aacute;c bến cảng kh&aacute;c.</p>\r\n</article>\r\n<p>&gt;</p>', 1, 1, '', 3);
INSERT INTO `posts` VALUES (28, 4, 2, 9, 'Doanh nghiệp bội thu khi người Việt ăn mỳ nhiều thứ ba thế giới', '2021-08-18 09:14:00', NULL, 'Việt Nam thành thị trường tiêu thụ mỳ ăn liền lớn thứ ba thế giới còn các doanh nghiệp sản xuất liên tục có kết quả kinh doanh tích cực. ', '<p class=\"description\">Việt Nam th&agrave;nh thị trường ti&ecirc;u thụ mỳ ăn liền lớn thứ ba thế giới c&ograve;n c&aacute;c doanh nghiệp sản xuất li&ecirc;n tục c&oacute; kết quả kinh doanh t&iacute;ch cực.</p>\r\n<article class=\"fck_detail \">\r\n<p class=\"Normal\">Theo số liệu của Hiệp hội mỳ ăn liền Thế giới (WINA), Việt Nam trở th&agrave;nh thị trường ti&ecirc;u thụ mỳ g&oacute;i lớn thứ ba to&agrave;n cầu với hơn 7 tỷ g&oacute;i mỳ ăn liền trong năm 2020. Số lượng tr&ecirc;n chỉ xếp sau Trung Quốc/Hong Kong v&agrave; Indonesia. Tốc độ tăng ti&ecirc;u thụ mỳ g&oacute;i của Việt Nam l&agrave; gần 30% trong năm ngo&aacute;i. T&iacute;nh chung giai đoạn 2016-2020, chỉ số n&agrave;y tăng trưởng trung b&igrave;nh 8,6% mỗi năm.</p>\r\n<p class=\"Normal\">T&iacute;nh theo b&igrave;nh qu&acirc;n đầu người, Việt Nam đứng nh&igrave; thế giới khi mỗi người ti&ecirc;u thụ hơn 72 g&oacute;i mỳ một năm, chỉ xếp sau H&agrave;n Quốc. Mức trung b&igrave;nh tr&ecirc;n cao gấp rưỡi Th&aacute;i Lan, Nhật Bản, Indonesia, Philippines v&agrave; gấp đ&ocirc;i Trung Quốc, gấp ba so với Mỹ.</p>\r\n<p class=\"Normal\">Việt Nam hiện c&oacute; khoảng 50 c&ocirc;ng ty sản xuất mỳ ăn liền, bao gồm c&aacute;c doanh nghiệp trong v&agrave; ngo&agrave;i nước. Hiện nay, phở ăn liền v&agrave; mỳ ăn liền sản xuất tại Việt Nam c&oacute; mặt tại hơn 40 thị trường.</p>\r\n<div>\r\n<div id=\"chart-3324\" class=\"width_common mb20\" data-component=\"true\" data-component-value=\"3324\" data-highcharts-chart=\"0\">\r\n<div id=\"highcharts-phs2849-0\" class=\"highcharts-container \" dir=\"ltr\">triệu g&oacute;iTi&ecirc;u thụ m&igrave; ăn liền tại 5 thị trường lớn nhất thế giớinguồn: WINA20162017201820192020Trung Quốc/Hong KongIndonesiaViệt NamẤn ĐộNhật Bản010k20k30k40k50k</div>\r\n</div>\r\n</div>\r\n<p class=\"Normal\">L&agrave; \"&ocirc;ng lớn\" nội địa, C&ocirc;ng ty cổ phần H&agrave;ng ti&ecirc;u d&ugrave;ng Masan (Masan Consumer - MCH) đang sở hữu c&aacute;c d&ograve;ng mỳ ăn liền như Omachi, Kokomi, Komi... B&aacute;o c&aacute;o thường ni&ecirc;n năm 2020 cho thấy, doanh thu thuần của ng&agrave;nh h&agrave;ng thực phẩm tiện lợi, trong đ&oacute; c&oacute; mỳ g&oacute;i, đạt gần 6.900 tỷ đồng, tăng trưởng 38,5% so với năm 2019. Trong đ&oacute;, doanh số mỳ Omachi tăng 32% so với năm 2019, chiếm lĩnh ph&acirc;n kh&uacute;c cao cấp với 45% thị phần. D&ograve;ng mỳ ăn liền n&agrave;y cũng trở th&agrave;nh nh&atilde;n hiệu b&aacute;n chạy nhất tại k&ecirc;nh si&ecirc;u thị v&agrave; mỳ t&ocirc; b&aacute;n chạy nhất cả nước. Ở ph&acirc;n kh&uacute;c trung cấp, mỳ Kokomi cũng c&oacute; mức tăng trưởng 43% so với c&ugrave;ng kỳ năm 2019 v&agrave; hiện l&agrave; nh&atilde;n hiệu mỳ b&aacute;n chạy nhất miền Bắc.</p>\r\n<p class=\"Normal\">Sang nửa đầu năm 2021, Masan Consumer ghi nhận doanh thu hợp nhất hơn 11.000 tỷ đồng, tăng 10% so với c&ugrave;ng kỳ năm trước. Lợi nhuận sau thuế gần hơn 2.000 tỷ đồng, tăng gần 8%. Trong đ&oacute;, c&aacute;c sản phẩm ti&ecirc;u d&ugrave;ng c&oacute; thương hiệu c&oacute; kết quả kinh doanh tăng trưởng đ&aacute;ng kể, đặc biệt c&aacute;c d&ograve;ng sản phẩm mỳ g&oacute;i hay snack kh&aacute;c được ti&ecirc;u thụ mạnh giữa đại dịch.</p>\r\n<p class=\"Normal\">Nh&oacute;m h&agrave;ng thực phẩm tiện lợi c&oacute; doanh thu tăng hơn 12% trong qu&yacute; II so với c&ugrave;ng kỳ năm trước, k&eacute;o đ&agrave; tăng trưởng cho doanh thu nửa đầu năm. Kết quả kinh doanh t&iacute;ch cực chủ yếu được th&uacute;c đẩy bởi nhu cầu cao hơn từ người ti&ecirc;u d&ugrave;ng gia tăng dữ trự thực phẩm trước bối cảnh dịch bệnh trong th&aacute;ng 6, k&eacute;o d&agrave;i sang th&aacute;ng 7. Dự kiến nh&oacute;m mỳ, ch&aacute;o v&agrave; bữa ăn liền của Masan sẽ tăng trưởng ở mức hai chữ số cho cả năm. Trong đ&oacute;, ph&acirc;n kh&uacute;c cao cấp đ&oacute;ng g&oacute;p gần một nửa doanh thu to&agrave;n ng&agrave;nh h&agrave;ng.</p>\r\n<p class=\"Normal\">Thị trường mỳ ăn liền Việt Nam c&ograve;n c&oacute; Acecook, \"&ocirc;ng lớn\" đến từ Nhật Bản. Acecook tuy&ecirc;n bố tr&ecirc;n website rằng đang chiếm khoảng một nửa thị phần Việt Nam sau gần 30 năm gia nhập. Trong năm 2020, doanh thu của họ đạt hơn 11.500 tỷ đồng, gấp rưỡi doanh thu nh&oacute;m ng&agrave;nh thực phẩm tiện lợi của Masan. B&aacute;o c&aacute;o hồi th&aacute;ng 6 của Facts &amp; Factors cũng chỉ ra, Acecook Việt Nam l&agrave; một trong 11 nh&agrave; sản xuất mỳ g&oacute;i lớn nhất khu vực ch&acirc;u &Aacute;.</p>\r\n<p class=\"Normal\">Chia sẻ tr&ecirc;n&nbsp;<em>Asian Nikkei Review</em>, đại diện nh&agrave; sản xuất mỳ ăn liền đến từ Nhật Bản đặt mục ti&ecirc;u tăng doanh số b&aacute;n mỳ ly tại Việt Nam l&ecirc;n khoảng 350 triệu sản phầm v&agrave;o năm tới. Mức n&agrave;y tăng gấp đ&ocirc;i so với năm 2017. Kế hoạch của Acecook đề ra l&agrave; c&oacute; cơ sở khi ti&ecirc;u thụ mỳ ăn liền n&oacute;i chung của Việt Nam trong năm 2020 đ&atilde; tăng gấp 1,4 lần so với 2017.</p>\r\n<p class=\"Normal\">Ngo&agrave;i ra, thị trường mỳ ăn liền Việt Nam cũng đang c&oacute; nhiều doanh nghiệp chia nhau từng ng&aacute;ch lớn nhỏ. C&aacute;c doanh nghiệp d&ugrave; chiếm thị phần thấp cũng mang về doanh thu h&agrave;ng ngh&igrave;n tỷ đồng. Ban l&atilde;nh đạo C&ocirc;ng ty cổ phần Kỹ nghệ Thực phẩm Việt Nam (Vifon) từng chia sẻ với truyền th&ocirc;ng, c&ocirc;ng ty n&agrave;y đang sở hữu hơn 100 m&atilde; h&agrave;ng. Doanh thu trung b&igrave;nh hằng th&aacute;ng của Vifon đạt 200-220 tỷ đồng.</p>\r\n<p class=\"Normal\">Cũng c&oacute; phần \"l&eacute;p vế\" trong suốt thời gian d&agrave;i nhưng C&ocirc;ng ty cổ phần Thực phẩm Colusa - Miliket vẫn c&oacute; thể b&aacute;n được hơn 50 tấn \"mỳ hai con t&ocirc;m\" mỗi ng&agrave;y. Trong năm 2020, tổng sản lượng b&aacute;n ra của Colusa - Miliket đạt hơn 18.500 tấn, đem về doanh thu hơn 620 tỷ đồng v&agrave; l&atilde;i trước thuế hơn 28 tỷ đồng. Nếu kh&ocirc;ng chịu khoản chi thu thuế đất gần 4 tỷ đồng th&igrave; c&ocirc;ng ty n&agrave;y c&oacute; thể ghi nhận lợi nhuận hơn 32 tỷ đồng, tăng 28%.</p>\r\n</article>', 1, 0, '', 1);
INSERT INTO `posts` VALUES (29, 5, 1, 9, 'Nghĩa địa máy bay lớn nhất thế giới', '2021-08-18 11:20:01', NULL, 'Nghĩa địa rộng 10,5 km2 trên sa mạc Arizona chứa hơn 4.000 chiếc máy bay từ các lực lượng quân đội và NASA.', '<p>Nghĩa địa rộng 10,5 km2 tr&ecirc;n sa mạc Arizona chứa hơn 4.000 chiếc m&aacute;y bay từ c&aacute;c lực lượng qu&acirc;n đội v&agrave; NASA.</p>\r\n<article class=\"fck_detail \">\r\n<figure class=\"tplCaption action_thumb_added\" data-size=\"true\">\r\n<div class=\"fig-picture\"><picture data-inimage=\"done\"><source srcset=\"https://i1-vnexpress.vnecdn.net/2021/08/17/VNE-Bone-3650-1629171393.jpg?w=680&amp;h=0&amp;q=100&amp;dpr=1&amp;fit=crop&amp;s=wOngSeIiN-sqGu7aPciDiQ 1x, https://i1-vnexpress.vnecdn.net/2021/08/17/VNE-Bone-3650-1629171393.jpg?w=1020&amp;h=0&amp;q=100&amp;dpr=1&amp;fit=crop&amp;s=OUcy-ci852y-MAbeCQnxOg 1.5x, https://i1-vnexpress.vnecdn.net/2021/08/17/VNE-Bone-3650-1629171393.jpg?w=680&amp;h=0&amp;q=100&amp;dpr=2&amp;fit=crop&amp;s=hqVNXTKfxTfeAQjA28pijg 2x\" data-srcset=\"https://i1-vnexpress.vnecdn.net/2021/08/17/VNE-Bone-3650-1629171393.jpg?w=680&amp;h=0&amp;q=100&amp;dpr=1&amp;fit=crop&amp;s=wOngSeIiN-sqGu7aPciDiQ 1x, https://i1-vnexpress.vnecdn.net/2021/08/17/VNE-Bone-3650-1629171393.jpg?w=1020&amp;h=0&amp;q=100&amp;dpr=1&amp;fit=crop&amp;s=OUcy-ci852y-MAbeCQnxOg 1.5x, https://i1-vnexpress.vnecdn.net/2021/08/17/VNE-Bone-3650-1629171393.jpg?w=680&amp;h=0&amp;q=100&amp;dpr=2&amp;fit=crop&amp;s=hqVNXTKfxTfeAQjA28pijg 2x\" /><img class=\"lazy lazied\" src=\"https://i1-vnexpress.vnecdn.net/2021/08/17/VNE-Bone-3650-1629171393.jpg?w=680&amp;h=0&amp;q=100&amp;dpr=1&amp;fit=crop&amp;s=wOngSeIiN-sqGu7aPciDiQ\" alt=\"H&agrave;ng d&agrave;i m&aacute;y bay đủ k&iacute;ch thước đậu ở cơ sở 309th AMARG. Ảnh: Purplexsu/iStock.\" width=\"100%\" height=\"auto\" loading=\"lazy\" data-src=\"https://i1-vnexpress.vnecdn.net/2021/08/17/VNE-Bone-3650-1629171393.jpg?w=680&amp;h=0&amp;q=100&amp;dpr=1&amp;fit=crop&amp;s=wOngSeIiN-sqGu7aPciDiQ\" data-ll-status=\"loaded\" /></picture>\r\n<div class=\"embed-container\">&nbsp;</div>\r\n</div>\r\n<figcaption>\r\n<p class=\"Image\">&nbsp;</p>\r\n</figcaption>\r\n</figure>\r\n<p class=\"Normal\">C&aacute;c h&atilde;ng h&agrave;ng kh&ocirc;ng c&oacute; thể đưa những chiếc m&aacute;y bay đ&atilde; ngừng sử dụng tới c&aacute;c bảo t&agrave;ng ngo&agrave;i trời như mẫu Concorde nổi tiếng hoặc Tupolev Tu-144, nhưng đa số m&aacute;y bay \"về hưu\" sẽ nằm ở nghĩa địa. V&iacute; dụ, h&agrave;ng ngh&igrave;n m&aacute;y bay đ&atilde; qua sử dụng được lưu giữ ở nghĩa địa khổng lồ tr&ecirc;n sa mạc ph&iacute;a t&acirc;y nam nước Mỹ. Dọc đường South Kolb Road ở Tucson, Arizona, từng h&agrave;ng d&agrave;i m&aacute;y bay với đủ k&iacute;ch cỡ từ m&aacute;y bay chở h&agrave;ng tới m&aacute;y bay n&eacute;m bom hạng nặng nằm im l&igrave;m bất động dưới &aacute;nh nắng thi&ecirc;u đốt.</p>\r\n<p class=\"Normal\">Đ&acirc;y l&agrave; cơ sở lưu trữ v&agrave; bảo quản m&aacute;y bay lớn nhất thế giới mang t&ecirc;n 309th AMARG (309th Aerospace Maintenance and Regeneration Group - Khu cải tạo v&agrave; bảo dưỡng m&aacute;y bay thứ 309), thường gọi l&agrave; Boneyard, nằm b&ecirc;n trong Căn cứ kh&ocirc;ng qu&acirc;n Davis-Monthan. Với diện t&iacute;ch khoảng 10,5 km2, đ&acirc;y l&agrave; ng&ocirc;i nh&agrave; của 4.000 chiếc m&aacute;y bay v&agrave; 13 phương tiện h&agrave;ng kh&ocirc;ng từ Kh&ocirc;ng qu&acirc;n, Lục qu&acirc;n, Tuần duy&ecirc;n, Hải qu&acirc;n, Thủy qu&acirc;n lục chiến v&agrave; Cơ quan H&agrave;ng kh&ocirc;ng Vũ trụ Mỹ (NASA).</p>\r\n<p class=\"Normal\">D&ugrave; chứa nhiều loại m&aacute;y bay, phần lớn phương tiện bảo quản ở Davis-Monthan thuộc qu&acirc;n đội. D&ugrave; một số chiếc dường như c&ograve;n mới tinh, những chiếc kh&aacute;c được phủ lớp vải bảo vệ để tr&aacute;nh c&aacute;t v&agrave; bụi sa mạc. Kh&ocirc;ng phải mọi m&aacute;y bay đều nguy&ecirc;n vẹn sau khi ngừng hoạt động. Trong c&aacute;c kho chứa, nhiều chiếc bị th&aacute;o dỡ th&agrave;nh v&agrave; xếp v&agrave;o hộp đựng linh kiện, sẵn s&agrave;ng đưa tới nhiều nơi kh&aacute;c nhau tr&ecirc;n to&agrave;n cầu để t&aacute;i sử dụng tr&ecirc;n những m&aacute;y bay kh&aacute;c.</p>\r\n<p class=\"Normal\">C&oacute; nhiều l&yacute; do cơ sở lưu trữ lớn cỡ n&agrave;y tọa lạc tại Tucson. Đầu ti&ecirc;n, điều kiện kh&iacute; hậu kh&ocirc; n&oacute;ng v&agrave; độ ẩm thấp của Arizona gi&uacute;p m&aacute;y bay l&acirc;u han gỉ v&agrave; xuống cấp hơn, nhờ đ&oacute; phương tiện &iacute;t bị ăn m&ograve;n v&agrave; dễ d&agrave;ng bảo quản trong t&igrave;nh trạng tốt hơn. Ngo&agrave;i ra, sa mạc cũng cung cấp kh&ocirc;ng gian rộng lớn với chi ph&iacute; vừa phải.</p>\r\n<p class=\"Normal\">Địa chất sa mạc với lớp đất kiềm cũng đủ chắc để ngăn m&aacute;y bay l&uacute;n xuống đất. Nhờ vậy, m&aacute;y bay c&oacute; thể đậu tr&ecirc;n sa mạc m&agrave; kh&ocirc;ng cần x&acirc;y dốc mới. Nếu m&aacute;y bay chuẩn bị bay trở lại, kỹ thuật vi&ecirc;n ở cơ sở sẽ bảo dưỡng phương tiện cẩn thận, đảm bảo mọi lối v&agrave;o m&aacute;y bay được bịt k&iacute;n để ngăn bụi đất v&agrave; động vật hoang d&atilde; lọt v&agrave;o b&ecirc;n trong. Họ cũng thường xuy&ecirc;n chạy động cơ v&agrave; c&aacute;c thiết bị kh&aacute;c để chắc chắn mọi bộ phận hoạt động trơn tru.</p>\r\n</article>\r\n<p>&gt;</p>', 1, 0, '', 2);
INSERT INTO `posts` VALUES (30, 5, 2, 9, 'Robot AI nhặt đầu lọc thuốc lá trên bãi biển', '2021-08-18 11:18:46', NULL, 'Công ty khởi nghiệp TechTics chế tạo robot có thể kết nối với mọi người để loại bỏ một trong những loại rác thải nhựa phổ biến nhất thế giới. ', '<p>C&ocirc;ng ty khởi nghiệp TechTics chế tạo robot c&oacute; thể kết nối với mọi người để loại bỏ một trong những loại r&aacute;c thải nhựa phổ biến nhất thế giới.</p>\r\n<article class=\"fck_detail \">\r\n<div>\r\n<figure class=\"item_slide_show clearfix\">\r\n<div id=\"video_parent_333051\" class=\"box_embed_video_parent embed_video_new\" data-vcate=\"1003834\" data-vscate=\"1003509\" data-vscaten=\"Khoa học\" data-vid=\"333051\" data-ratio=\"1\" data-articleoriginal=\"4337886\" data-ads=\"0\" data-license=\"0\" data-duration=\"44\" data-brandsafe=\"0\" data-type=\"0\" data-play=\"0\" data-frame=\"\" data-aot=\"\" data-videoclassify=\"None\" data-initdom=\"1\">\r\n<div class=\"box_img_video embed-container\" data-vid=\"333051\"><img src=\"https://iv1.vnecdn.net/vnexpress/images/web/2021/08/09/robot-ai-tu-dong-nhat-dau-loc-thuoc-la-tren-bai-bien-1628498875.jpg?w=750&amp;h=450&amp;q=100&amp;dpr=1&amp;fit=crop&amp;s=59rbzq3fb0MaK_ih1WdWbw\" alt=\"Robot AI tự động nhặt đầu lọc thuốc l&aacute; tr&ecirc;n b&atilde;i biển\" width=\"90%\" height=\"auto\" /></div>\r\n</div>\r\n<figcaption class=\"desc_cation\">\r\n<div class=\"inner_caption\">\r\n<p class=\"Image\">&nbsp;</p>\r\n</div>\r\n</figcaption>\r\n</figure>\r\n</div>\r\n<p class=\"Normal\">Mỗi năm, khoảng 4,5 ngh&igrave;n tỷ đầu lọc thuốc l&aacute; bị thải ra m&ocirc;i trường. Theo một nghi&ecirc;n cứu v&agrave;o năm 2019 của c&aacute;c nh&agrave; khoa học Brazil, ch&uacute;ng c&oacute; thể mất tới 14 năm để ph&acirc;n hủy, qua đ&oacute; trở th&agrave;nh một trong những loại r&aacute;c thải nhựa phổ biến nhất tr&ecirc;n thế giới. Tr&ecirc;n bờ biển, đầu lọc thuốc l&aacute; kh&ocirc;ng chỉ g&acirc;y mất cảnh quan m&agrave; c&ograve;n đầu độc c&aacute;c lo&agrave;i động vật hoang d&atilde; như r&ugrave;a, chim, cua, c&aacute; hay ốc.</p>\r\n<p class=\"Normal\">Trong một nỗ lực giải quyết vấn đề n&agrave;y, hai doanh nh&acirc;n Edwin Bos v&agrave; Martijn Lukaart - đồng s&aacute;ng lập c&ocirc;ng ty TechTics c&oacute; trụ sở ở Den Haag, H&agrave; Lan - đ&atilde; ph&aacute;t triển mẫu robot th&ocirc;ng minh mang t&ecirc;n BeachBot c&oacute; khả năng tự h&agrave;nh, ph&aacute;t hiện v&agrave; loại bỏ đầu lọc thuốc l&aacute; tr&ecirc;n c&aacute;c b&atilde;i biển.</p>\r\n<p class=\"Normal\">Robot l&agrave;m điều đ&oacute; bằng c&aacute;ch sử dụng một thuật to&aacute;n dựa tr&ecirc;n tr&iacute; tuệ nh&acirc;n tạo do ch&iacute;nh c&ocirc;ng ty TechTics tạo ra, kết hợp với ứng dụng Trove của Microsoft, cho ph&eacute;p thiết bị kết nối với những người chụp ảnh tr&ecirc;n khắp thế giới.</p>\r\n<p class=\"Normal\">Dựa v&agrave;o h&agrave;ng ngh&igrave;n bức ảnh nhận được (chụp đầu lọc thuốc l&aacute; với đủ trạng th&aacute;i kh&aacute;c nhau tr&ecirc;n b&atilde;i biển), robot c&oacute; thể học hỏi v&agrave; ghi nhớ ch&uacute;ng, qua đ&oacute; nhận diện vật thể ng&agrave;y c&agrave;ng ch&iacute;nh x&aacute;c hơn.</p>\r\n<p class=\"Normal\">\"Đ&acirc;y l&agrave; phần th&uacute; vị nhất của BeachBot. Ch&uacute;ng ta c&oacute; sự tương t&aacute;c giữa người v&agrave; robot, nơi c&ocirc;ng ch&uacute;ng c&oacute; thể gi&uacute;p cho robot trở n&ecirc;n th&ocirc;ng minh hơn\", Bos chia sẻ.</p>\r\n<p class=\"Normal\">Sau khi ph&aacute;t hiện đầu lọc thuốc l&aacute;, BeachBot sẽ sử dụng bộ gắp linh hoạt của n&oacute;, thứ được điều khiển bởi hệ thống động cơ Cacte hay hộp trục khuỷu, để loại bỏ đầu lọc khỏi c&aacute;t v&agrave; cho v&agrave;o th&ugrave;ng chứa.</p>\r\n<p class=\"Normal\">Trong bản demo đầu ti&ecirc;n, nguy&ecirc;n mẫu d&agrave;i 80 cm của BeachBot đ&atilde; nhặt được 20 mẩu thuốc l&aacute; trong 30 ph&uacute;t. Robot chạy bằng pin v&agrave; c&oacute; thể hoạt động li&ecirc;n tục trong một giờ. Khả năng tự h&agrave;nh v&agrave; tr&aacute;nh vật cản của thiết bị được hỗ trợ bởi hai camera tr&ecirc;n bo mạch.</p>\r\n<p class=\"Normal\">BeachBot chỉ l&agrave; một trong những giải ph&aacute;p m&agrave; TechTics hướng tới để l&agrave;m sạch b&atilde;i biển. Trong tương lai, c&ocirc;ng ty muốn ph&aacute;t triển th&ecirc;m c&aacute;c robot nhặt r&aacute;c thải kh&aacute;c c&oacute; khả năng chạy bằng năng lượng mặt trời v&agrave; hoạt động độc lập hơn.</p>\r\n</article>\r\n<p>&gt;</p>', 1, 0, '', 2);
INSERT INTO `posts` VALUES (31, 7, 1, 9, 'Đàm Vĩnh Hưng tặng 1,8 tỷ đồng cho trẻ khó khăn', '2021-08-18 11:16:50', NULL, 'Ca sĩ Đàm Vĩnh Hưng trao 1,8 tỷ đồng hỗ trợ học phí cho 100 trẻ em có cha hoặc mẹ là F0 hoặc mất do Covid-19, chiều 17/8. ', '<p>Ca sĩ Đ&agrave;m Vĩnh Hưng trao 1,8 tỷ đồng hỗ trợ học ph&iacute; cho 100 trẻ em c&oacute; cha hoặc mẹ l&agrave; F0 hoặc mất do Covid-19, chiều 17/8.</p>\r\n<article class=\"fck_detail \">\r\n<p class=\"Normal\">Tại lễ trao tặng tiền diễn ra ở trụ sở Th&agrave;nh đo&agrave;n TP HCM, ca sĩ cho biết: \"Thời gian tới, t&ocirc;i vận động th&ecirc;m những người bạn th&acirc;n của m&igrave;nh để hỗ trợ những khoản ngo&agrave;i học ph&iacute; cho một số học sinh c&oacute; ho&agrave;n cảnh đặc biệt. Sức đến đ&acirc;u t&ocirc;i l&agrave;m đến đ&oacute;, mong c&oacute; thể g&oacute;p phần chăm lo cho tương lai của c&aacute;c em\". Số tiền do nam ca sĩ v&agrave; một người bạn chung tay g&oacute;p, dự kiến trao hết trong bốn đợt.</p>\r\n<figure class=\"tplCaption action_thumb_added\" data-size=\"true\">\r\n<div class=\"fig-picture\"><picture data-inimage=\"done\"><source srcset=\"https://i1-giaitri.vnecdn.net/2021/08/17/dam-vinh-hung-jpeg-1957-1629210906.jpg?w=680&amp;h=0&amp;q=100&amp;dpr=1&amp;fit=crop&amp;s=rBsijDe1VUskuT-rYjH6zg 1x, https://i1-giaitri.vnecdn.net/2021/08/17/dam-vinh-hung-jpeg-1957-1629210906.jpg?w=1020&amp;h=0&amp;q=100&amp;dpr=1&amp;fit=crop&amp;s=YjND7f09NtmoziZ0z0mbIA 1.5x, https://i1-giaitri.vnecdn.net/2021/08/17/dam-vinh-hung-jpeg-1957-1629210906.jpg?w=680&amp;h=0&amp;q=100&amp;dpr=2&amp;fit=crop&amp;s=RC0l5nh28KZuJBxongUccA 2x\" data-srcset=\"https://i1-giaitri.vnecdn.net/2021/08/17/dam-vinh-hung-jpeg-1957-1629210906.jpg?w=680&amp;h=0&amp;q=100&amp;dpr=1&amp;fit=crop&amp;s=rBsijDe1VUskuT-rYjH6zg 1x, https://i1-giaitri.vnecdn.net/2021/08/17/dam-vinh-hung-jpeg-1957-1629210906.jpg?w=1020&amp;h=0&amp;q=100&amp;dpr=1&amp;fit=crop&amp;s=YjND7f09NtmoziZ0z0mbIA 1.5x, https://i1-giaitri.vnecdn.net/2021/08/17/dam-vinh-hung-jpeg-1957-1629210906.jpg?w=680&amp;h=0&amp;q=100&amp;dpr=2&amp;fit=crop&amp;s=RC0l5nh28KZuJBxongUccA 2x\" /><img class=\"lazy lazied\" src=\"https://i1-giaitri.vnecdn.net/2021/08/17/dam-vinh-hung-jpeg-1957-1629210906.jpg?w=680&amp;h=0&amp;q=100&amp;dpr=1&amp;fit=crop&amp;s=rBsijDe1VUskuT-rYjH6zg\" alt=\"Đ&agrave;m Vĩnh Hưng l&agrave; một trong những nghệ sĩ hoạt động thiện nguyện t&iacute;ch cực trong thời dịch. Anh tự bỏ tiền t&uacute;i tổ chức nhiều chương tr&igrave;nh hỗ trợ nhu yếu phẩm cho người d&acirc;n gặp kh&oacute; khăn, tham gia c&aacute;c đ&ecirc;m nhạc cộng đồng truyền cảm hứng. Ảnh: Th&agrave;nh phố 18h.\" width=\"100%\" height=\"auto\" loading=\"lazy\" data-src=\"https://i1-giaitri.vnecdn.net/2021/08/17/dam-vinh-hung-jpeg-1957-1629210906.jpg?w=680&amp;h=0&amp;q=100&amp;dpr=1&amp;fit=crop&amp;s=rBsijDe1VUskuT-rYjH6zg\" data-ll-status=\"loaded\" /></picture>\r\n<div class=\"embed-container\">\r\n<div id=\"sis_inimage\" data-google-query-id=\"CMqOuYO-ufICFTQh1QodEp4E1A\">\r\n<div id=\"google_ads_iframe_/27973503/Vnexpress/Desktop/Inimage/Giaitri/Giaitri.gioisao.detail_0__container__\"><iframe id=\"google_ads_iframe_/27973503/Vnexpress/Desktop/Inimage/Giaitri/Giaitri.gioisao.detail_0\" title=\"3rd party ad content\" name=\"google_ads_iframe_/27973503/Vnexpress/Desktop/Inimage/Giaitri/Giaitri.gioisao.detail_0\" width=\"1\" height=\"1\" frameborder=\"0\" marginwidth=\"0\" marginheight=\"0\" scrolling=\"no\" data-google-container-id=\"3\" data-load-complete=\"true\" data-mce-fragment=\"1\"></iframe></div>\r\n</div>\r\n</div>\r\n</div>\r\n<figcaption>\r\n<p class=\"Image\">Đ&agrave;m Vĩnh Hưng l&agrave; một trong những nghệ sĩ hoạt động thiện nguyện t&iacute;ch cực thời dịch. Anh tự bỏ tiền t&uacute;i tổ chức nhiều đợt hỗ trợ nhu yếu phẩm cho người TP HCM gặp kh&oacute; khăn, tham gia c&aacute;c đ&ecirc;m nhạc&nbsp;<a href=\"https://vnexpress.net/dam-vinh-hung-hat-o-benh-vien-da-chien-4338766.html\" target=\"_blank\" rel=\"dofollow noopener\">cộng đồng</a>&nbsp;truyền cảm hứng. Ảnh:&nbsp;<em>Th&agrave;nh phố 18h.</em></p>\r\n</figcaption>\r\n</figure>\r\n<p class=\"Normal\">Theo Th&agrave;nh đo&agrave;n, th&agrave;nh phố hiện c&oacute; nhiều trẻ em gặp kh&oacute; khăn bởi dịch bệnh v&igrave; c&oacute; bố mẹ thất nghiệp, l&agrave; F0 hoặc qua đời do Covid-19. Hội đồng Đội đ&atilde; k&ecirc;u gọi c&aacute;c nh&agrave; hảo t&acirc;m đăng k&yacute; tham gia hỗ trợ học tập cho c&aacute;c em đến khi ho&agrave;n th&agrave;nh lớp 12, mức ph&iacute; mỗi năm ba triệu đồng. Anh Trần Th&agrave;nh Trung - đơn vị sản xuất chương tr&igrave;nh&nbsp;<em>Th&agrave;nh phố 18h -&nbsp;</em>cho biết sau bốn ng&agrave;y k&ecirc;u gọi qua livestream, c&oacute; 300 em được mạnh thường qu&acirc;n gi&uacute;p học ph&iacute;.</p>\r\n<p class=\"Normal\">Trước đ&oacute;, hoa hậu H\'Hen Ni&ecirc; cũng trao 30 triệu đồng học ph&iacute; cho&nbsp;<a href=\"https://vnexpress.net/h-hen-nie-trao-tien-cho-cau-be-mat-me-vi-covid-19-4341356.html\" target=\"_blank\" rel=\"dofollow noopener\">Huỳnh Tấn Ph&aacute;t</a> - học sinh c&oacute; mẹ mất v&igrave; Covid-19, bố thất nghiệp lại đang điều trị ở bệnh viện d&atilde; chiến.</p>\r\n</article>\r\n<p>&gt;</p>', 1, 0, '', 4);
INSERT INTO `posts` VALUES (32, 7, 1, 9, 'Châu Tinh Trì hẹn hò cô gái 17 tuổi', '2021-08-18 11:09:10', NULL, '\"Vua hài\" Châu Tinh Trì theo đuổi Trương Hiểu Kỳ, thí sinh hoa hậu 17 tuổi. ', '<p>\"Vua h&agrave;i\" Ch&acirc;u Tinh Tr&igrave; theo đuổi Trương Hiểu Kỳ, th&iacute; sinh hoa hậu 17 tuổi.</p>\r\n<article class=\"fck_detail \">\r\n<p class=\"Normal\">Theo trang&nbsp;<em>Stheadline</em>&nbsp;tối 16/8, Ch&acirc;u Tinh Tr&igrave; quen Hiểu Kỳ hồi th&aacute;ng 6, tại một buổi tiệc tr&ecirc;n du thuyền. &Ocirc;ng chủ động bắt chuyện với c&ocirc;, hẹn c&ocirc; c&ugrave;ng ra biển chơi trượt nước. Hai th&aacute;ng qua, hầu như mỗi tuần họ đều đi chơi c&ugrave;ng nhau.</p>\r\n<div>\r\n<figure class=\"item_slide_show clearfix\">\r\n<figcaption class=\"desc_cation\">\r\n<div class=\"inner_caption\">\r\n<p class=\"Image\">&nbsp;</p>\r\n</div>\r\n</figcaption>\r\n</figure>\r\n</div>\r\n<p class=\"Normal\">Tuần trước, Ch&acirc;u Tinh Tr&igrave; mời Hiểu Kỳ v&agrave; hai bạn g&aacute;i của c&ocirc; l&ecirc;n du thuyền trị gi&aacute; hơn 100 triệu HKD (12,8 triệu USD) của &ocirc;ng. Khi Hiểu Kỳ trượt nước, Ch&acirc;u Tinh Tr&igrave; chụp ảnh, quay video cho c&ocirc;. Tới tối, &ocirc;ng mời c&aacute;c c&ocirc; g&aacute;i d&ugrave;ng bữa.</p>\r\n<figure class=\"tplCaption action_thumb_added\" data-size=\"true\">\r\n<div class=\"fig-picture\"><picture data-inimage=\"done\"><source srcset=\"https://i1-giaitri.vnecdn.net/2021/08/17/chau-5-5842-1629164844.jpg?w=680&amp;h=0&amp;q=100&amp;dpr=1&amp;fit=crop&amp;s=Zog2IlpC60UTDy_wUWV7kA 1x, https://i1-giaitri.vnecdn.net/2021/08/17/chau-5-5842-1629164844.jpg?w=1020&amp;h=0&amp;q=100&amp;dpr=1&amp;fit=crop&amp;s=StlJlw0VsjpTZR6lFOrBog 1.5x, https://i1-giaitri.vnecdn.net/2021/08/17/chau-5-5842-1629164844.jpg?w=680&amp;h=0&amp;q=100&amp;dpr=2&amp;fit=crop&amp;s=aXtoAmBzIdtrYV-7L3p70w 2x\" data-srcset=\"https://i1-giaitri.vnecdn.net/2021/08/17/chau-5-5842-1629164844.jpg?w=680&amp;h=0&amp;q=100&amp;dpr=1&amp;fit=crop&amp;s=Zog2IlpC60UTDy_wUWV7kA 1x, https://i1-giaitri.vnecdn.net/2021/08/17/chau-5-5842-1629164844.jpg?w=1020&amp;h=0&amp;q=100&amp;dpr=1&amp;fit=crop&amp;s=StlJlw0VsjpTZR6lFOrBog 1.5x, https://i1-giaitri.vnecdn.net/2021/08/17/chau-5-5842-1629164844.jpg?w=680&amp;h=0&amp;q=100&amp;dpr=2&amp;fit=crop&amp;s=aXtoAmBzIdtrYV-7L3p70w 2x\" /><img class=\"lazy lazied\" src=\"https://i1-giaitri.vnecdn.net/2021/08/17/chau-5-5842-1629164844.jpg?w=680&amp;h=0&amp;q=100&amp;dpr=1&amp;fit=crop&amp;s=Zog2IlpC60UTDy_wUWV7kA\" alt=\"Mỗi lần đi chơi với Hiểu Kỳ, Ch&acirc;u Tinh Tr&igrave; đều che k&iacute;n mặt. Ảnh: Stheadline.\" width=\"100%\" height=\"auto\" loading=\"lazy\" data-src=\"https://i1-giaitri.vnecdn.net/2021/08/17/chau-5-5842-1629164844.jpg?w=680&amp;h=0&amp;q=100&amp;dpr=1&amp;fit=crop&amp;s=Zog2IlpC60UTDy_wUWV7kA\" data-ll-status=\"loaded\" /></picture>\r\n<div class=\"embed-container\">\r\n<div id=\"sis_inimage\" data-google-query-id=\"CKv-36S-ufICFQV1aAodeyAP9Q\">\r\n<div id=\"google_ads_iframe_/27973503/Vnexpress/Desktop/Inimage/Giaitri/Giaitri.gioisao.detail_0__container__\"><iframe id=\"google_ads_iframe_/27973503/Vnexpress/Desktop/Inimage/Giaitri/Giaitri.gioisao.detail_0\" title=\"3rd party ad content\" name=\"google_ads_iframe_/27973503/Vnexpress/Desktop/Inimage/Giaitri/Giaitri.gioisao.detail_0\" width=\"1\" height=\"1\" frameborder=\"0\" marginwidth=\"0\" marginheight=\"0\" scrolling=\"no\" data-google-container-id=\"4\" data-load-complete=\"true\" data-mce-fragment=\"1\"></iframe></div>\r\n</div>\r\n</div>\r\n</div>\r\n<figcaption>\r\n<p class=\"Image\">Mỗi lần đi chơi với Hiểu Kỳ, Ch&acirc;u Tinh Tr&igrave; đều che k&iacute;n mặt. Ảnh:&nbsp;<em>Stheadline.</em></p>\r\n</figcaption>\r\n</figure>\r\n<p class=\"Normal\">Nguồn tin cho biết Ch&acirc;u Tinh Tr&igrave; dặn d&ograve; Trương Hiểu Kỳ kh&ocirc;ng quay video, chụp ảnh &ocirc;ng mỗi lần hẹn h&ograve;. Khi muốn li&ecirc;n lạc, diễn vi&ecirc;n chỉ gọi cho c&ocirc; qua Weixin (ứng dụng nhắn tin, truyền th&ocirc;ng x&atilde; hội), tr&aacute;nh lưu lại tin nhắn.</p>\r\n<p class=\"Normal\">Tuy nhi&ecirc;n, tr&ecirc;n Sina, Trần Trấn Vũ - trợ l&yacute; của Ch&acirc;u Tinh Tr&igrave; - n&oacute;i ph&iacute;a Trương Hiều Kỳ cố t&igrave;nh g&acirc;y sự ch&uacute; &yacute; để nổi tiếng. \"Mấy h&ocirc;m trước c&ocirc; ấy chủ động t&igrave;m Ch&acirc;u Tinh Tr&igrave; đi lướt s&oacute;ng nhưng &ocirc;ng ấy kh&ocirc;ng để t&acirc;m, kh&ocirc;ng trả lời c&ocirc; ấy\", trợ l&yacute; n&oacute;i. T&agrave;i tử 59 tuổi chưa phản hồi mối quan hệ với Trương Hiểu Kỳ. C&ocirc; thi Miss Hong Kong 2021 nhưng kh&ocirc;ng được v&agrave;o v&ograve;ng chung kết. Theo&nbsp;<em>HK01</em>, gia đ&igrave;nh Trương Hiểu Kỳ gi&agrave;u c&oacute;.</p>\r\n<figure class=\"tplCaption action_thumb_added\" data-size=\"true\">\r\n<div class=\"fig-picture\"><picture><source srcset=\"https://i1-giaitri.vnecdn.net/2021/08/17/hieu-ky-9782-1629164844.jpg?w=680&amp;h=0&amp;q=100&amp;dpr=1&amp;fit=crop&amp;s=-lUzew4dpDwjgj3OQPSdrQ 1x, https://i1-giaitri.vnecdn.net/2021/08/17/hieu-ky-9782-1629164844.jpg?w=1020&amp;h=0&amp;q=100&amp;dpr=1&amp;fit=crop&amp;s=8TD2Y_Cju-3Zk_BONLYHvw 1.5x, https://i1-giaitri.vnecdn.net/2021/08/17/hieu-ky-9782-1629164844.jpg?w=680&amp;h=0&amp;q=100&amp;dpr=2&amp;fit=crop&amp;s=tqd6jvTyHSAdrEjorSkxiQ 2x\" data-srcset=\"https://i1-giaitri.vnecdn.net/2021/08/17/hieu-ky-9782-1629164844.jpg?w=680&amp;h=0&amp;q=100&amp;dpr=1&amp;fit=crop&amp;s=-lUzew4dpDwjgj3OQPSdrQ 1x, https://i1-giaitri.vnecdn.net/2021/08/17/hieu-ky-9782-1629164844.jpg?w=1020&amp;h=0&amp;q=100&amp;dpr=1&amp;fit=crop&amp;s=8TD2Y_Cju-3Zk_BONLYHvw 1.5x, https://i1-giaitri.vnecdn.net/2021/08/17/hieu-ky-9782-1629164844.jpg?w=680&amp;h=0&amp;q=100&amp;dpr=2&amp;fit=crop&amp;s=tqd6jvTyHSAdrEjorSkxiQ 2x\" /><img class=\"lazy lazied\" src=\"https://i1-giaitri.vnecdn.net/2021/08/17/hieu-ky-9782-1629164844.jpg?w=680&amp;h=0&amp;q=100&amp;dpr=1&amp;fit=crop&amp;s=-lUzew4dpDwjgj3OQPSdrQ\" alt=\"Trương Hiểu Kỳ được nhiều kh&aacute;n giả ch&uacute; &yacute; sau khi lộ ảnh đi chơi với Vua h&agrave;i. Ảnh: Instagram/Ukei.\" width=\"100%\" height=\"auto\" loading=\"lazy\" data-src=\"https://i1-giaitri.vnecdn.net/2021/08/17/hieu-ky-9782-1629164844.jpg?w=680&amp;h=0&amp;q=100&amp;dpr=1&amp;fit=crop&amp;s=-lUzew4dpDwjgj3OQPSdrQ\" data-ll-status=\"loaded\" /></picture></div>\r\n<figcaption>\r\n<p class=\"Image\">Trương Hiểu Kỳ được nhiều kh&aacute;n giả ch&uacute; &yacute; sau khi lộ ảnh đi chơi với \"Vua h&agrave;i\". Ảnh:&nbsp;<em>Instagram/Ukei.</em></p>\r\n</figcaption>\r\n</figure>\r\n<p class=\"Normal\">Ch&acirc;u Tinh Tr&igrave; trải qua mối t&igrave;nh với c&aacute;c diễn vi&ecirc;n Chu Nh&acirc;n, Mạc Văn &Uacute;y. Năm 1998, &ocirc;ng y&ecirc;u người l&agrave;m ngo&agrave;i ng&agrave;nh giải tr&iacute; - Vu Văn Phượng, mối t&igrave;nh tan vỡ năm 2010, Văn Phượng kiện Ch&acirc;u Tinh Tr&igrave; quỵt tiền của c&ocirc;. Cuối năm ngo&aacute;i, &ocirc;ng được tuy&ecirc;n&nbsp;<a href=\"https://vnexpress.net/chau-tinh-tri-thang-kien-4210801.html\" target=\"_blank\" rel=\"dofollow noopener\">thắng kiện</a>. Hơn 10 năm qua, Ch&acirc;u Tinh Tr&igrave; kh&ocirc;ng c&ocirc;ng khai bạn g&aacute;i, cũng hiếm khi được tr&ocirc;ng thấy xuất hiện c&ugrave;ng bạn kh&aacute;c giới.</p>\r\n<p class=\"Normal\">Ch&acirc;u Tinh Tr&igrave; xuất th&acirc;n ngh&egrave;o kh&oacute;, gia nhập l&agrave;ng giải tr&iacute; đầu thập ni&ecirc;n 1980. Tr&ecirc;n&nbsp;<em>Sina,</em>&nbsp;&ocirc;ng từng tự nhận kh&ocirc;ng đẹp trai, chiều cao kh&ocirc;ng nổi bật, v&igrave; thế trải qua gần t&aacute;m năm chuy&ecirc;n đ&oacute;ng vai phụ, vai nhỏ trong c&aacute;c phim truyền h&igrave;nh của TVB. Năm 1988, &ocirc;ng đ&oacute;ng phim điện ảnh đầu ti&ecirc;n -&nbsp;<em>Ph&aacute;n x&eacute;t cuối c&ugrave;ng</em>, đoạt danh hiệu \"Nam diễn vi&ecirc;n phụ xuất sắc\" tại giải Kim M&atilde;. Từ đ&oacute;, c&aacute;c nh&agrave; l&agrave;m phim bắt đầu nh&igrave;n nhận lại diễn vi&ecirc;n, cho &ocirc;ng cơ hội đ&oacute;ng vai quan trọng. Từ thập ni&ecirc;n 1990, &ocirc;ng nổi tiếng với nhiều phim h&agrave;i như&nbsp;<em>Th&aacute;nh B&agrave;i, Th&aacute;nh hiệp, Hỷ kịch chi vương, Đội b&oacute;ng Thiếu L&acirc;m, Tuyệt đỉnh Kungfu...</em>&nbsp;Sau&nbsp;<em>Si&ecirc;u khuyển thần th&ocirc;ng</em>&nbsp;năm 2008, Ch&acirc;u Tinh Tr&igrave; ngừng diễn xuất, chuy&ecirc;n t&acirc;m l&agrave;m đạo diễn.</p>\r\n</article>\r\n<p>&gt;</p>', 1, 1, '', 5);

-- ----------------------------
-- Table structure for products
-- ----------------------------
DROP TABLE IF EXISTS `products`;
CREATE TABLE `products`  (
  `ProID` int UNSIGNED NOT NULL AUTO_INCREMENT,
  `ProName` varchar(50) CHARACTER SET utf8 COLLATE utf8_unicode_ci NOT NULL,
  `TinyDes` varchar(100) CHARACTER SET utf8 COLLATE utf8_unicode_ci NOT NULL,
  `FullDes` text CHARACTER SET utf8 COLLATE utf8_unicode_ci NOT NULL,
  `Price` int NOT NULL,
  `CatIDLv1` int NOT NULL,
  `CatIDLv2` int NOT NULL,
  `Quantity` int NOT NULL,
  PRIMARY KEY (`ProID`) USING BTREE,
  FULLTEXT INDEX `ProName_2`(`ProName`, `TinyDes`),
  FULLTEXT INDEX `ProName`(`ProName`, `TinyDes`, `FullDes`)
) ENGINE = MyISAM AUTO_INCREMENT = 31 CHARACTER SET = utf8 COLLATE = utf8_unicode_ci ROW_FORMAT = DYNAMIC;

-- ----------------------------
-- Records of products
-- ----------------------------
INSERT INTO `products` VALUES (1, 'Freshwater Cultured Pearl', 'Freshwater Cultured Pearl, Citrine, Peridot & Amethyst Bracelet, 7.5\"', '<UL>\r\n    <LI>Metal stamp: 14k </LI>\r\n    <LI>Metal: yellow-ld</LI>\r\n    <LI>Material Type: amethyst, citrine, ld, pearl, peridot</LI>\r\n    <LI>Gem Type: citrine, peridot, amethyst</LI>\r\n    <LI>Length: 7.5 inches</LI>\r\n    <LI>Clasp Type: filigree-box</LI>\r\n    <LI>Total metal weight: 0.6 Grams</LI>\r\n</UL>\r\n<STRONG>Pearl Information</STRONG><BR>\r\n<UL>\r\n    <LI>Pearl type: freshwater-cultured</LI>\r\n</UL>\r\n<STRONG>Packaging Information</STRONG><BR>\r\n<UL>\r\n    <LI>Package: Regal Blue Sueded-Cloth Pouch</LI>\r\n</UL>', 1500000, 6, 1, 83);
INSERT INTO `products` VALUES (2, 'Pink Sapphire Sterling Silver', '14 1/2 Carat Created Pink Sapphire Sterling Silver Bracelet w/ Diamond Accents', '<P><STRONG>Jewelry Information</STRONG></P>\r\n<UL>\r\n    <LI>Loại hàng: Hàng trong nước</LI>\r\n</UL>\r\n', 300000, 6, 2, 64);
INSERT INTO `products` VALUES (3, 'Torrini KC241', 'Nhẫn kim cương - vẻ đẹp kiêu sa', '<P>Không chỉ có kiểu dáng truyền thống chỉ có một hạt kim cương ở giữa, các nhà thiết kế đã tạo những những chiếc nhẫn vô cùng độc đáo và tinh tế. Tuy nhiên, giá của đồ trang sức này thì chỉ có dân chơi mới có thể kham được.</P>\r\n<UL>\r\n    <LI>Kiểu sản phẩm: Nhẫn nữ</LI>\r\n    <LI>Loại đá: To paz</LI>\r\n    <LI>Chất liệu: kim cương, nguyên liệu và công nghệ Italy...</LI>\r\n    <LI>Đơn giá: 2,110,250 VND / Chiếc</LI>\r\n</UL>\r\n', 1600000000, 6, 1, 86);
INSERT INTO `products` VALUES (4, 'Torrini KC242', 'tinh xảo và sang trọng', '<P>Để sở hữu một chiếc nhẫn kim cương lấp lánh trên tay, bạn phải là người chịu chi và sành điệu.<BR>\r\nVới sự kết hợp khéo léo và độc đáo giữa kim cương và Saphia, Ruby... những chiếc nhẫn càng trở nên giá trị.</P>\r\n<UL>\r\n    <LI>Kiểu sản phẩm: Nhẫn nam</LI>\r\n    <LI>Loại đá: To paz</LI>\r\n    <LI>Chất liệu: Vàng tây 24K, nguyên liệu và công nghệ Italy...</LI>\r\n</UL>\r\n', 42000000, 6, 2, 63);
INSERT INTO `products` VALUES (5, 'Nokia 7610', 'Độ phân giải cao, màn hình màu, chụp ảnh xuất sắc.', '<UL>\r\n    <LI>Máy ảnh có độ phân giải 1 megapixel</LI>\r\n    <LI>Màn hình 65.536 màu, rộng 2,1 inch, 176 X 208 pixel với đồ họa sắc nét, độ phân giải cao</LI>\r\n    <LI>Quay phim video lên đến 10 phút với hình ảnh sắc nét hơn</LI>\r\n    <LI>Kinh nghiệm đa phương tiện được tăng cường</LI>\r\n    <LI>Streaming video &amp; âm thanh với RealOne Player (hỗ trợ các dạng thức MP3/AAC).</LI>\r\n    <LI>Nâng cấp cho những đoạn phim cá nhân của bạn bằng các tính năng chỉnh sửa tự động thông minh</LI>\r\n    <LI>In ảnh chất lượng cao từ nhà, văn phòng, kios và qua mạng</LI>\r\n    <LI>Dễ dàng kết nối vớI máy PC để lưu trữ và chia sẻ (bằng cáp USB, PopPort, công nghệ Bluetooth)</LI>\r\n    <LI>48 nhạc chuông đa âm sắc, True tones. Mạng GSM 900 / GSM 1800 / GSM 1900</LI>\r\n    <LI>Kích thước 109 x 53 x 19 mm, 93 cc</LI>\r\n    <LI>Trọng lượng 118 g</LI>\r\n    <LI>Hiển thị: Loại TFT, 65.536 màu</LI>\r\n    <LI>Kích cở: 176 x 208 pixels </LI>\r\n</UL>\r\n', 2900000, 2, 3, 0);
INSERT INTO `products` VALUES (6, 'Áo thun nữ', 'Màu sắc tươi tắn, kiểu dáng trẻ trung', '<UL>\r\n    <LI>Loại hàng: Hàng trong nước</LI>\r\n    <LI>Xuất xứ: Tp Hồ Chí Minh</LI>\r\n</UL>\r\n', 180000, 4, 2, 62);
INSERT INTO `products` VALUES (7, 'Simen AP75', 'Thiết kế tinh xảo, hiện đại', '<UL>\r\n    <LI>Hình ảnh hoàn hảo, rõ nét ở mọi góc màn hình</LI>\r\n    <LI>Giảm thiểu sự phản chiếu ánh sáng</LI>\r\n    <LI>Menu hiển thị tiếng Việt</LI>\r\n    <LI>Hệ thống hình ảnh thông minh</LI>\r\n    <LI>Âm thanh Hifi Stereo mạnh mẽ</LI>\r\n    <LI>Hệ thống âm lượng thông minh</LI>\r\n    <LI>Bộ nhớ 100 chương trình</LI>\r\n    <LI>Chọn kênh ưa thích</LI>\r\n    <LI>Các kiểu sắp đặt sẵn hình ảnh / âm thanh</LI>\r\n    <LI>Kích thước (rộng x cao x dày): 497 x 458 x 487mm</LI>\r\n    <LI>Trọng lượng: 25kg</LI>\r\n    <LI>Màu: vàng, xanh, bạc </LI>\r\n</UL>\r\n', 2800000, 2, 1, 15);
INSERT INTO `products` VALUES (8, 'Áo bé trai', 'Hóm hỉnh dễ thương', '<UL>\r\n    <LI>Quần áo bé trai</LI>\r\n    <LI>Loại hàng: Hàng trong nước</LI>\r\n    <LI>Xuất xứ: Tp Hồ Chí Minh</LI>\r\n</UL>\r\n', 270000, 4, 2, 74);
INSERT INTO `products` VALUES (9, 'Bông tai nạm hạt rubby', 'Trẻ trung và quý phái', '<UL>\r\n    <LI>Tên sản phẩm: Bông tai nạm hạt rubby</LI>\r\n    <LI>Đóng nhãn hiệu: Torrini</LI>\r\n    <LI>Nguồn gốc, xuất xứ: Italy</LI>\r\n    <LI>Hình thức thanh toán: L/C T/T M/T CASH</LI>\r\n    <LI>Thời gian giao hàng: trong vòng 3 ngày kể từ ngày mua</LI>\r\n    <LI>Chất lượng/chứng chỉ: od</LI>\r\n</UL>\r\n', 2400000, 6, 3, 43);
INSERT INTO `products` VALUES (10, 'Đầm dạ hội ánh kim', 'Đủ màu sắc - kiểu dáng', '<UL>\r\n    <LI>Màu sắc: Khuynh hướng ánh kim có thể thể hiện trên vàng, bạc, đỏ tía, xanh biển, vàng tím, trắng và đen.</LI>\r\n    <LI>Một số biến tấu mang tính vui nhộn là vàng chanh, màu hoa vân anh và ngọc lam; trong đó hoàng kim và nhũ bạc khá phổ biến.</LI>\r\n    <LI>Phong cách: Diềm đăng ten, rủ xuống theo chiều thẳng đứng, nhiều lớp, cổ chẻ sâu, eo chít cao tới ngực... được biến tấu tùy theo mỗi nhà thiết kế.</LI>\r\n</UL>\r\n', 2800000, 4, 1, 80);
INSERT INTO `products` VALUES (11, 'Dây chuyền ánh bạc', 'Kiểu dáng mới lạ', '<UL>\r\n    <LI>Chất liệu chính: Bạc</LI>\r\n    <LI>Màu sắc: Bạc</LI>\r\n    <LI>Chất lượng: Mới</LI>\r\n    <LI>Phí vận chuyển: Liên hệ</LI>\r\n    <LI>Giá bán có thể thay đổi tùy theo trọng lượng và giá vàng của từng thời điểm.</LI>\r\n</UL>\r\n', 250000, 6, 2, 88);
INSERT INTO `products` VALUES (12, 'Đồ bộ bé gái', 'Đủ màu sắc - kiểu dáng', '<UL>\r\n    <LI>Màu sắc: đỏ tía, xanh biển, vàng tím, trắng và đen.</LI>\r\n    <LI>Xuất xứ: Tp. Hồ Chí Minh</LI>\r\n    <LI>Chất liệu: cotton</LI>\r\n    <LI>Loại hàng: hàng trong nước</LI>\r\n</UL>\r\n', 120000, 4, 1, 61);
INSERT INTO `products` VALUES (13, 'Đầm dạ hội Xinh Xinh', 'Đơn giản nhưng quý phái', '<P>Những đường cong tuyệt đẹp sẽ càng được phô bày khi diện các thiết kế này.</P>\r\n<UL>\r\n    <LI>Nét cắt táo bạo ở ngực giúp bạn gái thêm phần quyến rũ, ngay cả khi không có trang&nbsp; sức nào trên người.</LI>\r\n    <LI>Đầm hai dây thật điệu đà với nơ xinh trước ngực nhưng trông bạn vẫn toát lên vẻ tinh nghịch và bụi bặm nhờ thiết kế đầm bí độc đáo cùng sắc màu sẫm.</LI>\r\n    <LI>Hãng sản xuất: NEM</LI>\r\n    <LI>Kích cỡ : Tất cả các kích cỡ</LI>\r\n    <LI>Kiểu dáng : Quây/Ống</LI>\r\n    <LI>Chất liệu : Satin</LI>\r\n    <LI>Màu : đen, đỏ</LI>\r\n    <LI>Xuất xứ : Việt Nam</LI>\r\n</UL>\r\n', 2600000, 4, 2, 92);
INSERT INTO `products` VALUES (14, 'Đầm dạ hội NEM', 'Táo bạo và quyến rũ', '<P>Những đường cong tuyệt đẹp sẽ càng được phô bày khi diện các thiết kế này.</P>\r\n<UL>\r\n    <LI>Nét cắt táo bạo ở ngực giúp bạn gái thêm phần quyến rũ, ngay cả khi không có trang&nbsp; sức nào trên người.</LI>\r\n    <LI>Đầm hai dây thật điệu đà với nơ xinh trước ngực nhưng trông bạn vẫn toát lên vẻ tinh nghịch và bụi bặm nhờ thiết kế đầm bí độc đáo cùng sắc màu sẫm.</LI>\r\n    <LI>Hãng sản xuất: NEM</LI>\r\n    <LI>Kích cỡ : Tất cả các kích cỡ</LI>\r\n    <LI>Kiểu dáng : Quây/Ống</LI>\r\n    <LI>Chất liệu : Satin</LI>\r\n    <LI>Màu : đen, đỏ</LI>\r\n    <LI>Xuất xứ : Việt Nam</LI>\r\n</UL>\r\n', 1200000, 4, 1, 0);
INSERT INTO `products` VALUES (15, 'Dây chuyền đá quý', 'Kết hợp vàng trắng và đá quý', '<UL>\r\n    <LI>Kiểu sản phẩm: Dây chuyền</LI>\r\n    <LI>Chất liệu: Vàng trắng 14K và đá quý, nguyên liệu và công nghệ Italy...</LI>\r\n    <LI>Trọng lượng chất liệu: 1.1 Chỉ </LI>\r\n</UL>\r\n', 1925000, 6, 2, 22);
INSERT INTO `products` VALUES (16, 'Nokia N72', 'Sành điệu cùng N72', '<UL>\r\n    <LI>Camera mega pixel : 2 mega pixel</LI>\r\n    <LI>Bộ nhớ trong : 16 - 31 mb</LI>\r\n    <LI>Chức năng : quay phim, ghi âm, nghe đài FM</LI>\r\n    <LI>Hỗ trợ: Bluetooth, thẻ nhớ nài, nhạc MP3 &lt;br/&gt;</LI>\r\n    <LI>Trọng lượng (g) : 124g</LI>\r\n    <LI>Kích thước (mm) : 109 x 53 x 21.8 mm</LI>\r\n    <LI>Ngôn ngữ : Có tiếng việt</LI>\r\n    <LI>Hệ điều hành: Symbian OS 8.1</LI>\r\n</UL>\r\n', 3200000, 2, 1, 81);
INSERT INTO `products` VALUES (17, 'Mặt dây chuyền Ruby', 'Toả sáng cùng Ruby', '<UL>\r\n    <LI>Kiểu sản phẩm:&nbsp; Mặt dây</LI>\r\n    <LI>Chất liệu: Vàng trắng 14K, nguyên liệu và công nghệ Italy...</LI>\r\n    <LI>Trọng lượng chất liệu: 0.32 Chỉ</LI>\r\n</UL>\r\n', 1820000, 6, 2, 33);
INSERT INTO `products` VALUES (18, '1/2 Carat Pink Sapphire Silver', 'Created Pink Sapphire', '<UL>\r\n    <LI>Brand Name: Ice.com</LI>\r\n    <LI>Material Type: sterling-silver, created-sapphire, diamond</LI>\r\n    <LI>Gem Type: created-sapphire, Diamond</LI>\r\n    <LI>Minimum total gem weight: 14.47 carats</LI>\r\n    <LI>Total metal weight: 15 Grams</LI>\r\n    <LI>Number of stones: 28</LI>\r\n    <LI>Created-sapphire Information</LI>\r\n    <LI>Minimum color: Not Available</LI>\r\n</UL>\r\n', 3400000, 6, 1, 10);
INSERT INTO `products` VALUES (19, 'Netaya', 'Dây chuyền vàng trắng', '<UL>\r\n    <LI>Kiểu sản phẩm:&nbsp; Dây chuyền</LI>\r\n    <LI>Chất liệu: Vàng tây 18K, nguyên liệu và công nghệ Italy...</LI>\r\n    <LI>Trọng lượng chất liệu: 1 Chỉ</LI>\r\n</UL>\r\n', 1820000, 6, 2, 17);
INSERT INTO `products` VALUES (20, 'Giày nam GN16', 'Êm - đẹp - bề', '<UL>\r\n    <LI>Loại hàng: Hàng trong nước</LI>\r\n    <LI>Xuất xứ: Tp Hồ Chí Minh</LI>\r\n    <LI>Giá: 300 000 VNĐ</LI>\r\n</UL>\r\n', 540000, 4, 1, 0);
INSERT INTO `products` VALUES (21, 'G3.370A', 'Đen bóng, sang trọng', '<UL>\r\n    <LI>Loại hàng: Hàng trong nước</LI>\r\n    <LI>Xuất xứ: Tp Hồ Chí Minh</LI>\r\n</UL>\r\n', 300000, 4, 2, 74);
INSERT INTO `products` VALUES (22, 'Giày nữ GN1', 'Kiểu dáng thanh thoát', '<UL>\r\n    <LI>Loại hàng: Hàng trong nước</LI>\r\n    <LI>Xuất xứ: Tp Hồ Chí Minh</LI>\r\n</UL>\r\n', 290000, 4, 1, 30);
INSERT INTO `products` VALUES (23, 'NV002', 'Kiểu dáng độc đáo', '<P><STRONG>Thông tin sản phẩm</STRONG></P>\r\n<UL>\r\n    <LI>Mã sản phẩm: NV002</LI>\r\n    <LI>Trọng lượng: 2 chỉ</LI>\r\n    <LI>Vật liệu chính: Vàng 24K</LI>\r\n</UL>\r\n', 3600000, 6, 2, 5);
INSERT INTO `products` VALUES (24, 'NV009', 'Sáng chói - mới lạ', '<P><STRONG>Thông tin sản phẩm</STRONG></P>\r\n<UL>\r\n    <LI>Mã sản phẩm: NV005</LI>\r\n    <LI>Trọng lượng: 1 cây</LI>\r\n    <LI>Vật liệu chính: Vàng 24K</LI>\r\n</UL>\r\n', 14900000, 6, 1, 22);
INSERT INTO `products` VALUES (25, 'CK010', 'Độc đáo, sang trọng', '<UL>\r\n    <LI>Kiểu dáng nam tính và độc đáo, những thiết kế dưới đây đáp ứng được mọi yêu cần khó tính nhất của người sở hữu.</LI>\r\n    <LI>Những hạt kim cương sẽ giúp người đeo nó tăng thêm phần sành điệu</LI>\r\n    <LI>Không chỉ có kiểu dáng truyền thống chỉ có một hạt kim cương ở giữa, các nhà thiết kế đã tạo những những chiếc nhẫn vô cùng độc đáo và tinh tế.</LI>\r\n    <LI>Tuy nhiên, giá của đồ trang sức này thì chỉ có dân chơi mới có thể kham được</LI>\r\n</UL>\r\n', 2147483647, 6, 2, 52);
INSERT INTO `products` VALUES (26, 'CK009', 'Nữ tính - đầy quí phái', '<UL>\r\n    <LI>Để sở hữu một chiếc nhẫn kim cương lấp lánh trên tay, bạn phải là người chịu chi và sành điệu.</LI>\r\n    <LI>Với sự kết hợp khéo léo và độc đáo giữa kim cương và Saphia, Ruby... những chiếc nhẫn càng trở nên giá trị</LI>\r\n    <LI>Nhà sản xuất: Torrini</LI>\r\n</UL>\r\n<P>Cái này rất phù hợp cho bạn khi tặng nàng</P>\r\n', 1850000000, 6, 1, 11);
INSERT INTO `products` VALUES (27, 'CK007', 'Sự kết hợp khéo léo, độc đáo', '<UL>\r\n    <LI>Để sở hữu một chiếc nhẫn kim cương lấp lánh trên tay, bạn phải là người chịu chi và sành điệu.</LI>\r\n    <LI>Với sự kết hợp khéo léo và độc đáo giữa kim cương và Saphia, Ruby... những chiếc nhẫn càng trở nên giá trị</LI>\r\n    <LI>Nhà sản xuất: Torrini</LI>\r\n</UL>\r\n<P>Cái này rất phù hợp cho bạn khi tặng nàng</P>\r\n', 2147483647, 6, 2, 28);
INSERT INTO `products` VALUES (28, 'CK005', 'Tinh xảo - sang trọng', '<UL>\r\n    <LI>Kim cương luôn là đồ trang sức thể hiện đẳng cấp của người sử dụng.</LI>\r\n    <LI>Không phải nói nhiều về những kiểu nhẫn dưới đây, chỉ có thể gói gọn trong cụm từ: tinh xảo và sang trọng</LI>\r\n    <LI>Thông tin nhà sản xuất: Torrini</LI>\r\n    <LI>Thông tin chi tiết: Cái này rất phù hợp cho bạn khi tặng nàng</LI>\r\n</UL>\r\n', 1800000000, 6, 1, 29);
INSERT INTO `products` VALUES (29, 'NV01TT', 'Tinh tế đến không ngờ', '<UL>\r\n    <LI>Tinh xảo và sang trọng</LI>\r\n    <LI>Thông tin nhà sản xuất: Torrini</LI>\r\n    <LI>Không chỉ có kiểu dáng truyền thống chỉ có một hạt kim cương ở giữa, các nhà thiết kế đã tạo những những chiếc nhẫn vô cùng độc đáo và tinh tế.</LI>\r\n    <LI>Tuy nhiên, giá của đồ trang sức này thì chỉ có dân chơi mới có thể kham được</LI>\r\n</UL>\r\n', 500000000, 6, 2, 49);
INSERT INTO `products` VALUES (30, 'Motorola W377', 'Nữ tính - trẻ trung', '<UL>\r\n    <LI>General: 2G Network, GSM 900 / 1800 / 1900</LI>\r\n    <LI>Size:&nbsp; 99 x 45 x 18.6 mm, 73 cc</LI>\r\n    <LI>Weight: 95 g</LI>\r\n    <LI>Display: type TFT, 65K colors</LI>\r\n    <LI>Size: 128 x 160 pixels, 28 x 35 mm</LI>\r\n</UL>\r\n', 2400000, 2, 1, 0);

-- ----------------------------
-- Table structure for productstest
-- ----------------------------
DROP TABLE IF EXISTS `productstest`;
CREATE TABLE `productstest`  (
  `chuyenmuc1` varchar(255) CHARACTER SET utf8 COLLATE utf8_general_ci NOT NULL,
  `chuyenmuc2` varchar(255) CHARACTER SET utf8 COLLATE utf8_general_ci NOT NULL,
  `masanpham` varchar(255) CHARACTER SET utf8 COLLATE utf8_general_ci NOT NULL,
  `tensanpham` varchar(255) CHARACTER SET utf8 COLLATE utf8_general_ci NULL DEFAULT NULL,
  `tomtat` varchar(255) CHARACTER SET utf8 COLLATE utf8_general_ci NULL DEFAULT NULL,
  `daydu` varchar(255) CHARACTER SET utf8 COLLATE utf8_general_ci NULL DEFAULT NULL,
  `gia` varchar(255) CHARACTER SET utf8 COLLATE utf8_general_ci NULL DEFAULT NULL,
  PRIMARY KEY (`chuyenmuc1`, `chuyenmuc2`, `masanpham`) USING BTREE
) ENGINE = InnoDB CHARACTER SET = utf8 COLLATE = utf8_general_ci ROW_FORMAT = DYNAMIC;

-- ----------------------------
-- Records of productstest
-- ----------------------------
INSERT INTO `productstest` VALUES ('1', '1', '1', 'Nokia 7610', 'Độ phân giải cao, màn hình màu, chụp ảnh xuất sắc.', '<UL>\r\n    <LI>Máy ảnh có độ phân giải 1 megapixel</LI>\r\n    <LI>Màn hình 65.536 màu, rộng 2,1 inch, 176 X 208 pixel với đồ họa sắc nét, độ phân giải cao</LI>\r\n    <LI>Quay phim video lên đến 10 phút với hình ảnh sắc nét hơn</LI>\r\n    <LI>Kinh nghiệm đa ph', '2900000');
INSERT INTO `productstest` VALUES ('1', '1', '2', 'Simen AP75', 'Thiết kế tinh xảo, hiện đại', '<UL>\r\n    <LI>Hình ảnh hoàn hảo, rõ nét ở mọi góc màn hình</LI>\r\n    <LI>Giảm thiểu sự phản chiếu ánh sáng</LI>\r\n    <LI>Menu hiển thị tiếng Việt</LI>\r\n    <LI>Hệ thống hình ảnh thông minh</LI>\r\n    <LI>Âm thanh Hifi Stereo mạnh mẽ</LI>\r\n    <LI>Hệ thống ', '2800000');
INSERT INTO `productstest` VALUES ('1', '2', '1', 'Torrini KC241', 'Nhẫn kim cương - vẻ đẹp kiêu sa', '<P>Không chỉ có kiểu dáng truyền thống chỉ có một hạt kim cương ở giữa, các nhà thiết kế đã tạo những những chiếc nhẫn vô cùng độc đáo và tinh tế. Tuy nhiên, giá của đồ trang sức này thì chỉ có dân chơi mới có thể kham được.</P>\r\n<UL>\r\n    <LI>Kiểu sản ph', '1600000000');
INSERT INTO `productstest` VALUES ('1', '2', '2', 'Torrini KC242', 'tinh xảo và sang trọng', '<P>Để sở hữu một chiếc nhẫn kim cương lấp lánh trên tay, bạn phải là người chịu chi và sành điệu.<BR>\r\nVới sự kết hợp khéo léo và độc đáo giữa kim cương và Saphia, Ruby... những chiếc nhẫn càng trở nên giá trị.</P>\r\n<UL>\r\n    <LI>Kiểu sản phẩm: Nhẫn nam</', '42000000');

-- ----------------------------
-- Table structure for tags
-- ----------------------------
DROP TABLE IF EXISTS `tags`;
CREATE TABLE `tags`  (
  `TagID` int NOT NULL,
  `TagName` varchar(255) CHARACTER SET utf8 COLLATE utf8_general_ci NULL DEFAULT NULL,
  PRIMARY KEY (`TagID`) USING BTREE
) ENGINE = InnoDB CHARACTER SET = utf8 COLLATE = utf8_general_ci ROW_FORMAT = DYNAMIC;

-- ----------------------------
-- Records of tags
-- ----------------------------
INSERT INTO `tags` VALUES (1, 'Covid-19');
INSERT INTO `tags` VALUES (2, 'Giãn cách xã hội');
INSERT INTO `tags` VALUES (3, 'Việt Nam');
INSERT INTO `tags` VALUES (4, 'Lào');
INSERT INTO `tags` VALUES (5, 'Người lao động');
INSERT INTO `tags` VALUES (6, 'BOT');

-- ----------------------------
-- Table structure for tags_posts
-- ----------------------------
DROP TABLE IF EXISTS `tags_posts`;
CREATE TABLE `tags_posts`  (
  `TagID` int NOT NULL,
  `PostID` int NOT NULL,
  PRIMARY KEY (`TagID`, `PostID`) USING BTREE
) ENGINE = InnoDB CHARACTER SET = utf8 COLLATE = utf8_general_ci ROW_FORMAT = DYNAMIC;

-- ----------------------------
-- Records of tags_posts
-- ----------------------------
INSERT INTO `tags_posts` VALUES (1, 0);
INSERT INTO `tags_posts` VALUES (1, 1);
INSERT INTO `tags_posts` VALUES (1, 6);
INSERT INTO `tags_posts` VALUES (1, 21);
INSERT INTO `tags_posts` VALUES (1, 25);
INSERT INTO `tags_posts` VALUES (2, 0);
INSERT INTO `tags_posts` VALUES (2, 1);
INSERT INTO `tags_posts` VALUES (3, 0);
INSERT INTO `tags_posts` VALUES (3, 2);
INSERT INTO `tags_posts` VALUES (3, 10);
INSERT INTO `tags_posts` VALUES (3, 14);
INSERT INTO `tags_posts` VALUES (3, 15);
INSERT INTO `tags_posts` VALUES (3, 17);
INSERT INTO `tags_posts` VALUES (3, 18);
INSERT INTO `tags_posts` VALUES (3, 19);
INSERT INTO `tags_posts` VALUES (3, 20);
INSERT INTO `tags_posts` VALUES (3, 21);
INSERT INTO `tags_posts` VALUES (3, 22);
INSERT INTO `tags_posts` VALUES (3, 23);
INSERT INTO `tags_posts` VALUES (3, 24);
INSERT INTO `tags_posts` VALUES (3, 28);
INSERT INTO `tags_posts` VALUES (4, 2);
INSERT INTO `tags_posts` VALUES (5, 3);
INSERT INTO `tags_posts` VALUES (6, 5);
INSERT INTO `tags_posts` VALUES (6, 15);

-- ----------------------------
-- Table structure for userrefreshtokenext
-- ----------------------------
DROP TABLE IF EXISTS `userrefreshtokenext`;
CREATE TABLE `userrefreshtokenext`  (
  `ID` int NOT NULL,
  `refreshToken` varchar(255) CHARACTER SET utf8 COLLATE utf8_unicode_ci NOT NULL,
  `rdt` datetime(6) NOT NULL,
  PRIMARY KEY (`ID`) USING BTREE
) ENGINE = InnoDB CHARACTER SET = utf8 COLLATE = utf8_unicode_ci ROW_FORMAT = DYNAMIC;

-- ----------------------------
-- Records of userrefreshtokenext
-- ----------------------------

-- ----------------------------
-- Table structure for users
-- ----------------------------
DROP TABLE IF EXISTS `users`;
CREATE TABLE `users`  (
  `id` int NOT NULL AUTO_INCREMENT,
  `username` varchar(50) CHARACTER SET utf8 COLLATE utf8_unicode_ci NOT NULL,
  `password` varchar(255) CHARACTER SET utf8 COLLATE utf8_unicode_ci NOT NULL,
  `name` varchar(50) CHARACTER SET utf8 COLLATE utf8_unicode_ci NOT NULL,
  `email` varchar(50) CHARACTER SET utf8 COLLATE utf8_unicode_ci NOT NULL,
  `dob` date NOT NULL,
  `permission` int NOT NULL,
  `premium` datetime(0) NULL DEFAULT NULL,
  PRIMARY KEY (`id`) USING BTREE
) ENGINE = MyISAM AUTO_INCREMENT = 13 CHARACTER SET = utf8 COLLATE = utf8_unicode_ci ROW_FORMAT = DYNAMIC;

-- ----------------------------
-- Records of users
-- ----------------------------
INSERT INTO `users` VALUES (1, 'admin', '$2a$10$9YSjqcbr1LQ1S4LtcKUHce0uD9.LtvCJkbD9WKuNNXR8NQlq7jguK', 'Man ', 'Man@gmail.com', '2021-08-26', 3, '2021-08-19 09:54:00');
INSERT INTO `users` VALUES (2, '', '', 'Võ Ngọc Mẫn', 'vongocman461@gmail.com', '0000-00-00', 1, '0000-00-00 00:00:00');
INSERT INTO `users` VALUES (3, '1', '$2b$10$CUYcDJldpRZkXHOGHdSlC.Yw/SXDZ7QO10SgiCqzd3TlCmYMFQeZC', '1', '1@gmail.com', '2021-06-21', 2, '2021-08-19 11:42:00');
INSERT INTO `users` VALUES (4, '', '', 'Đào Thành Đạt', 'daodat2000@gmail.com', '0000-00-00', 0, NULL);
INSERT INTO `users` VALUES (5, 'tqbao', '$2b$10$byY838MaqdHv3mITCnzeIugpck4ZSNqMlPzSGKupEPxqshTfN3JJu', 'Trần Quốc Bảo Pro', 'qbao0603@gmail.com', '2000-03-06', 3, '0000-00-00 00:00:00');
INSERT INTO `users` VALUES (6, 'editor', '$2b$10$tIAF2hTo0wnMqiQQiwjVweQ5161zIGVZAvcPn2Z9PSWcWUf9IlvIK', 'editor', 'tqbao@gmail.com', '2021-08-12', 2, '0000-00-00 00:00:00');
INSERT INTO `users` VALUES (7, 'tqbao1', '$2b$10$PzMMn0ZNp1eZ1moNIC3UAeZMGGsAOluQGixGRGcvcmJ4ODSOxvRDm', 'Trần Quốc Bảo', 'qbao060300@gmail.com', '2021-08-15', 0, '0000-00-00 00:00:00');
INSERT INTO `users` VALUES (8, 'guest', '$2b$10$/CFbK7ELUPYjv.NRigKkYe/bEEiaT3ExOSusY/2hNkCPNhpHXRfim', 'guest_bao', 'guest@gmail.com', '2021-08-11', 0, '0000-00-00 00:00:00');
INSERT INTO `users` VALUES (9, 'writer', '$2b$10$zT3yuQy/FOJs0IHvy12d7eONoIMC13yLCSeu36tGEeGaFyfYj/14u', 'writer', 'writer@gmail.com', '2021-08-17', 1, '2021-08-18 00:00:00');
INSERT INTO `users` VALUES (10, 'abc', '$2b$10$0ycyHJ9v8GzC0wmDIonoBO1RLsxcXKx1y13Gr46XZIXK3ZLaL4NLK', '123', '123@gmail.com', '2021-08-18', 0, '2021-08-08 09:58:00');
INSERT INTO `users` VALUES (11, 'a', '$2b$10$7dot.UvKb.ZlSf8GhL7J.uS1X7mXiorLsyfBzhuVw9YlpdXvVA0xC', 'write', 'abc@gmail.com', '1111-11-11', 1, '2021-08-18 10:05:41');
INSERT INTO `users` VALUES (12, 'b', '$2b$10$D6ky5asn4/nHV.LSCq8S7OTLYdyU2lyiL5lN.Tjn9rF8jYPxzNxtO', 'b', 'abc@gmail.com', '1111-11-11', 2, '2021-08-18 00:00:00');

SET FOREIGN_KEY_CHECKS = 1;
